[3, 3, 3, 3, 3, 3]
Covers of type [3, 3, 3, 3, 3, 3] are ruled out by length tuple alone.
[3, 3, 3, 3, 3, 2]
['Infinite family:', [0, 1, 2], [0, 2, 1], [1, 0, 2], [1, 2, 0], [2, 0, 1], [0, 1]]
['Infinite family:', [0, 1, 2], [0, 2, 1], [1, 0, 2], [1, 2, 0], [2, 1, 0], [0, 1]]
['Infinite family:', [0, 1, 2], [0, 2, 1], [1, 0, 2], [1, 2, 0], [2, 0, 1], [1, 0]]
['Infinite family:', [0, 1, 2], [0, 2, 1], [1, 0, 2], [1, 2, 0], [2, 1, 0], [1, 0]]
['Infinite family:', [0, 1, 2], [0, 2, 1], [1, 0, 2], [2, 0, 1], [2, 1, 0], [0, 1]]
['Infinite family:', [0, 1, 2], [0, 2, 1], [1, 2, 0], [2, 0, 1], [2, 1, 0], [0, 1]]
['Infinite family:', [0, 1, 2], [0, 2, 1], [1, 0, 2], [2, 0, 1], [2, 1, 0], [1, 0]]
['Infinite family:', [0, 1, 2], [0, 2, 1], [1, 2, 0], [2, 0, 1], [2, 1, 0], [1, 0]]
['Infinite family:', [0, 1, 2], [1, 0, 2], [1, 2, 0], [2, 0, 1], [2, 1, 0], [0, 1]]
['Infinite family:', [0, 2, 1], [1, 0, 2], [1, 2, 0], [2, 0, 1], [2, 1, 0], [0, 1]]
['Infinite family:', [0, 1, 2], [1, 0, 2], [1, 2, 0], [2, 0, 1], [2, 1, 0], [1, 0]]
['Infinite family:', [0, 2, 1], [1, 0, 2], [1, 2, 0], [2, 0, 1], [2, 1, 0], [1, 0]]
[3, 3, 3, 3, 2, 2]
['Infinite family:', [0, 1, 2], [0, 2, 1], [1, 0, 2], [1, 2, 0], [0, 1], [1, 0]]
['Infinite family:', [0, 1, 2], [0, 2, 1], [1, 0, 2], [2, 0, 1], [0, 1], [1, 0]]
['Infinite family:', [0, 1, 2], [0, 2, 1], [1, 0, 2], [2, 1, 0], [0, 1], [1, 0]]
['Infinite family:', [0, 1, 2], [0, 2, 1], [1, 2, 0], [2, 0, 1], [0, 1], [1, 0]]
['Infinite family:', [0, 1, 2], [0, 2, 1], [1, 2, 0], [2, 1, 0], [0, 1], [1, 0]]
['Infinite family:', [0, 1, 2], [0, 2, 1], [2, 0, 1], [2, 1, 0], [0, 1], [1, 0]]
['Infinite family:', [0, 1, 2], [1, 0, 2], [1, 2, 0], [2, 0, 1], [0, 1], [1, 0]]
['Infinite family:', [0, 1, 2], [1, 0, 2], [1, 2, 0], [2, 1, 0], [0, 1], [1, 0]]
['Infinite family:', [0, 2, 1], [1, 0, 2], [1, 2, 0], [2, 0, 1], [0, 1], [1, 0]]
['Infinite family:', [0, 2, 1], [1, 0, 2], [1, 2, 0], [2, 1, 0], [0, 1], [1, 0]]
['Infinite family:', [0, 1, 2], [1, 0, 2], [2, 0, 1], [2, 1, 0], [0, 1], [1, 0]]
['Infinite family:', [0, 1, 2], [1, 2, 0], [2, 0, 1], [2, 1, 0], [0, 1], [1, 0]]
['Infinite family:', [0, 2, 1], [1, 0, 2], [2, 0, 1], [2, 1, 0], [0, 1], [1, 0]]
['Infinite family:', [0, 2, 1], [1, 2, 0], [2, 0, 1], [2, 1, 0], [0, 1], [1, 0]]
['Infinite family:', [1, 0, 2], [1, 2, 0], [2, 0, 1], [2, 1, 0], [0, 1], [1, 0]]
[4, 4, 4, 4, 4, 4]
Covers of type [4, 4, 4, 4, 4, 4] are ruled out by length tuple alone.
[4, 4, 4, 4, 4, 3]
-7*(1234) + 3*(1243) + 4*(1324) + 6*(1432) + 6*(4231) + 4*(213) 
-1*(1234) + 3*(1243) -2*(1324) + 6*(1432) + 6*(4321) + 4*(213) 
-4*(1234) + 9*(1243) + 4*(1324) + 9*(2134) + 6*(3412) + 4*(321) 
-1*(1234) + 4*(1324) + 6*(1432) + 9*(2143) + 6*(3214) + 4*(321) 
2*(1234) + 3*(1243) -2*(1324) + 3*(2134) -6*(4231) + 4*(321) 
-4*(1234) + 3*(1243) + 4*(1324) + 3*(2134) -6*(4321) + 4*(321) 
-8*(1234) -1*(1324) + 3*(1432) + 3*(3214) + 3*(4231) + 4*(123) 
-5*(1234) -4*(1324) + 3*(1432) + 3*(3214) + 3*(4321) + 4*(123) 
-3*(1234) + 3*(1243) + 6*(1432) + 2*(4231) + 4*(4321) + 4*(213) 
3*(1243) -3*(1324) + 6*(1432) -1*(4231) + 7*(4321) + 4*(213) 
5*(1243) + 4*(1324) + 5*(2134) + 4*(2143) + 6*(3412) + 4*(321) 
5*(1234) + 4*(1324) + 3*(2143) + 6*(2413) + 6*(3142) + 4*(321) 
5*(1243) -2*(1324) + 5*(2134) -2*(2143) -6*(4231) + 4*(321) 
-1*(1243) + 4*(1324) -1*(2134) + 4*(2143) -6*(4321) + 4*(321) 
-1*(1234) + 4*(1324) + 9*(2143) -6*(2341) -6*(4123) + 4*(321) 
5*(1234) + 4*(1324) + 9*(2413) + 9*(3142) -3*(3412) + 4*(321) 
4*(1324) + 5*(1432) + 9*(2143) + 5*(3214) + 1*(3412) + 4*(321) 
-6*(1234) + 1*(1243) + 1*(2134) + 4*(3412) + 4*(4231) + 4*(123) 
5*(1243) + 6*(1324) + 5*(2134) + 2*(3412) + 2*(4231) -4*(123) 
-9*(1234) + 4*(1432) + 1*(2143) + 4*(3214) + 4*(4231) + 4*(123) 
-3*(1243) -4*(1432) -1*(2143) + 2*(3214) + 2*(4231) + 4*(132) 
9*(1324) + 5*(1432) + 8*(2143) + 5*(3214) + 5*(4231) -4*(123) 
1*(1234) + 2*(1324) -3*(2341) -3*(3421) + 3*(4123) + 4*(231) 
4*(1234) -1*(1324) -3*(2431) -3*(3241) + 3*(4123) + 4*(231) 
4*(1234) + 2*(1324) + 6*(2341) + 3*(3412) -3*(4312) + 4*(312) 
3*(1234) + 2*(1432) + 5*(2143) + 2*(3214) -4*(4231) + 4*(321) 
3*(1324) + 5*(1432) + 8*(2143) + 5*(3214) -1*(4231) + 4*(321) 
8*(1234) -5*(1324) + 3*(2341) + 3*(4123) -9*(4231) + 4*(321) 
-1*(1234) + 4*(1324) + 3*(2341) + 3*(4123) -9*(4321) + 4*(321) 
-1*(1324) -5*(1432) -5*(3214) + 8*(3412) + 3*(4231) + 4*(123) 
-4*(1324) -2*(1432) -2*(3214) + 5*(3412) + 3*(4321) + 4*(123) 
-5*(1243) -5*(2134) + 6*(2143) + 4*(3412) + 4*(4231) + 4*(123) 
-5*(1234) -3*(2143) + 4*(2413) + 4*(3142) + 4*(4231) + 4*(123) 
-5*(1234) -3*(2143) + 4*(2431) + 4*(3142) + 4*(4213) + 4*(123) 
-4*(1324) -3*(2143) + 5*(2341) + 5*(3412) + 5*(4123) + 4*(123) 
-4*(1324) -3*(2143) + 5*(2413) + 5*(3142) + 5*(4321) + 4*(123) 
5*(1234) + 3*(2143) + 2*(2413) + 2*(3142) -4*(4231) + 4*(321) 
4*(1324) + 9*(2143) -5*(2341) + 1*(3412) -5*(4123) + 4*(321) 
4*(1324) + 3*(2143) + 1*(2413) + 1*(3142) -5*(4321) + 4*(321) 
['Infinite family:', [0, 1, 2, 3], [0, 2, 1, 3], [1, 0, 3, 2], [2, 3, 0, 1], [3, 1, 2, 0], [0, 1, 2]]
['Infinite family:', [0, 1, 2, 3], [0, 2, 1, 3], [1, 0, 3, 2], [2, 3, 0, 1], [3, 2, 1, 0], [0, 1, 2]]
['Infinite family:', [0, 1, 2, 3], [0, 2, 1, 3], [1, 0, 3, 2], [2, 3, 1, 0], [3, 2, 0, 1], [0, 1, 2]]
['Infinite family:', [0, 1, 2, 3], [0, 2, 1, 3], [1, 0, 3, 2], [2, 3, 0, 1], [3, 1, 2, 0], [2, 1, 0]]
['Infinite family:', [0, 1, 2, 3], [0, 2, 1, 3], [1, 0, 3, 2], [2, 3, 0, 1], [3, 2, 1, 0], [2, 1, 0]]
['Infinite family:', [0, 1, 2, 3], [0, 2, 1, 3], [1, 0, 3, 2], [3, 1, 2, 0], [3, 2, 1, 0], [2, 1, 0]]
['Infinite family:', [0, 1, 2, 3], [0, 2, 1, 3], [2, 3, 0, 1], [3, 1, 2, 0], [3, 2, 1, 0], [0, 1, 2]]
['Infinite family:', [0, 1, 2, 3], [1, 0, 3, 2], [2, 3, 0, 1], [3, 1, 2, 0], [3, 2, 1, 0], [0, 1, 2]]
['Infinite family:', [0, 2, 1, 3], [1, 0, 3, 2], [2, 3, 0, 1], [3, 1, 2, 0], [3, 2, 1, 0], [0, 1, 2]]
['Infinite family:', [0, 1, 2, 3], [1, 0, 3, 2], [2, 3, 0, 1], [3, 1, 2, 0], [3, 2, 1, 0], [2, 1, 0]]
['Infinite family:', [0, 1, 3, 2], [1, 0, 2, 3], [2, 3, 0, 1], [3, 1, 2, 0], [3, 2, 1, 0], [2, 1, 0]]
['Infinite family:', [0, 2, 1, 3], [1, 0, 3, 2], [2, 3, 0, 1], [3, 1, 2, 0], [3, 2, 1, 0], [2, 1, 0]]
[4, 4, 4, 4, 4, 2]
-1*(1234) + 6*(1243) + 4*(1324) + 6*(2134) + 3*(3412) + 3*(21) 
2*(1234) + 4*(1324) + 3*(1432) + 6*(2143) + 3*(3214) + 3*(21) 
-2*(1234) -3*(1243) -1*(1324) -3*(2134) + 3*(4231) + 3*(12) 
1*(1234) -3*(1243) -4*(1324) -3*(2134) + 3*(4321) + 3*(12) 
2*(1234) + 3*(1243) + 1*(1324) + 3*(2134) -3*(4231) + 3*(21) 
-1*(1234) + 3*(1243) + 4*(1324) + 3*(2134) -3*(4321) + 3*(21) 
-8*(1234) + 2*(1324) + 3*(1432) + 3*(3214) + 6*(4231) + 3*(12) 
-2*(1234) -4*(1324) + 3*(1432) + 3*(3214) + 6*(4321) + 3*(12) 
8*(1234) -2*(1324) -3*(1432) -3*(3214) -6*(4231) + 3*(21) 
2*(1234) + 4*(1324) -3*(1432) -3*(3214) -6*(4321) + 3*(21) 
5*(1243) + 4*(1324) + 5*(2134) + 1*(2143) + 3*(3412) + 3*(21) 
5*(1234) + 4*(1324) + 3*(2143) + 3*(2413) + 3*(3142) + 3*(21) 
-5*(1243) -1*(1324) -5*(2134) + 2*(2143) + 3*(4231) + 3*(12) 
-2*(1243) -4*(1324) -2*(2134) -1*(2143) + 3*(4321) + 3*(12) 
-2*(1234) -4*(1324) -6*(2143) + 3*(2341) + 3*(4123) + 3*(12) 
5*(1243) + 1*(1324) + 5*(2134) -2*(2143) -3*(4231) + 3*(21) 
2*(1243) + 4*(1324) + 2*(2134) + 1*(2143) -3*(4321) + 3*(21) 
2*(1234) + 4*(1324) + 6*(2143) -3*(2341) -3*(4123) + 3*(21) 
5*(1234) + 4*(1324) + 6*(2413) + 6*(3142) -3*(3412) + 3*(21) 
4*(1324) + 5*(1432) + 6*(2143) + 5*(3214) -2*(3412) + 3*(21) 
-3*(1234) -2*(1243) -2*(2134) + 1*(3412) + 4*(4231) + 3*(12) 
-5*(1243) -3*(1324) -5*(2134) -2*(3412) + 1*(4231) + 3*(12) 
-6*(1234) + 1*(1432) -2*(2143) + 1*(3214) + 4*(4231) + 3*(12) 
6*(1324) + 5*(1432) + 8*(2143) + 5*(3214) + 2*(4231) -3*(12) 
3*(1234) + 2*(1243) + 2*(2134) -1*(3412) -4*(4231) + 3*(21) 
5*(1243) + 3*(1324) + 5*(2134) + 2*(3412) -1*(4231) + 3*(21) 
6*(1234) -1*(1432) + 2*(2143) -1*(3214) -4*(4231) + 3*(21) 
6*(1324) + 5*(1432) + 8*(2143) + 5*(3214) + 2*(4231) + 3*(21) 
-3*(1234) -3*(1243) -3*(2134) + 4*(4231) -1*(4321) + 3*(12) 
-3*(1243) -3*(1324) -3*(2134) + 1*(4231) + 2*(4321) + 3*(12) 
-8*(1234) + 2*(1324) -3*(2341) -3*(4123) + 6*(4231) + 3*(12) 
-2*(1234) -4*(1324) -3*(2341) -3*(4123) + 6*(4321) + 3*(12) 
3*(1234) + 3*(1243) + 3*(2134) -4*(4231) + 1*(4321) + 3*(21) 
3*(1243) + 3*(1324) + 3*(2134) -1*(4231) -2*(4321) + 3*(21) 
8*(1234) -2*(1324) + 3*(2341) + 3*(4123) -6*(4231) + 3*(21) 
2*(1234) + 4*(1324) + 3*(2341) + 3*(4123) -6*(4321) + 3*(21) 
1*(1234) -4*(1324) -3*(3412) + 6*(3421) + 6*(4312) + 3*(12) 
2*(1324) -5*(1432) -5*(3214) + 8*(3412) + 6*(4231) + 3*(12) 
-4*(1324) + 1*(1432) + 1*(3214) + 2*(3412) + 6*(4321) + 3*(12) 
-1*(1234) + 4*(1324) + 3*(3412) -6*(3421) -6*(4312) + 3*(21) 
-2*(1324) + 5*(1432) + 5*(3214) -8*(3412) -6*(4231) + 3*(21) 
4*(1324) -1*(1432) -1*(3214) -2*(3412) -6*(4321) + 3*(21) 
-5*(1243) -5*(2134) + 3*(2143) + 1*(3412) + 4*(4231) + 3*(12) 
-5*(1234) -3*(2143) + 1*(2413) + 1*(3142) + 4*(4231) + 3*(12) 
-4*(1324) -6*(2143) + 5*(2341) + 2*(3412) + 5*(4123) + 3*(12) 
-4*(1324) -3*(2143) + 2*(2413) + 2*(3142) + 5*(4321) + 3*(12) 
5*(1243) + 5*(2134) -3*(2143) -1*(3412) -4*(4231) + 3*(21) 
5*(1234) + 3*(2143) -1*(2413) -1*(3142) -4*(4231) + 3*(21) 
4*(1324) + 6*(2143) -5*(2341) -2*(3412) -5*(4123) + 3*(21) 
4*(1324) + 3*(2143) -2*(2413) -2*(3142) -5*(4321) + 3*(21) 
['Infinite family:', [0, 1, 2, 3], [0, 2, 1, 3], [1, 0, 3, 2], [2, 3, 0, 1], [3, 1, 2, 0], [0, 1]]
['Infinite family:', [0, 1, 2, 3], [0, 2, 1, 3], [1, 0, 3, 2], [2, 3, 0, 1], [3, 2, 1, 0], [0, 1]]
['Infinite family:', [0, 1, 2, 3], [0, 2, 1, 3], [1, 0, 3, 2], [2, 3, 0, 1], [3, 1, 2, 0], [1, 0]]
['Infinite family:', [0, 1, 2, 3], [0, 2, 1, 3], [1, 0, 3, 2], [2, 3, 0, 1], [3, 2, 1, 0], [1, 0]]
['Infinite family:', [0, 1, 2, 3], [0, 2, 1, 3], [1, 0, 3, 2], [3, 1, 2, 0], [3, 2, 1, 0], [0, 1]]
['Infinite family:', [0, 1, 2, 3], [0, 2, 1, 3], [1, 0, 3, 2], [3, 1, 2, 0], [3, 2, 1, 0], [1, 0]]
['Infinite family:', [0, 1, 2, 3], [0, 2, 1, 3], [2, 3, 0, 1], [3, 1, 2, 0], [3, 2, 1, 0], [0, 1]]
['Infinite family:', [0, 1, 2, 3], [0, 2, 1, 3], [2, 3, 0, 1], [3, 1, 2, 0], [3, 2, 1, 0], [1, 0]]
['Infinite family:', [0, 1, 2, 3], [1, 0, 3, 2], [2, 3, 0, 1], [3, 1, 2, 0], [3, 2, 1, 0], [0, 1]]
['Infinite family:', [0, 2, 1, 3], [1, 0, 3, 2], [2, 3, 0, 1], [3, 1, 2, 0], [3, 2, 1, 0], [0, 1]]
['Infinite family:', [0, 1, 2, 3], [1, 0, 3, 2], [2, 3, 0, 1], [3, 1, 2, 0], [3, 2, 1, 0], [1, 0]]
['Infinite family:', [0, 2, 1, 3], [1, 0, 3, 2], [2, 3, 0, 1], [3, 1, 2, 0], [3, 2, 1, 0], [1, 0]]
[4, 4, 4, 4, 3, 3]
2*(1234) + 3*(1243) + 4*(1324) + 3*(2134) + 4*(231) + 4*(312) 
-8*(1234) -4*(1324) + 3*(1432) + 3*(3214) + 6*(123) + 2*(321) 
5*(1243) + 4*(1324) + 5*(2134) -2*(2143) + 4*(231) + 4*(312) 
-3*(1234) + 3*(1243) + 3*(2134) + 3*(3412) + 2*(123) + 2*(321) 
15*(1243) + 12*(1324) + 15*(2134) + 6*(3412) -8*(123) + 4*(321) 
-3*(1234) + 3*(1432) + 3*(2143) + 3*(3214) + 2*(123) + 2*(321) 
-3*(1243) -6*(1432) + 3*(2134) + 6*(3214) + 8*(132) + 4*(321) 
-3*(1324) + 3*(1342) + 3*(2413) + 3*(3124) + 2*(123) + 2*(321) 
12*(1324) + 15*(1432) + 24*(2143) + 15*(3214) -2*(123) + 10*(321) 
-5*(1234) + 2*(1324) -3*(2143) + 6*(4231) + 4*(132) + 4*(213) 
1*(1234) -4*(1324) -3*(2143) + 6*(4321) + 4*(132) + 4*(213) 
-9*(1234) + 6*(1432) -3*(2134) + 6*(4231) + 4*(123) + 4*(213) 
9*(1243) + 12*(1432) + 3*(2134) + 12*(4321) -4*(123) + 8*(213) 
6*(1234) + 9*(1243) + 9*(2134) -12*(4231) -4*(123) + 8*(321) 
9*(1243) + 12*(1324) + 9*(2134) -6*(4321) -8*(123) + 4*(321) 
-8*(1234) -4*(1324) -3*(2341) -3*(4123) + 6*(123) + 2*(321) 
-4*(1324) -5*(1432) -5*(3214) + 8*(3412) + 6*(123) + 2*(321) 
-3*(1234) -9*(1243) + 6*(3241) + 6*(4213) + 4*(123) + 4*(132) 
-5*(1234) + 5*(1324) + 3*(3412) + 9*(4231) + 4*(132) + 4*(213) 
4*(1234) -4*(1324) + 3*(3412) + 9*(4321) + 4*(132) + 4*(213) 
6*(1243) + 12*(1432) -3*(3412) + 9*(4321) -4*(123) + 8*(213) 
-24*(1234) + 9*(1432) + 9*(3214) + 12*(4231) + 10*(123) -2*(321) 
-12*(1324) + 9*(1432) + 9*(3214) + 24*(4321) + 2*(123) -10*(321) 
5*(1234) + 1*(1324) -3*(3412) -3*(4231) + 4*(231) + 4*(312) 
2*(1234) + 4*(1324) -3*(3412) -3*(4321) + 4*(231) + 4*(312) 
2*(1234) + 4*(1324) -3*(3421) -3*(4312) + 4*(231) + 4*(312) 
15*(1243) + 15*(2134) -6*(2143) -12*(4231) -4*(123) + 8*(321) 
-3*(1243) -3*(2134) + 3*(2143) -3*(4321) + 2*(123) + 2*(321) 
-3*(1234) + 3*(2143) -3*(2341) -3*(4123) + 2*(123) + 2*(321) 
12*(1324) + 24*(2143) -15*(2341) -15*(4123) -2*(123) + 10*(321) 
-3*(1324) + 3*(2413) -3*(2431) -3*(4213) + 2*(123) + 2*(321) 
3*(1234) -9*(2143) + 12*(2341) -6*(4312) + 8*(312) -4*(321) 
-5*(1234) -5*(2143) -2*(3412) + 4*(4231) + 4*(132) + 4*(213) 
-5*(1243) -5*(2134) -2*(3412) + 4*(4231) + 4*(132) + 4*(213) 
-4*(1324) -4*(2143) -1*(3412) + 5*(4321) + 4*(132) + 4*(213) 
-4*(1324) + 5*(2341) + 8*(3412) + 5*(4123) + 6*(123) + 2*(321) 
['Infinite family:', [0, 1, 2, 3], [0, 2, 1, 3], [1, 0, 3, 2], [2, 3, 0, 1], [0, 1, 2], [2, 1, 0]]
['Infinite family:', [0, 1, 2, 3], [0, 2, 1, 3], [1, 0, 3, 2], [3, 1, 2, 0], [0, 1, 2], [2, 1, 0]]
['Infinite family:', [0, 1, 2, 3], [0, 2, 1, 3], [1, 0, 3, 2], [3, 2, 1, 0], [0, 1, 2], [2, 1, 0]]
['Infinite family:', [0, 1, 2, 3], [0, 2, 1, 3], [2, 3, 0, 1], [3, 1, 2, 0], [0, 1, 2], [2, 1, 0]]
['Infinite family:', [0, 1, 2, 3], [0, 2, 1, 3], [2, 3, 0, 1], [3, 2, 1, 0], [0, 1, 2], [2, 1, 0]]
['Infinite family:', [0, 1, 2, 3], [0, 2, 1, 3], [3, 1, 2, 0], [3, 2, 1, 0], [0, 1, 2], [2, 1, 0]]
['Infinite family:', [0, 1, 2, 3], [1, 0, 3, 2], [2, 3, 0, 1], [3, 1, 2, 0], [0, 1, 2], [2, 1, 0]]
['Infinite family:', [0, 1, 2, 3], [1, 0, 3, 2], [2, 3, 0, 1], [3, 2, 1, 0], [0, 1, 2], [2, 1, 0]]
['Infinite family:', [0, 1, 2, 3], [1, 3, 0, 2], [2, 0, 3, 1], [3, 2, 1, 0], [0, 1, 2], [2, 1, 0]]
['Infinite family:', [0, 2, 1, 3], [1, 0, 3, 2], [2, 3, 0, 1], [3, 1, 2, 0], [0, 1, 2], [2, 1, 0]]
['Infinite family:', [0, 2, 1, 3], [1, 0, 3, 2], [2, 3, 0, 1], [3, 2, 1, 0], [0, 1, 2], [2, 1, 0]]
['Infinite family:', [0, 2, 1, 3], [1, 3, 0, 2], [2, 0, 3, 1], [3, 1, 2, 0], [0, 1, 2], [2, 1, 0]]
['Infinite family:', [0, 1, 2, 3], [1, 0, 3, 2], [3, 1, 2, 0], [3, 2, 1, 0], [0, 1, 2], [2, 1, 0]]
['Infinite family:', [0, 2, 1, 3], [1, 0, 3, 2], [3, 1, 2, 0], [3, 2, 1, 0], [0, 1, 2], [2, 1, 0]]
['Infinite family:', [0, 1, 2, 3], [2, 3, 0, 1], [3, 1, 2, 0], [3, 2, 1, 0], [0, 1, 2], [2, 1, 0]]
['Infinite family:', [0, 2, 1, 3], [2, 3, 0, 1], [3, 1, 2, 0], [3, 2, 1, 0], [0, 1, 2], [2, 1, 0]]
['Infinite family:', [1, 0, 3, 2], [1, 3, 0, 2], [2, 0, 3, 1], [2, 3, 0, 1], [0, 1, 2], [2, 1, 0]]
['Infinite family:', [1, 0, 3, 2], [2, 3, 0, 1], [3, 1, 2, 0], [3, 2, 1, 0], [0, 1, 2], [2, 1, 0]]
[4, 4, 4, 4, 3, 2]
-2*(1234) -3*(1243) -4*(1324) -3*(2134) + 4*(321) + 6*(12) 
2*(1234) + 3*(1243) + 4*(1324) + 3*(2134) -4*(321) + 6*(21) 
6*(1234) -6*(1243) -9*(1432) + 3*(3214) + 8*(132) + 3*(21) 
9*(1234) -6*(1243) -12*(1432) + 3*(3412) + 8*(132) + 3*(21) 
-8*(1234) -4*(1324) + 3*(1432) + 3*(3214) + 8*(123) + 3*(21) 
-8*(1234) -4*(1324) + 3*(1432) + 3*(3214) + 8*(321) + 9*(12) 
8*(1234) + 4*(1324) -3*(1432) -3*(3214) -8*(321) + 9*(21) 
-5*(1243) -4*(1324) -5*(2134) + 2*(2143) + 4*(321) + 6*(12) 
5*(1243) + 4*(1324) + 5*(2134) -2*(2143) -4*(321) + 6*(21) 
-3*(1234) + 3*(1243) + 3*(2134) + 3*(3412) + 4*(123) + 3*(21) 
15*(1243) + 12*(1324) + 15*(2134) + 6*(3412) -4*(123) + 6*(21) 
-3*(1234) + 3*(1432) + 3*(2143) + 3*(3214) + 4*(123) + 3*(21) 
-3*(1324) + 3*(1342) + 3*(2413) + 3*(3124) + 4*(123) + 3*(21) 
12*(1324) + 15*(1432) + 24*(2143) + 15*(3214) + 8*(123) + 15*(21) 
6*(1243) + 3*(1432) -6*(2143) -9*(3214) + 8*(213) + 3*(21) 
-3*(1234) + 12*(1432) -6*(2134) -9*(3412) + 8*(213) + 3*(21) 
-3*(1234) + 3*(1243) + 3*(2134) + 3*(3412) + 4*(321) + 3*(12) 
-15*(1243) -12*(1324) -15*(2134) -6*(3412) + 4*(321) + 12*(12) 
-3*(1234) + 3*(1432) + 3*(2143) + 3*(3214) + 4*(321) + 3*(12) 
-3*(1324) + 3*(1342) + 3*(2413) + 3*(3124) + 4*(321) + 3*(12) 
12*(1324) + 15*(1432) + 24*(2143) + 15*(3214) + 8*(321) -3*(12) 
15*(1243) + 12*(1324) + 15*(2134) + 6*(3412) -4*(321) + 12*(21) 
12*(1324) + 15*(1432) + 24*(2143) + 15*(3214) + 8*(321) + 3*(21) 
-6*(1234) -9*(1243) -9*(2134) + 12*(4231) -4*(123) + 12*(12) 
-9*(1243) -12*(1324) -9*(2134) + 6*(4321) + 4*(123) + 6*(12) 
8*(1234) + 4*(1324) + 3*(2341) + 3*(4123) -8*(123) + 3*(12) 
-9*(1234) + 6*(1432) -3*(2134) + 6*(4231) -4*(132) + 6*(12) 
6*(1234) + 9*(1243) + 9*(2134) -12*(4231) + 4*(123) + 12*(21) 
9*(1243) + 12*(1324) + 9*(2134) -6*(4321) -4*(123) + 6*(21) 
-8*(1234) -4*(1324) -3*(2341) -3*(4123) + 8*(123) + 3*(21) 
9*(1234) -6*(1432) + 3*(2134) -6*(4231) + 4*(132) + 6*(21) 
6*(1243) + 12*(1432) + 3*(2143) + 9*(4321) + 8*(213) -3*(12) 
-6*(1324) + 6*(1432) -3*(2134) + 9*(4321) + 4*(213) + 3*(12) 
6*(1243) + 12*(1432) + 3*(2143) + 9*(4321) + 8*(213) + 3*(21) 
-6*(1234) -9*(1243) -9*(2134) + 12*(4231) -4*(321) + 6*(12) 
-9*(1243) -12*(1324) -9*(2134) + 6*(4321) + 4*(321) + 12*(12) 
-8*(1234) -4*(1324) -3*(2341) -3*(4123) + 8*(321) + 9*(12) 
6*(1234) + 9*(1243) + 9*(2134) -12*(4231) + 4*(321) + 6*(21) 
9*(1243) + 12*(1324) + 9*(2134) -6*(4321) -4*(321) + 12*(21) 
8*(1234) + 4*(1324) + 3*(2341) + 3*(4123) -8*(321) + 9*(21) 
3*(1234) + 6*(1342) + 6*(2314) -9*(4312) + 4*(312) + 3*(21) 
-6*(1243) -3*(1432) + 9*(3214) -6*(3412) + 8*(132) + 3*(21) 
-4*(1324) -5*(1432) -5*(3214) + 8*(3412) + 8*(123) + 3*(21) 
-4*(1324) -5*(1432) -5*(3214) + 8*(3412) + 8*(321) + 9*(12) 
4*(1324) + 5*(1432) + 5*(3214) -8*(3412) -8*(321) + 9*(21) 
-24*(1234) + 9*(1432) + 9*(3214) + 12*(4231) + 8*(123) + 3*(12) 
-12*(1324) + 9*(1432) + 9*(3214) + 24*(4321) -8*(123) + 15*(12) 
-24*(1234) + 9*(1432) + 9*(3214) + 12*(4231) + 8*(123) -3*(21) 
12*(1324) -9*(1432) -9*(3214) -24*(4321) + 8*(123) + 15*(21) 
-3*(1234) -9*(1243) + 6*(3241) + 6*(4213) -4*(213) + 6*(12) 
6*(1243) + 9*(1432) -3*(3214) + 6*(4321) + 8*(213) -3*(12) 
3*(1234) + 9*(1243) -6*(3241) -6*(4213) + 4*(213) + 6*(21) 
6*(1243) + 9*(1432) -3*(3214) + 6*(4321) + 8*(213) + 3*(21) 
-2*(1234) -4*(1324) + 3*(3421) + 3*(4312) + 4*(321) + 6*(12) 
-24*(1234) + 9*(1432) + 9*(3214) + 12*(4231) + 8*(321) + 15*(12) 
-12*(1324) + 9*(1432) + 9*(3214) + 24*(4321) -8*(321) + 3*(12) 
2*(1234) + 4*(1324) -3*(3421) -3*(4312) -4*(321) + 6*(21) 
24*(1234) -9*(1432) -9*(3214) -12*(4231) -8*(321) + 15*(21) 
12*(1324) -9*(1432) -9*(3214) -24*(4321) + 8*(321) + 3*(21) 
-15*(1243) -15*(2134) + 6*(2143) + 12*(4231) -4*(123) + 12*(12) 
3*(1243) + 3*(2134) -3*(2143) + 3*(4321) -4*(123) + 3*(12) 
3*(1234) -3*(2143) + 3*(2341) + 3*(4123) -4*(123) + 3*(12) 
-12*(1324) -24*(2143) + 15*(2341) + 15*(4123) -8*(123) + 15*(12) 
3*(1324) -3*(2413) + 3*(2431) + 3*(4213) -4*(123) + 3*(12) 
12*(1432) -6*(2134) + 9*(2143) + 3*(4321) -8*(132) + 3*(12) 
3*(1423) + 3*(2314) -3*(2413) + 3*(4231) -4*(123) + 3*(12) 
15*(1243) + 15*(2134) -6*(2143) -12*(4231) + 4*(123) + 12*(21) 
-3*(1243) -3*(2134) + 3*(2143) -3*(4321) + 4*(123) + 3*(21) 
-3*(1234) + 3*(2143) -3*(2341) -3*(4123) + 4*(123) + 3*(21) 
12*(1324) + 24*(2143) -15*(2341) -15*(4123) + 8*(123) + 15*(21) 
-3*(1324) + 3*(2413) -3*(2431) -3*(4213) + 4*(123) + 3*(21) 
-12*(1432) + 6*(2134) -9*(2143) -3*(4321) + 8*(132) + 3*(21) 
-3*(1423) -3*(2314) + 3*(2413) -3*(4231) + 4*(123) + 3*(21) 
-15*(1243) -15*(2134) + 6*(2143) + 12*(4231) -4*(321) + 6*(12) 
-3*(1243) -3*(2134) + 3*(2143) -3*(4321) + 4*(321) + 3*(12) 
-3*(1234) + 3*(2143) -3*(2341) -3*(4123) + 4*(321) + 3*(12) 
12*(1324) + 24*(2143) -15*(2341) -15*(4123) + 8*(321) -3*(12) 
15*(1243) + 15*(2134) -6*(2143) -12*(4231) + 4*(321) + 6*(21) 
3*(1243) + 3*(2134) -3*(2143) + 3*(4321) -4*(321) + 3*(21) 
3*(1234) -3*(2143) + 3*(2341) + 3*(4123) -4*(321) + 3*(21) 
12*(1324) + 24*(2143) -15*(2341) -15*(4123) + 8*(321) + 3*(21) 
-5*(1243) -5*(2134) -2*(3412) + 4*(4231) -4*(123) + 6*(12) 
-4*(1324) + 5*(2341) + 8*(3412) + 5*(4123) + 8*(123) -3*(12) 
-5*(1432) -8*(2143) -5*(3214) + 4*(4231) -8*(123) + 9*(12) 
5*(1243) + 5*(2134) + 2*(3412) -4*(4231) + 4*(123) + 6*(21) 
-4*(1324) + 5*(2341) + 8*(3412) + 5*(4123) + 8*(123) + 3*(21) 
5*(1432) + 8*(2143) + 5*(3214) -4*(4231) + 8*(123) + 9*(21) 
['Infinite family:', [0, 1, 2, 3], [0, 2, 1, 3], [1, 0, 3, 2], [2, 3, 0, 1], [0, 1, 2], [1, 0]]
['Infinite family:', [0, 1, 2, 3], [0, 2, 1, 3], [1, 0, 3, 2], [2, 3, 0, 1], [2, 1, 0], [0, 1]]
['Infinite family:', [0, 1, 2, 3], [0, 2, 1, 3], [1, 0, 3, 2], [2, 3, 0, 1], [2, 1, 0], [1, 0]]
['Infinite family:', [0, 1, 2, 3], [0, 2, 1, 3], [1, 0, 3, 2], [3, 1, 2, 0], [0, 1, 2], [0, 1]]
['Infinite family:', [0, 1, 2, 3], [0, 2, 1, 3], [1, 0, 3, 2], [3, 2, 1, 0], [0, 1, 2], [0, 1]]
['Infinite family:', [0, 1, 2, 3], [0, 2, 1, 3], [1, 0, 3, 2], [3, 1, 2, 0], [0, 1, 2], [1, 0]]
['Infinite family:', [0, 1, 2, 3], [0, 2, 1, 3], [1, 0, 3, 2], [3, 2, 1, 0], [0, 1, 2], [1, 0]]
['Infinite family:', [0, 1, 2, 3], [0, 2, 1, 3], [1, 0, 3, 2], [3, 1, 2, 0], [2, 1, 0], [0, 1]]
['Infinite family:', [0, 1, 2, 3], [0, 2, 1, 3], [1, 0, 3, 2], [3, 2, 1, 0], [2, 1, 0], [0, 1]]
['Infinite family:', [0, 1, 2, 3], [0, 2, 1, 3], [1, 0, 3, 2], [3, 1, 2, 0], [2, 1, 0], [1, 0]]
['Infinite family:', [0, 1, 2, 3], [0, 2, 1, 3], [1, 0, 3, 2], [3, 2, 1, 0], [2, 1, 0], [1, 0]]
['Infinite family:', [0, 1, 2, 3], [0, 2, 1, 3], [2, 3, 0, 1], [3, 1, 2, 0], [0, 1, 2], [0, 1]]
['Infinite family:', [0, 1, 2, 3], [0, 2, 1, 3], [2, 3, 0, 1], [3, 2, 1, 0], [0, 1, 2], [0, 1]]
['Infinite family:', [0, 1, 2, 3], [0, 2, 1, 3], [2, 3, 0, 1], [3, 1, 2, 0], [0, 1, 2], [1, 0]]
['Infinite family:', [0, 1, 2, 3], [0, 2, 1, 3], [2, 3, 0, 1], [3, 2, 1, 0], [0, 1, 2], [1, 0]]
['Infinite family:', [0, 1, 2, 3], [0, 2, 1, 3], [2, 3, 0, 1], [3, 1, 2, 0], [2, 1, 0], [0, 1]]
['Infinite family:', [0, 1, 2, 3], [0, 2, 1, 3], [2, 3, 0, 1], [3, 2, 1, 0], [2, 1, 0], [0, 1]]
['Infinite family:', [0, 1, 2, 3], [0, 2, 1, 3], [2, 3, 0, 1], [3, 1, 2, 0], [2, 1, 0], [1, 0]]
['Infinite family:', [0, 1, 2, 3], [0, 2, 1, 3], [2, 3, 0, 1], [3, 2, 1, 0], [2, 1, 0], [1, 0]]
['Infinite family:', [0, 1, 2, 3], [0, 2, 1, 3], [3, 1, 2, 0], [3, 2, 1, 0], [0, 1, 2], [0, 1]]
['Infinite family:', [0, 1, 2, 3], [0, 2, 1, 3], [3, 1, 2, 0], [3, 2, 1, 0], [0, 1, 2], [1, 0]]
['Infinite family:', [0, 1, 2, 3], [0, 2, 1, 3], [3, 1, 2, 0], [3, 2, 1, 0], [2, 1, 0], [0, 1]]
['Infinite family:', [0, 1, 2, 3], [0, 2, 1, 3], [3, 1, 2, 0], [3, 2, 1, 0], [2, 1, 0], [1, 0]]
['Infinite family:', [0, 1, 2, 3], [1, 0, 3, 2], [2, 3, 0, 1], [3, 1, 2, 0], [0, 1, 2], [0, 1]]
['Infinite family:', [0, 1, 2, 3], [1, 0, 3, 2], [2, 3, 0, 1], [3, 2, 1, 0], [0, 1, 2], [0, 1]]
['Infinite family:', [0, 1, 2, 3], [1, 3, 0, 2], [2, 0, 3, 1], [3, 2, 1, 0], [0, 1, 2], [0, 1]]
['Infinite family:', [0, 2, 1, 3], [1, 0, 3, 2], [2, 3, 0, 1], [3, 1, 2, 0], [0, 1, 2], [0, 1]]
['Infinite family:', [0, 2, 1, 3], [1, 0, 3, 2], [2, 3, 0, 1], [3, 2, 1, 0], [0, 1, 2], [0, 1]]
['Infinite family:', [0, 2, 1, 3], [1, 3, 0, 2], [2, 0, 3, 1], [3, 1, 2, 0], [0, 1, 2], [0, 1]]
['Infinite family:', [0, 1, 2, 3], [1, 0, 3, 2], [2, 3, 0, 1], [3, 1, 2, 0], [0, 1, 2], [1, 0]]
['Infinite family:', [0, 1, 2, 3], [1, 0, 3, 2], [2, 3, 0, 1], [3, 2, 1, 0], [0, 1, 2], [1, 0]]
['Infinite family:', [0, 1, 2, 3], [1, 3, 0, 2], [2, 0, 3, 1], [3, 2, 1, 0], [0, 1, 2], [1, 0]]
['Infinite family:', [0, 2, 1, 3], [1, 0, 3, 2], [2, 3, 0, 1], [3, 1, 2, 0], [0, 1, 2], [1, 0]]
['Infinite family:', [0, 2, 1, 3], [1, 0, 3, 2], [2, 3, 0, 1], [3, 2, 1, 0], [0, 1, 2], [1, 0]]
['Infinite family:', [0, 2, 1, 3], [1, 3, 0, 2], [2, 0, 3, 1], [3, 1, 2, 0], [0, 1, 2], [1, 0]]
['Infinite family:', [0, 1, 2, 3], [1, 0, 3, 2], [2, 3, 0, 1], [3, 1, 2, 0], [2, 1, 0], [0, 1]]
['Infinite family:', [0, 1, 2, 3], [1, 0, 3, 2], [2, 3, 0, 1], [3, 2, 1, 0], [2, 1, 0], [0, 1]]
['Infinite family:', [0, 1, 2, 3], [1, 3, 0, 2], [2, 0, 3, 1], [3, 2, 1, 0], [2, 1, 0], [0, 1]]
['Infinite family:', [0, 2, 1, 3], [1, 0, 3, 2], [2, 3, 0, 1], [3, 1, 2, 0], [2, 1, 0], [0, 1]]
['Infinite family:', [0, 2, 1, 3], [1, 0, 3, 2], [2, 3, 0, 1], [3, 2, 1, 0], [2, 1, 0], [0, 1]]
['Infinite family:', [0, 2, 1, 3], [1, 3, 0, 2], [2, 0, 3, 1], [3, 1, 2, 0], [2, 1, 0], [0, 1]]
['Infinite family:', [0, 1, 2, 3], [1, 0, 3, 2], [2, 3, 0, 1], [3, 1, 2, 0], [2, 1, 0], [1, 0]]
['Infinite family:', [0, 1, 2, 3], [1, 0, 3, 2], [2, 3, 0, 1], [3, 2, 1, 0], [2, 1, 0], [1, 0]]
['Infinite family:', [0, 1, 2, 3], [1, 3, 0, 2], [2, 0, 3, 1], [3, 2, 1, 0], [2, 1, 0], [1, 0]]
['Infinite family:', [0, 2, 1, 3], [1, 0, 3, 2], [2, 3, 0, 1], [3, 1, 2, 0], [2, 1, 0], [1, 0]]
['Infinite family:', [0, 2, 1, 3], [1, 0, 3, 2], [2, 3, 0, 1], [3, 2, 1, 0], [2, 1, 0], [1, 0]]
['Infinite family:', [0, 2, 1, 3], [1, 3, 0, 2], [2, 0, 3, 1], [3, 1, 2, 0], [2, 1, 0], [1, 0]]
['Infinite family:', [0, 1, 2, 3], [1, 0, 3, 2], [3, 1, 2, 0], [3, 2, 1, 0], [0, 1, 2], [0, 1]]
['Infinite family:', [0, 2, 1, 3], [1, 0, 3, 2], [3, 1, 2, 0], [3, 2, 1, 0], [0, 1, 2], [0, 1]]
['Infinite family:', [0, 1, 2, 3], [1, 0, 3, 2], [3, 1, 2, 0], [3, 2, 1, 0], [0, 1, 2], [1, 0]]
['Infinite family:', [0, 2, 1, 3], [1, 0, 3, 2], [3, 1, 2, 0], [3, 2, 1, 0], [0, 1, 2], [1, 0]]
['Infinite family:', [0, 1, 2, 3], [1, 0, 3, 2], [3, 1, 2, 0], [3, 2, 1, 0], [2, 1, 0], [0, 1]]
['Infinite family:', [0, 2, 1, 3], [1, 0, 3, 2], [3, 1, 2, 0], [3, 2, 1, 0], [2, 1, 0], [0, 1]]
['Infinite family:', [0, 1, 2, 3], [1, 0, 3, 2], [3, 1, 2, 0], [3, 2, 1, 0], [2, 1, 0], [1, 0]]
['Infinite family:', [0, 2, 1, 3], [1, 0, 3, 2], [3, 1, 2, 0], [3, 2, 1, 0], [2, 1, 0], [1, 0]]
['Infinite family:', [0, 1, 2, 3], [2, 3, 0, 1], [3, 1, 2, 0], [3, 2, 1, 0], [0, 1, 2], [0, 1]]
['Infinite family:', [0, 2, 1, 3], [2, 3, 0, 1], [3, 1, 2, 0], [3, 2, 1, 0], [0, 1, 2], [0, 1]]
['Infinite family:', [0, 1, 2, 3], [2, 3, 0, 1], [3, 1, 2, 0], [3, 2, 1, 0], [0, 1, 2], [1, 0]]
['Infinite family:', [0, 2, 1, 3], [2, 3, 0, 1], [3, 1, 2, 0], [3, 2, 1, 0], [0, 1, 2], [1, 0]]
['Infinite family:', [0, 1, 2, 3], [2, 3, 0, 1], [3, 1, 2, 0], [3, 2, 1, 0], [2, 1, 0], [0, 1]]
['Infinite family:', [0, 2, 1, 3], [2, 3, 0, 1], [3, 1, 2, 0], [3, 2, 1, 0], [2, 1, 0], [0, 1]]
['Infinite family:', [0, 1, 2, 3], [2, 3, 0, 1], [3, 1, 2, 0], [3, 2, 1, 0], [2, 1, 0], [1, 0]]
['Infinite family:', [0, 2, 1, 3], [2, 3, 0, 1], [3, 1, 2, 0], [3, 2, 1, 0], [2, 1, 0], [1, 0]]
['Infinite family:', [1, 0, 3, 2], [1, 3, 0, 2], [2, 0, 3, 1], [2, 3, 0, 1], [0, 1, 2], [1, 0]]
['Infinite family:', [1, 0, 3, 2], [1, 3, 0, 2], [2, 0, 3, 1], [2, 3, 0, 1], [2, 1, 0], [0, 1]]
['Infinite family:', [1, 0, 3, 2], [2, 3, 0, 1], [3, 1, 2, 0], [3, 2, 1, 0], [0, 1, 2], [0, 1]]
['Infinite family:', [1, 0, 3, 2], [2, 3, 0, 1], [3, 1, 2, 0], [3, 2, 1, 0], [0, 1, 2], [1, 0]]
['Infinite family:', [1, 0, 3, 2], [2, 3, 0, 1], [3, 1, 2, 0], [3, 2, 1, 0], [2, 1, 0], [0, 1]]
[4, 4, 4, 4, 2, 2]
['Infinite family:', [0, 1, 2, 3], [0, 1, 3, 2], [1, 0, 2, 3], [1, 0, 3, 2], [0, 1], [1, 0]]
['Infinite family:', [0, 2, 1, 3], [0, 3, 1, 2], [1, 2, 0, 3], [1, 3, 0, 2], [0, 1], [1, 0]]
['Infinite family:', [0, 2, 3, 1], [0, 3, 2, 1], [1, 2, 3, 0], [1, 3, 2, 0], [0, 1], [1, 0]]
['Infinite family:', [0, 1, 2, 3], [0, 2, 1, 3], [1, 0, 3, 2], [2, 3, 0, 1], [0, 1], [1, 0]]
['Infinite family:', [0, 1, 2, 3], [0, 2, 1, 3], [1, 0, 3, 2], [3, 1, 2, 0], [0, 1], [1, 0]]
['Infinite family:', [0, 1, 2, 3], [0, 2, 1, 3], [1, 0, 3, 2], [3, 2, 1, 0], [0, 1], [1, 0]]
['Infinite family:', [0, 1, 2, 3], [0, 3, 2, 1], [2, 1, 0, 3], [2, 3, 0, 1], [0, 1], [1, 0]]
['Infinite family:', [0, 1, 3, 2], [0, 3, 1, 2], [2, 1, 3, 0], [2, 3, 1, 0], [0, 1], [1, 0]]
['Infinite family:', [0, 2, 1, 3], [0, 2, 3, 1], [2, 0, 1, 3], [2, 0, 3, 1], [0, 1], [1, 0]]
['Infinite family:', [0, 1, 2, 3], [0, 2, 1, 3], [2, 3, 0, 1], [3, 1, 2, 0], [0, 1], [1, 0]]
['Infinite family:', [0, 1, 2, 3], [0, 2, 1, 3], [2, 3, 0, 1], [3, 2, 1, 0], [0, 1], [1, 0]]
['Infinite family:', [0, 1, 2, 3], [0, 2, 1, 3], [3, 1, 2, 0], [3, 2, 1, 0], [0, 1], [1, 0]]
['Infinite family:', [0, 1, 3, 2], [0, 2, 3, 1], [3, 1, 0, 2], [3, 2, 0, 1], [0, 1], [1, 0]]
['Infinite family:', [0, 3, 1, 2], [0, 3, 2, 1], [3, 0, 1, 2], [3, 0, 2, 1], [0, 1], [1, 0]]
['Infinite family:', [0, 1, 2, 3], [1, 0, 3, 2], [2, 3, 0, 1], [3, 1, 2, 0], [0, 1], [1, 0]]
['Infinite family:', [0, 1, 2, 3], [1, 0, 3, 2], [2, 3, 0, 1], [3, 2, 1, 0], [0, 1], [1, 0]]
['Infinite family:', [0, 1, 2, 3], [1, 0, 3, 2], [2, 3, 1, 0], [3, 2, 0, 1], [0, 1], [1, 0]]
['Infinite family:', [0, 1, 3, 2], [1, 0, 2, 3], [2, 3, 0, 1], [3, 2, 1, 0], [0, 1], [1, 0]]
['Infinite family:', [0, 1, 3, 2], [1, 0, 2, 3], [2, 3, 1, 0], [3, 2, 0, 1], [0, 1], [1, 0]]
['Infinite family:', [0, 1, 2, 3], [1, 2, 3, 0], [2, 3, 0, 1], [3, 0, 1, 2], [0, 1], [1, 0]]
['Infinite family:', [0, 1, 3, 2], [1, 2, 0, 3], [2, 3, 1, 0], [3, 0, 2, 1], [0, 1], [1, 0]]
['Infinite family:', [0, 1, 2, 3], [1, 3, 0, 2], [2, 0, 3, 1], [3, 2, 1, 0], [0, 1], [1, 0]]
['Infinite family:', [0, 1, 3, 2], [1, 3, 2, 0], [2, 0, 1, 3], [3, 2, 0, 1], [0, 1], [1, 0]]
['Infinite family:', [0, 2, 1, 3], [1, 0, 3, 2], [2, 3, 0, 1], [3, 1, 2, 0], [0, 1], [1, 0]]
['Infinite family:', [0, 2, 3, 1], [1, 0, 2, 3], [2, 3, 1, 0], [3, 1, 0, 2], [0, 1], [1, 0]]
['Infinite family:', [0, 2, 1, 3], [1, 0, 3, 2], [2, 3, 0, 1], [3, 2, 1, 0], [0, 1], [1, 0]]
['Infinite family:', [0, 2, 1, 3], [1, 3, 0, 2], [2, 0, 3, 1], [3, 1, 2, 0], [0, 1], [1, 0]]
['Infinite family:', [0, 2, 1, 3], [1, 3, 2, 0], [2, 0, 3, 1], [3, 1, 0, 2], [0, 1], [1, 0]]
['Infinite family:', [0, 2, 3, 1], [1, 3, 0, 2], [2, 0, 1, 3], [3, 1, 2, 0], [0, 1], [1, 0]]
['Infinite family:', [0, 2, 3, 1], [1, 3, 2, 0], [2, 0, 1, 3], [3, 1, 0, 2], [0, 1], [1, 0]]
['Infinite family:', [0, 2, 1, 3], [1, 3, 0, 2], [2, 1, 3, 0], [3, 0, 2, 1], [0, 1], [1, 0]]
['Infinite family:', [0, 2, 3, 1], [1, 3, 2, 0], [2, 1, 0, 3], [3, 0, 1, 2], [0, 1], [1, 0]]
['Infinite family:', [0, 3, 1, 2], [1, 0, 2, 3], [2, 1, 3, 0], [3, 2, 0, 1], [0, 1], [1, 0]]
['Infinite family:', [0, 3, 2, 1], [1, 0, 3, 2], [2, 1, 0, 3], [3, 2, 1, 0], [0, 1], [1, 0]]
['Infinite family:', [0, 3, 1, 2], [1, 2, 0, 3], [2, 0, 3, 1], [3, 1, 2, 0], [0, 1], [1, 0]]
['Infinite family:', [0, 3, 2, 1], [1, 2, 3, 0], [2, 0, 1, 3], [3, 1, 0, 2], [0, 1], [1, 0]]
['Infinite family:', [0, 3, 1, 2], [1, 2, 0, 3], [2, 1, 3, 0], [3, 0, 2, 1], [0, 1], [1, 0]]
['Infinite family:', [0, 3, 1, 2], [1, 2, 3, 0], [2, 1, 0, 3], [3, 0, 2, 1], [0, 1], [1, 0]]
['Infinite family:', [0, 3, 2, 1], [1, 2, 0, 3], [2, 1, 3, 0], [3, 0, 1, 2], [0, 1], [1, 0]]
['Infinite family:', [0, 3, 2, 1], [1, 2, 3, 0], [2, 1, 0, 3], [3, 0, 1, 2], [0, 1], [1, 0]]
['Infinite family:', [0, 1, 2, 3], [1, 0, 3, 2], [3, 1, 2, 0], [3, 2, 1, 0], [0, 1], [1, 0]]
['Infinite family:', [0, 2, 1, 3], [1, 0, 3, 2], [3, 1, 2, 0], [3, 2, 1, 0], [0, 1], [1, 0]]
['Infinite family:', [0, 1, 2, 3], [2, 3, 0, 1], [3, 1, 2, 0], [3, 2, 1, 0], [0, 1], [1, 0]]
['Infinite family:', [0, 2, 1, 3], [2, 3, 0, 1], [3, 1, 2, 0], [3, 2, 1, 0], [0, 1], [1, 0]]
['Infinite family:', [1, 0, 2, 3], [1, 3, 2, 0], [2, 0, 1, 3], [2, 3, 1, 0], [0, 1], [1, 0]]
['Infinite family:', [1, 0, 3, 2], [1, 3, 0, 2], [2, 0, 3, 1], [2, 3, 0, 1], [0, 1], [1, 0]]
['Infinite family:', [1, 2, 0, 3], [1, 2, 3, 0], [2, 1, 0, 3], [2, 1, 3, 0], [0, 1], [1, 0]]
['Infinite family:', [1, 0, 2, 3], [1, 2, 0, 3], [3, 0, 2, 1], [3, 2, 0, 1], [0, 1], [1, 0]]
['Infinite family:', [1, 0, 3, 2], [1, 2, 3, 0], [3, 0, 1, 2], [3, 2, 1, 0], [0, 1], [1, 0]]
['Infinite family:', [1, 3, 0, 2], [1, 3, 2, 0], [3, 1, 0, 2], [3, 1, 2, 0], [0, 1], [1, 0]]
['Infinite family:', [1, 0, 3, 2], [2, 3, 0, 1], [3, 1, 2, 0], [3, 2, 1, 0], [0, 1], [1, 0]]
['Infinite family:', [2, 0, 1, 3], [2, 1, 0, 3], [3, 0, 1, 2], [3, 1, 0, 2], [0, 1], [1, 0]]
['Infinite family:', [2, 0, 3, 1], [2, 1, 3, 0], [3, 0, 2, 1], [3, 1, 2, 0], [0, 1], [1, 0]]
['Infinite family:', [2, 3, 0, 1], [2, 3, 1, 0], [3, 2, 0, 1], [3, 2, 1, 0], [0, 1], [1, 0]]
[4, 4, 4, 3, 3, 3]
5*(1234) + 4*(1324) -3*(3412) + 6*(231) + 6*(312) -2*(321) 
-15*(1234) -9*(2143) + 12*(4231) + 4*(123) + 8*(132) + 8*(213) 
-12*(1324) -9*(2143) + 15*(4321) + 2*(123) + 10*(132) + 10*(213) 
15*(1234) + 9*(2143) -12*(4231) + 4*(231) + 4*(312) + 8*(321) 
12*(1324) + 9*(2143) -15*(4321) + 2*(231) + 2*(312) + 10*(321) 
['Infinite family:', [0, 1, 2, 3], [0, 2, 1, 3], [1, 0, 3, 2], [0, 1, 2], [1, 2, 0], [2, 0, 1]]
['Infinite family:', [2, 3, 0, 1], [3, 1, 2, 0], [3, 2, 1, 0], [0, 2, 1], [1, 0, 2], [2, 1, 0]]
[4, 4, 4, 3, 3, 2]
5*(1234) + 4*(1324) + 3*(2143) + 4*(132) + 4*(213) + 6*(21) 
5*(1234) + 4*(1324) -3*(3412) + 8*(132) + 8*(213) + 9*(21) 
5*(1234) + 4*(1324) -3*(3412) + 8*(231) + 8*(312) + 3*(12) 
5*(1234) + 4*(1324) -3*(3412) + 8*(231) + 8*(312) -3*(21) 
-15*(1234) -9*(2143) + 12*(4231) + 4*(132) + 4*(213) + 6*(12) 
-12*(1324) -9*(2143) + 15*(4321) + 8*(132) + 8*(213) + 3*(12) 
15*(1234) + 9*(2143) -12*(4231) -4*(132) -4*(213) + 6*(21) 
-12*(1324) -9*(2143) + 15*(4321) + 8*(132) + 8*(213) -3*(21) 
-15*(1234) -9*(2143) + 12*(4231) + 4*(231) + 4*(312) + 12*(12) 
-12*(1324) -9*(2143) + 15*(4321) + 8*(231) + 8*(312) + 15*(12) 
15*(1234) + 9*(2143) -12*(4231) -4*(231) -4*(312) + 12*(21) 
12*(1324) + 9*(2143) -15*(4321) -8*(231) -8*(312) + 15*(21) 
['Infinite family:', [0, 1, 2, 3], [0, 2, 1, 3], [1, 0, 3, 2], [0, 1, 2], [2, 1, 0], [0, 1]]
['Infinite family:', [0, 1, 2, 3], [0, 2, 1, 3], [1, 0, 3, 2], [0, 1, 2], [2, 1, 0], [1, 0]]
['Infinite family:', [0, 1, 2, 3], [0, 2, 1, 3], [2, 3, 0, 1], [0, 1, 2], [2, 1, 0], [0, 1]]
['Infinite family:', [0, 1, 2, 3], [0, 2, 1, 3], [2, 3, 0, 1], [0, 1, 2], [2, 1, 0], [1, 0]]
['Infinite family:', [0, 1, 2, 3], [0, 1, 3, 2], [3, 2, 1, 0], [0, 1, 2], [2, 1, 0], [0, 1]]
['Infinite family:', [0, 1, 2, 3], [0, 2, 1, 3], [3, 1, 2, 0], [0, 1, 2], [2, 1, 0], [0, 1]]
['Infinite family:', [0, 1, 3, 2], [0, 2, 1, 3], [3, 1, 2, 0], [0, 1, 2], [2, 1, 0], [0, 1]]
['Infinite family:', [0, 1, 2, 3], [0, 2, 1, 3], [3, 2, 1, 0], [0, 1, 2], [2, 1, 0], [0, 1]]
['Infinite family:', [0, 1, 2, 3], [0, 2, 3, 1], [3, 2, 1, 0], [0, 1, 2], [2, 1, 0], [0, 1]]
['Infinite family:', [0, 1, 2, 3], [0, 3, 1, 2], [3, 2, 1, 0], [0, 1, 2], [2, 1, 0], [0, 1]]
['Infinite family:', [0, 1, 2, 3], [0, 3, 2, 1], [3, 2, 1, 0], [0, 1, 2], [2, 1, 0], [0, 1]]
['Infinite family:', [0, 2, 1, 3], [0, 2, 3, 1], [3, 1, 2, 0], [0, 1, 2], [2, 1, 0], [0, 1]]
['Infinite family:', [0, 2, 1, 3], [0, 3, 1, 2], [3, 1, 2, 0], [0, 1, 2], [2, 1, 0], [0, 1]]
['Infinite family:', [0, 2, 1, 3], [0, 3, 2, 1], [3, 1, 2, 0], [0, 1, 2], [2, 1, 0], [0, 1]]
['Infinite family:', [0, 1, 2, 3], [0, 1, 3, 2], [3, 2, 1, 0], [0, 1, 2], [2, 1, 0], [1, 0]]
['Infinite family:', [0, 1, 2, 3], [0, 2, 1, 3], [3, 1, 2, 0], [0, 1, 2], [2, 1, 0], [1, 0]]
['Infinite family:', [0, 1, 3, 2], [0, 2, 1, 3], [3, 1, 2, 0], [0, 1, 2], [2, 1, 0], [1, 0]]
['Infinite family:', [0, 1, 2, 3], [0, 2, 1, 3], [3, 2, 1, 0], [0, 1, 2], [2, 1, 0], [1, 0]]
['Infinite family:', [0, 1, 2, 3], [0, 2, 3, 1], [3, 2, 1, 0], [0, 1, 2], [2, 1, 0], [1, 0]]
['Infinite family:', [0, 1, 2, 3], [0, 3, 1, 2], [3, 2, 1, 0], [0, 1, 2], [2, 1, 0], [1, 0]]
['Infinite family:', [0, 1, 2, 3], [0, 3, 2, 1], [3, 2, 1, 0], [0, 1, 2], [2, 1, 0], [1, 0]]
['Infinite family:', [0, 2, 1, 3], [0, 2, 3, 1], [3, 1, 2, 0], [0, 1, 2], [2, 1, 0], [1, 0]]
['Infinite family:', [0, 2, 1, 3], [0, 3, 1, 2], [3, 1, 2, 0], [0, 1, 2], [2, 1, 0], [1, 0]]
['Infinite family:', [0, 2, 1, 3], [0, 3, 2, 1], [3, 1, 2, 0], [0, 1, 2], [2, 1, 0], [1, 0]]
['Infinite family:', [0, 1, 2, 3], [1, 0, 3, 2], [2, 3, 0, 1], [0, 1, 2], [2, 1, 0], [0, 1]]
['Infinite family:', [0, 1, 3, 2], [1, 0, 3, 2], [2, 3, 0, 1], [0, 1, 2], [2, 1, 0], [0, 1]]
['Infinite family:', [0, 1, 2, 3], [1, 3, 0, 2], [2, 0, 3, 1], [0, 1, 2], [2, 1, 0], [0, 1]]
['Infinite family:', [0, 1, 3, 2], [1, 3, 0, 2], [2, 0, 3, 1], [0, 1, 2], [2, 1, 0], [0, 1]]
['Infinite family:', [0, 2, 1, 3], [1, 0, 3, 2], [2, 3, 0, 1], [0, 1, 2], [2, 1, 0], [0, 1]]
['Infinite family:', [0, 2, 3, 1], [1, 0, 3, 2], [2, 3, 0, 1], [0, 1, 2], [2, 1, 0], [0, 1]]
['Infinite family:', [0, 2, 1, 3], [1, 3, 0, 2], [2, 0, 3, 1], [0, 1, 2], [2, 1, 0], [0, 1]]
['Infinite family:', [0, 2, 3, 1], [1, 3, 0, 2], [2, 0, 3, 1], [0, 1, 2], [2, 1, 0], [0, 1]]
['Infinite family:', [0, 3, 1, 2], [1, 0, 3, 2], [2, 3, 0, 1], [0, 1, 2], [2, 1, 0], [0, 1]]
['Infinite family:', [0, 3, 2, 1], [1, 0, 3, 2], [2, 3, 0, 1], [0, 1, 2], [2, 1, 0], [0, 1]]
['Infinite family:', [0, 3, 1, 2], [1, 3, 0, 2], [2, 0, 3, 1], [0, 1, 2], [2, 1, 0], [0, 1]]
['Infinite family:', [0, 3, 2, 1], [1, 3, 0, 2], [2, 0, 3, 1], [0, 1, 2], [2, 1, 0], [0, 1]]
['Infinite family:', [0, 1, 2, 3], [1, 0, 3, 2], [2, 3, 0, 1], [0, 1, 2], [2, 1, 0], [1, 0]]
['Infinite family:', [0, 1, 3, 2], [1, 0, 3, 2], [2, 3, 0, 1], [0, 1, 2], [2, 1, 0], [1, 0]]
['Infinite family:', [0, 1, 2, 3], [1, 3, 0, 2], [2, 0, 3, 1], [0, 1, 2], [2, 1, 0], [1, 0]]
['Infinite family:', [0, 1, 3, 2], [1, 3, 0, 2], [2, 0, 3, 1], [0, 1, 2], [2, 1, 0], [1, 0]]
['Infinite family:', [0, 2, 1, 3], [1, 0, 3, 2], [2, 3, 0, 1], [0, 1, 2], [2, 1, 0], [1, 0]]
['Infinite family:', [0, 2, 3, 1], [1, 0, 3, 2], [2, 3, 0, 1], [0, 1, 2], [2, 1, 0], [1, 0]]
['Infinite family:', [0, 2, 1, 3], [1, 3, 0, 2], [2, 0, 3, 1], [0, 1, 2], [2, 1, 0], [1, 0]]
['Infinite family:', [0, 2, 3, 1], [1, 3, 0, 2], [2, 0, 3, 1], [0, 1, 2], [2, 1, 0], [1, 0]]
['Infinite family:', [0, 3, 1, 2], [1, 0, 3, 2], [2, 3, 0, 1], [0, 1, 2], [2, 1, 0], [1, 0]]
['Infinite family:', [0, 3, 2, 1], [1, 0, 3, 2], [2, 3, 0, 1], [0, 1, 2], [2, 1, 0], [1, 0]]
['Infinite family:', [0, 3, 1, 2], [1, 3, 0, 2], [2, 0, 3, 1], [0, 1, 2], [2, 1, 0], [1, 0]]
['Infinite family:', [0, 3, 2, 1], [1, 3, 0, 2], [2, 0, 3, 1], [0, 1, 2], [2, 1, 0], [1, 0]]
['Infinite family:', [0, 1, 2, 3], [1, 0, 3, 2], [3, 1, 2, 0], [0, 1, 2], [2, 1, 0], [0, 1]]
['Infinite family:', [0, 1, 2, 3], [1, 0, 2, 3], [3, 2, 1, 0], [0, 1, 2], [2, 1, 0], [0, 1]]
['Infinite family:', [0, 1, 2, 3], [1, 0, 3, 2], [3, 2, 1, 0], [0, 1, 2], [2, 1, 0], [0, 1]]
['Infinite family:', [0, 1, 2, 3], [1, 2, 0, 3], [3, 2, 1, 0], [0, 1, 2], [2, 1, 0], [0, 1]]
['Infinite family:', [0, 1, 2, 3], [1, 2, 3, 0], [3, 2, 1, 0], [0, 1, 2], [2, 1, 0], [0, 1]]
['Infinite family:', [0, 1, 2, 3], [1, 3, 0, 2], [3, 2, 1, 0], [0, 1, 2], [2, 1, 0], [0, 1]]
['Infinite family:', [0, 1, 2, 3], [1, 3, 2, 0], [3, 2, 1, 0], [0, 1, 2], [2, 1, 0], [0, 1]]
['Infinite family:', [0, 2, 1, 3], [1, 0, 2, 3], [3, 1, 2, 0], [0, 1, 2], [2, 1, 0], [0, 1]]
['Infinite family:', [0, 2, 1, 3], [1, 0, 3, 2], [3, 1, 2, 0], [0, 1, 2], [2, 1, 0], [0, 1]]
['Infinite family:', [0, 2, 1, 3], [1, 0, 3, 2], [3, 2, 1, 0], [0, 1, 2], [2, 1, 0], [0, 1]]
['Infinite family:', [0, 2, 1, 3], [1, 2, 0, 3], [3, 1, 2, 0], [0, 1, 2], [2, 1, 0], [0, 1]]
['Infinite family:', [0, 2, 1, 3], [1, 2, 3, 0], [3, 1, 2, 0], [0, 1, 2], [2, 1, 0], [0, 1]]
['Infinite family:', [0, 2, 1, 3], [1, 3, 0, 2], [3, 1, 2, 0], [0, 1, 2], [2, 1, 0], [0, 1]]
['Infinite family:', [0, 2, 1, 3], [1, 3, 2, 0], [3, 1, 2, 0], [0, 1, 2], [2, 1, 0], [0, 1]]
['Infinite family:', [0, 1, 2, 3], [1, 0, 3, 2], [3, 1, 2, 0], [0, 1, 2], [2, 1, 0], [1, 0]]
['Infinite family:', [0, 1, 2, 3], [1, 0, 2, 3], [3, 2, 1, 0], [0, 1, 2], [2, 1, 0], [1, 0]]
['Infinite family:', [0, 1, 2, 3], [1, 0, 3, 2], [3, 2, 1, 0], [0, 1, 2], [2, 1, 0], [1, 0]]
['Infinite family:', [0, 1, 2, 3], [1, 2, 0, 3], [3, 2, 1, 0], [0, 1, 2], [2, 1, 0], [1, 0]]
['Infinite family:', [0, 1, 2, 3], [1, 2, 3, 0], [3, 2, 1, 0], [0, 1, 2], [2, 1, 0], [1, 0]]
['Infinite family:', [0, 1, 2, 3], [1, 3, 0, 2], [3, 2, 1, 0], [0, 1, 2], [2, 1, 0], [1, 0]]
['Infinite family:', [0, 1, 2, 3], [1, 3, 2, 0], [3, 2, 1, 0], [0, 1, 2], [2, 1, 0], [1, 0]]
['Infinite family:', [0, 2, 1, 3], [1, 0, 2, 3], [3, 1, 2, 0], [0, 1, 2], [2, 1, 0], [1, 0]]
['Infinite family:', [0, 2, 1, 3], [1, 0, 3, 2], [3, 1, 2, 0], [0, 1, 2], [2, 1, 0], [1, 0]]
['Infinite family:', [0, 2, 1, 3], [1, 0, 3, 2], [3, 2, 1, 0], [0, 1, 2], [2, 1, 0], [1, 0]]
['Infinite family:', [0, 2, 1, 3], [1, 2, 0, 3], [3, 1, 2, 0], [0, 1, 2], [2, 1, 0], [1, 0]]
['Infinite family:', [0, 2, 1, 3], [1, 2, 3, 0], [3, 1, 2, 0], [0, 1, 2], [2, 1, 0], [1, 0]]
['Infinite family:', [0, 2, 1, 3], [1, 3, 0, 2], [3, 1, 2, 0], [0, 1, 2], [2, 1, 0], [1, 0]]
['Infinite family:', [0, 2, 1, 3], [1, 3, 2, 0], [3, 1, 2, 0], [0, 1, 2], [2, 1, 0], [1, 0]]
['Infinite family:', [0, 1, 2, 3], [2, 0, 1, 3], [3, 2, 1, 0], [0, 1, 2], [2, 1, 0], [0, 1]]
['Infinite family:', [0, 1, 2, 3], [2, 0, 3, 1], [3, 2, 1, 0], [0, 1, 2], [2, 1, 0], [0, 1]]
['Infinite family:', [0, 1, 2, 3], [2, 1, 0, 3], [3, 2, 1, 0], [0, 1, 2], [2, 1, 0], [0, 1]]
['Infinite family:', [0, 1, 2, 3], [2, 1, 3, 0], [3, 2, 1, 0], [0, 1, 2], [2, 1, 0], [0, 1]]
['Infinite family:', [0, 1, 2, 3], [2, 3, 0, 1], [3, 1, 2, 0], [0, 1, 2], [2, 1, 0], [0, 1]]
['Infinite family:', [0, 1, 2, 3], [2, 3, 0, 1], [3, 2, 1, 0], [0, 1, 2], [2, 1, 0], [0, 1]]
['Infinite family:', [0, 1, 2, 3], [2, 3, 1, 0], [3, 2, 1, 0], [0, 1, 2], [2, 1, 0], [0, 1]]
['Infinite family:', [0, 2, 1, 3], [2, 0, 1, 3], [3, 1, 2, 0], [0, 1, 2], [2, 1, 0], [0, 1]]
['Infinite family:', [0, 2, 1, 3], [2, 0, 3, 1], [3, 1, 2, 0], [0, 1, 2], [2, 1, 0], [0, 1]]
['Infinite family:', [0, 2, 1, 3], [2, 1, 0, 3], [3, 1, 2, 0], [0, 1, 2], [2, 1, 0], [0, 1]]
['Infinite family:', [0, 2, 1, 3], [2, 1, 3, 0], [3, 1, 2, 0], [0, 1, 2], [2, 1, 0], [0, 1]]
['Infinite family:', [0, 2, 1, 3], [2, 3, 0, 1], [3, 1, 2, 0], [0, 1, 2], [2, 1, 0], [0, 1]]
['Infinite family:', [0, 2, 1, 3], [2, 3, 1, 0], [3, 1, 2, 0], [0, 1, 2], [2, 1, 0], [0, 1]]
['Infinite family:', [0, 2, 1, 3], [2, 3, 0, 1], [3, 2, 1, 0], [0, 1, 2], [2, 1, 0], [0, 1]]
['Infinite family:', [0, 1, 2, 3], [2, 0, 1, 3], [3, 2, 1, 0], [0, 1, 2], [2, 1, 0], [1, 0]]
['Infinite family:', [0, 1, 2, 3], [2, 0, 3, 1], [3, 2, 1, 0], [0, 1, 2], [2, 1, 0], [1, 0]]
['Infinite family:', [0, 1, 2, 3], [2, 1, 0, 3], [3, 2, 1, 0], [0, 1, 2], [2, 1, 0], [1, 0]]
['Infinite family:', [0, 1, 2, 3], [2, 1, 3, 0], [3, 2, 1, 0], [0, 1, 2], [2, 1, 0], [1, 0]]
['Infinite family:', [0, 1, 2, 3], [2, 3, 0, 1], [3, 1, 2, 0], [0, 1, 2], [2, 1, 0], [1, 0]]
['Infinite family:', [0, 1, 2, 3], [2, 3, 0, 1], [3, 2, 1, 0], [0, 1, 2], [2, 1, 0], [1, 0]]
['Infinite family:', [0, 1, 2, 3], [2, 3, 1, 0], [3, 2, 1, 0], [0, 1, 2], [2, 1, 0], [1, 0]]
['Infinite family:', [0, 2, 1, 3], [2, 0, 1, 3], [3, 1, 2, 0], [0, 1, 2], [2, 1, 0], [1, 0]]
['Infinite family:', [0, 2, 1, 3], [2, 0, 3, 1], [3, 1, 2, 0], [0, 1, 2], [2, 1, 0], [1, 0]]
['Infinite family:', [0, 2, 1, 3], [2, 1, 0, 3], [3, 1, 2, 0], [0, 1, 2], [2, 1, 0], [1, 0]]
['Infinite family:', [0, 2, 1, 3], [2, 1, 3, 0], [3, 1, 2, 0], [0, 1, 2], [2, 1, 0], [1, 0]]
['Infinite family:', [0, 2, 1, 3], [2, 3, 0, 1], [3, 1, 2, 0], [0, 1, 2], [2, 1, 0], [1, 0]]
['Infinite family:', [0, 2, 1, 3], [2, 3, 1, 0], [3, 1, 2, 0], [0, 1, 2], [2, 1, 0], [1, 0]]
['Infinite family:', [0, 2, 1, 3], [2, 3, 0, 1], [3, 2, 1, 0], [0, 1, 2], [2, 1, 0], [1, 0]]
['Infinite family:', [0, 1, 2, 3], [3, 0, 1, 2], [3, 2, 1, 0], [0, 1, 2], [2, 1, 0], [0, 1]]
['Infinite family:', [0, 1, 2, 3], [3, 0, 2, 1], [3, 2, 1, 0], [0, 1, 2], [2, 1, 0], [0, 1]]
['Infinite family:', [0, 1, 2, 3], [3, 1, 0, 2], [3, 2, 1, 0], [0, 1, 2], [2, 1, 0], [0, 1]]
['Infinite family:', [0, 1, 2, 3], [3, 1, 2, 0], [3, 2, 1, 0], [0, 1, 2], [2, 1, 0], [0, 1]]
['Infinite family:', [0, 1, 2, 3], [3, 2, 0, 1], [3, 2, 1, 0], [0, 1, 2], [2, 1, 0], [0, 1]]
['Infinite family:', [0, 2, 1, 3], [3, 0, 1, 2], [3, 1, 2, 0], [0, 1, 2], [2, 1, 0], [0, 1]]
['Infinite family:', [0, 2, 1, 3], [3, 0, 2, 1], [3, 1, 2, 0], [0, 1, 2], [2, 1, 0], [0, 1]]
['Infinite family:', [0, 2, 1, 3], [3, 1, 0, 2], [3, 1, 2, 0], [0, 1, 2], [2, 1, 0], [0, 1]]
['Infinite family:', [0, 2, 1, 3], [3, 1, 2, 0], [3, 2, 0, 1], [0, 1, 2], [2, 1, 0], [0, 1]]
['Infinite family:', [0, 2, 1, 3], [3, 1, 2, 0], [3, 2, 1, 0], [0, 1, 2], [2, 1, 0], [0, 1]]
['Infinite family:', [0, 1, 2, 3], [3, 0, 1, 2], [3, 2, 1, 0], [0, 1, 2], [2, 1, 0], [1, 0]]
['Infinite family:', [0, 1, 2, 3], [3, 0, 2, 1], [3, 2, 1, 0], [0, 1, 2], [2, 1, 0], [1, 0]]
['Infinite family:', [0, 1, 2, 3], [3, 1, 0, 2], [3, 2, 1, 0], [0, 1, 2], [2, 1, 0], [1, 0]]
['Infinite family:', [0, 1, 2, 3], [3, 1, 2, 0], [3, 2, 1, 0], [0, 1, 2], [2, 1, 0], [1, 0]]
['Infinite family:', [0, 1, 2, 3], [3, 2, 0, 1], [3, 2, 1, 0], [0, 1, 2], [2, 1, 0], [1, 0]]
['Infinite family:', [0, 2, 1, 3], [3, 0, 1, 2], [3, 1, 2, 0], [0, 1, 2], [2, 1, 0], [1, 0]]
['Infinite family:', [0, 2, 1, 3], [3, 0, 2, 1], [3, 1, 2, 0], [0, 1, 2], [2, 1, 0], [1, 0]]
['Infinite family:', [0, 2, 1, 3], [3, 1, 0, 2], [3, 1, 2, 0], [0, 1, 2], [2, 1, 0], [1, 0]]
['Infinite family:', [0, 2, 1, 3], [3, 1, 2, 0], [3, 2, 0, 1], [0, 1, 2], [2, 1, 0], [1, 0]]
['Infinite family:', [0, 2, 1, 3], [3, 1, 2, 0], [3, 2, 1, 0], [0, 1, 2], [2, 1, 0], [1, 0]]
['Infinite family:', [1, 0, 2, 3], [1, 0, 3, 2], [2, 3, 0, 1], [0, 1, 2], [2, 1, 0], [0, 1]]
['Infinite family:', [1, 0, 3, 2], [1, 2, 0, 3], [2, 3, 0, 1], [0, 1, 2], [2, 1, 0], [0, 1]]
['Infinite family:', [1, 0, 3, 2], [1, 2, 3, 0], [2, 3, 0, 1], [0, 1, 2], [2, 1, 0], [0, 1]]
['Infinite family:', [1, 0, 2, 3], [1, 3, 0, 2], [2, 0, 3, 1], [0, 1, 2], [2, 1, 0], [0, 1]]
['Infinite family:', [1, 0, 3, 2], [1, 3, 0, 2], [2, 0, 3, 1], [0, 1, 2], [2, 1, 0], [0, 1]]
['Infinite family:', [1, 0, 3, 2], [1, 3, 0, 2], [2, 3, 0, 1], [0, 1, 2], [2, 1, 0], [0, 1]]
['Infinite family:', [1, 0, 3, 2], [1, 3, 2, 0], [2, 3, 0, 1], [0, 1, 2], [2, 1, 0], [0, 1]]
['Infinite family:', [1, 2, 0, 3], [1, 3, 0, 2], [2, 0, 3, 1], [0, 1, 2], [2, 1, 0], [0, 1]]
['Infinite family:', [1, 2, 3, 0], [1, 3, 0, 2], [2, 0, 3, 1], [0, 1, 2], [2, 1, 0], [0, 1]]
['Infinite family:', [1, 3, 0, 2], [1, 3, 2, 0], [2, 0, 3, 1], [0, 1, 2], [2, 1, 0], [0, 1]]
['Infinite family:', [1, 0, 2, 3], [1, 0, 3, 2], [2, 3, 0, 1], [0, 1, 2], [2, 1, 0], [1, 0]]
['Infinite family:', [1, 0, 3, 2], [1, 2, 0, 3], [2, 3, 0, 1], [0, 1, 2], [2, 1, 0], [1, 0]]
['Infinite family:', [1, 0, 3, 2], [1, 2, 3, 0], [2, 3, 0, 1], [0, 1, 2], [2, 1, 0], [1, 0]]
['Infinite family:', [1, 0, 2, 3], [1, 3, 0, 2], [2, 0, 3, 1], [0, 1, 2], [2, 1, 0], [1, 0]]
['Infinite family:', [1, 0, 3, 2], [1, 3, 0, 2], [2, 0, 3, 1], [0, 1, 2], [2, 1, 0], [1, 0]]
['Infinite family:', [1, 0, 3, 2], [1, 3, 0, 2], [2, 3, 0, 1], [0, 1, 2], [2, 1, 0], [1, 0]]
['Infinite family:', [1, 0, 3, 2], [1, 3, 2, 0], [2, 3, 0, 1], [0, 1, 2], [2, 1, 0], [1, 0]]
['Infinite family:', [1, 2, 0, 3], [1, 3, 0, 2], [2, 0, 3, 1], [0, 1, 2], [2, 1, 0], [1, 0]]
['Infinite family:', [1, 2, 3, 0], [1, 3, 0, 2], [2, 0, 3, 1], [0, 1, 2], [2, 1, 0], [1, 0]]
['Infinite family:', [1, 3, 0, 2], [1, 3, 2, 0], [2, 0, 3, 1], [0, 1, 2], [2, 1, 0], [1, 0]]
['Infinite family:', [1, 0, 3, 2], [2, 0, 1, 3], [2, 3, 0, 1], [0, 1, 2], [2, 1, 0], [0, 1]]
['Infinite family:', [1, 0, 3, 2], [2, 0, 3, 1], [2, 3, 0, 1], [0, 1, 2], [2, 1, 0], [0, 1]]
['Infinite family:', [1, 0, 3, 2], [2, 1, 0, 3], [2, 3, 0, 1], [0, 1, 2], [2, 1, 0], [0, 1]]
['Infinite family:', [1, 0, 3, 2], [2, 1, 3, 0], [2, 3, 0, 1], [0, 1, 2], [2, 1, 0], [0, 1]]
['Infinite family:', [1, 0, 3, 2], [2, 3, 0, 1], [2, 3, 1, 0], [0, 1, 2], [2, 1, 0], [0, 1]]
['Infinite family:', [1, 3, 0, 2], [2, 0, 1, 3], [2, 0, 3, 1], [0, 1, 2], [2, 1, 0], [0, 1]]
['Infinite family:', [1, 3, 0, 2], [2, 0, 3, 1], [2, 1, 0, 3], [0, 1, 2], [2, 1, 0], [0, 1]]
['Infinite family:', [1, 3, 0, 2], [2, 0, 3, 1], [2, 1, 3, 0], [0, 1, 2], [2, 1, 0], [0, 1]]
['Infinite family:', [1, 3, 0, 2], [2, 0, 3, 1], [2, 3, 0, 1], [0, 1, 2], [2, 1, 0], [0, 1]]
['Infinite family:', [1, 3, 0, 2], [2, 0, 3, 1], [2, 3, 1, 0], [0, 1, 2], [2, 1, 0], [0, 1]]
['Infinite family:', [1, 0, 3, 2], [2, 0, 1, 3], [2, 3, 0, 1], [0, 1, 2], [2, 1, 0], [1, 0]]
['Infinite family:', [1, 0, 3, 2], [2, 0, 3, 1], [2, 3, 0, 1], [0, 1, 2], [2, 1, 0], [1, 0]]
['Infinite family:', [1, 0, 3, 2], [2, 1, 0, 3], [2, 3, 0, 1], [0, 1, 2], [2, 1, 0], [1, 0]]
['Infinite family:', [1, 0, 3, 2], [2, 1, 3, 0], [2, 3, 0, 1], [0, 1, 2], [2, 1, 0], [1, 0]]
['Infinite family:', [1, 0, 3, 2], [2, 3, 0, 1], [2, 3, 1, 0], [0, 1, 2], [2, 1, 0], [1, 0]]
['Infinite family:', [1, 3, 0, 2], [2, 0, 1, 3], [2, 0, 3, 1], [0, 1, 2], [2, 1, 0], [1, 0]]
['Infinite family:', [1, 3, 0, 2], [2, 0, 3, 1], [2, 1, 0, 3], [0, 1, 2], [2, 1, 0], [1, 0]]
['Infinite family:', [1, 3, 0, 2], [2, 0, 3, 1], [2, 1, 3, 0], [0, 1, 2], [2, 1, 0], [1, 0]]
['Infinite family:', [1, 3, 0, 2], [2, 0, 3, 1], [2, 3, 0, 1], [0, 1, 2], [2, 1, 0], [1, 0]]
['Infinite family:', [1, 3, 0, 2], [2, 0, 3, 1], [2, 3, 1, 0], [0, 1, 2], [2, 1, 0], [1, 0]]
['Infinite family:', [1, 0, 3, 2], [2, 3, 0, 1], [3, 0, 1, 2], [0, 1, 2], [2, 1, 0], [0, 1]]
['Infinite family:', [1, 0, 3, 2], [2, 3, 0, 1], [3, 0, 2, 1], [0, 1, 2], [2, 1, 0], [0, 1]]
['Infinite family:', [1, 0, 3, 2], [2, 3, 0, 1], [3, 1, 0, 2], [0, 1, 2], [2, 1, 0], [0, 1]]
['Infinite family:', [1, 0, 3, 2], [2, 3, 0, 1], [3, 1, 2, 0], [0, 1, 2], [2, 1, 0], [0, 1]]
['Infinite family:', [1, 0, 3, 2], [2, 3, 0, 1], [3, 2, 0, 1], [0, 1, 2], [2, 1, 0], [0, 1]]
['Infinite family:', [1, 0, 3, 2], [2, 3, 0, 1], [3, 2, 1, 0], [0, 1, 2], [2, 1, 0], [0, 1]]
['Infinite family:', [1, 3, 0, 2], [2, 0, 3, 1], [3, 0, 1, 2], [0, 1, 2], [2, 1, 0], [0, 1]]
['Infinite family:', [1, 3, 0, 2], [2, 0, 3, 1], [3, 0, 2, 1], [0, 1, 2], [2, 1, 0], [0, 1]]
['Infinite family:', [1, 3, 0, 2], [2, 0, 3, 1], [3, 1, 0, 2], [0, 1, 2], [2, 1, 0], [0, 1]]
['Infinite family:', [1, 3, 0, 2], [2, 0, 3, 1], [3, 1, 2, 0], [0, 1, 2], [2, 1, 0], [0, 1]]
['Infinite family:', [1, 3, 0, 2], [2, 0, 3, 1], [3, 2, 0, 1], [0, 1, 2], [2, 1, 0], [0, 1]]
['Infinite family:', [1, 3, 0, 2], [2, 0, 3, 1], [3, 2, 1, 0], [0, 1, 2], [2, 1, 0], [0, 1]]
['Infinite family:', [1, 0, 3, 2], [2, 3, 0, 1], [3, 0, 1, 2], [0, 1, 2], [2, 1, 0], [1, 0]]
['Infinite family:', [1, 0, 3, 2], [2, 3, 0, 1], [3, 0, 2, 1], [0, 1, 2], [2, 1, 0], [1, 0]]
['Infinite family:', [1, 0, 3, 2], [2, 3, 0, 1], [3, 1, 0, 2], [0, 1, 2], [2, 1, 0], [1, 0]]
['Infinite family:', [1, 0, 3, 2], [2, 3, 0, 1], [3, 1, 2, 0], [0, 1, 2], [2, 1, 0], [1, 0]]
['Infinite family:', [1, 0, 3, 2], [2, 3, 0, 1], [3, 2, 0, 1], [0, 1, 2], [2, 1, 0], [1, 0]]
['Infinite family:', [1, 0, 3, 2], [2, 3, 0, 1], [3, 2, 1, 0], [0, 1, 2], [2, 1, 0], [1, 0]]
['Infinite family:', [1, 3, 0, 2], [2, 0, 3, 1], [3, 0, 1, 2], [0, 1, 2], [2, 1, 0], [1, 0]]
['Infinite family:', [1, 3, 0, 2], [2, 0, 3, 1], [3, 0, 2, 1], [0, 1, 2], [2, 1, 0], [1, 0]]
['Infinite family:', [1, 3, 0, 2], [2, 0, 3, 1], [3, 1, 0, 2], [0, 1, 2], [2, 1, 0], [1, 0]]
['Infinite family:', [1, 3, 0, 2], [2, 0, 3, 1], [3, 1, 2, 0], [0, 1, 2], [2, 1, 0], [1, 0]]
['Infinite family:', [1, 3, 0, 2], [2, 0, 3, 1], [3, 2, 0, 1], [0, 1, 2], [2, 1, 0], [1, 0]]
['Infinite family:', [1, 3, 0, 2], [2, 0, 3, 1], [3, 2, 1, 0], [0, 1, 2], [2, 1, 0], [1, 0]]
['Infinite family:', [1, 0, 3, 2], [3, 1, 2, 0], [3, 2, 1, 0], [0, 1, 2], [2, 1, 0], [0, 1]]
['Infinite family:', [1, 0, 3, 2], [3, 1, 2, 0], [3, 2, 1, 0], [0, 1, 2], [2, 1, 0], [1, 0]]
['Infinite family:', [2, 3, 0, 1], [3, 1, 2, 0], [3, 2, 1, 0], [0, 1, 2], [2, 1, 0], [0, 1]]
['Infinite family:', [2, 3, 0, 1], [3, 1, 2, 0], [3, 2, 1, 0], [0, 1, 2], [2, 1, 0], [1, 0]]
[4, 4, 4, 3, 2, 2]
['Infinite family:', [0, 1, 2, 3], [0, 2, 1, 3], [1, 0, 3, 2], [0, 1, 2], [0, 1], [1, 0]]
['Infinite family:', [0, 1, 2, 3], [0, 2, 1, 3], [1, 0, 3, 2], [2, 1, 0], [0, 1], [1, 0]]
['Infinite family:', [0, 1, 2, 3], [0, 2, 1, 3], [2, 3, 0, 1], [0, 1, 2], [0, 1], [1, 0]]
['Infinite family:', [0, 1, 2, 3], [0, 2, 1, 3], [2, 3, 0, 1], [2, 1, 0], [0, 1], [1, 0]]
['Infinite family:', [0, 1, 2, 3], [0, 1, 3, 2], [3, 2, 1, 0], [0, 1, 2], [0, 1], [1, 0]]
['Infinite family:', [0, 1, 2, 3], [0, 2, 1, 3], [3, 1, 2, 0], [0, 1, 2], [0, 1], [1, 0]]
['Infinite family:', [0, 1, 3, 2], [0, 2, 1, 3], [3, 1, 2, 0], [0, 1, 2], [0, 1], [1, 0]]
['Infinite family:', [0, 1, 2, 3], [0, 2, 1, 3], [3, 2, 1, 0], [0, 1, 2], [0, 1], [1, 0]]
['Infinite family:', [0, 1, 2, 3], [0, 2, 3, 1], [3, 2, 1, 0], [0, 1, 2], [0, 1], [1, 0]]
['Infinite family:', [0, 1, 2, 3], [0, 3, 1, 2], [3, 2, 1, 0], [0, 1, 2], [0, 1], [1, 0]]
['Infinite family:', [0, 1, 2, 3], [0, 3, 2, 1], [3, 2, 1, 0], [0, 1, 2], [0, 1], [1, 0]]
['Infinite family:', [0, 2, 1, 3], [0, 2, 3, 1], [3, 1, 2, 0], [0, 1, 2], [0, 1], [1, 0]]
['Infinite family:', [0, 2, 1, 3], [0, 3, 1, 2], [3, 1, 2, 0], [0, 1, 2], [0, 1], [1, 0]]
['Infinite family:', [0, 2, 1, 3], [0, 3, 2, 1], [3, 1, 2, 0], [0, 1, 2], [0, 1], [1, 0]]
['Infinite family:', [0, 1, 2, 3], [0, 1, 3, 2], [3, 2, 1, 0], [2, 1, 0], [0, 1], [1, 0]]
['Infinite family:', [0, 1, 2, 3], [0, 2, 1, 3], [3, 1, 2, 0], [2, 1, 0], [0, 1], [1, 0]]
['Infinite family:', [0, 1, 3, 2], [0, 2, 1, 3], [3, 1, 2, 0], [2, 1, 0], [0, 1], [1, 0]]
['Infinite family:', [0, 1, 2, 3], [0, 2, 1, 3], [3, 2, 1, 0], [2, 1, 0], [0, 1], [1, 0]]
['Infinite family:', [0, 1, 2, 3], [0, 2, 3, 1], [3, 2, 1, 0], [2, 1, 0], [0, 1], [1, 0]]
['Infinite family:', [0, 1, 2, 3], [0, 3, 1, 2], [3, 2, 1, 0], [2, 1, 0], [0, 1], [1, 0]]
['Infinite family:', [0, 1, 2, 3], [0, 3, 2, 1], [3, 2, 1, 0], [2, 1, 0], [0, 1], [1, 0]]
['Infinite family:', [0, 2, 1, 3], [0, 2, 3, 1], [3, 1, 2, 0], [2, 1, 0], [0, 1], [1, 0]]
['Infinite family:', [0, 2, 1, 3], [0, 3, 1, 2], [3, 1, 2, 0], [2, 1, 0], [0, 1], [1, 0]]
['Infinite family:', [0, 2, 1, 3], [0, 3, 2, 1], [3, 1, 2, 0], [2, 1, 0], [0, 1], [1, 0]]
['Infinite family:', [0, 1, 2, 3], [1, 0, 3, 2], [2, 3, 0, 1], [0, 1, 2], [0, 1], [1, 0]]
['Infinite family:', [0, 1, 3, 2], [1, 0, 3, 2], [2, 3, 0, 1], [0, 1, 2], [0, 1], [1, 0]]
['Infinite family:', [0, 1, 2, 3], [1, 3, 0, 2], [2, 0, 3, 1], [0, 1, 2], [0, 1], [1, 0]]
['Infinite family:', [0, 1, 3, 2], [1, 3, 0, 2], [2, 0, 3, 1], [0, 1, 2], [0, 1], [1, 0]]
['Infinite family:', [0, 2, 1, 3], [1, 0, 3, 2], [2, 3, 0, 1], [0, 1, 2], [0, 1], [1, 0]]
['Infinite family:', [0, 2, 3, 1], [1, 0, 3, 2], [2, 3, 0, 1], [0, 1, 2], [0, 1], [1, 0]]
['Infinite family:', [0, 2, 1, 3], [1, 3, 0, 2], [2, 0, 3, 1], [0, 1, 2], [0, 1], [1, 0]]
['Infinite family:', [0, 2, 3, 1], [1, 3, 0, 2], [2, 0, 3, 1], [0, 1, 2], [0, 1], [1, 0]]
['Infinite family:', [0, 3, 1, 2], [1, 0, 3, 2], [2, 3, 0, 1], [0, 1, 2], [0, 1], [1, 0]]
['Infinite family:', [0, 3, 2, 1], [1, 0, 3, 2], [2, 3, 0, 1], [0, 1, 2], [0, 1], [1, 0]]
['Infinite family:', [0, 3, 1, 2], [1, 3, 0, 2], [2, 0, 3, 1], [0, 1, 2], [0, 1], [1, 0]]
['Infinite family:', [0, 3, 2, 1], [1, 3, 0, 2], [2, 0, 3, 1], [0, 1, 2], [0, 1], [1, 0]]
['Infinite family:', [0, 1, 2, 3], [1, 0, 3, 2], [2, 3, 0, 1], [2, 1, 0], [0, 1], [1, 0]]
['Infinite family:', [0, 1, 3, 2], [1, 0, 3, 2], [2, 3, 0, 1], [2, 1, 0], [0, 1], [1, 0]]
['Infinite family:', [0, 1, 2, 3], [1, 3, 0, 2], [2, 0, 3, 1], [2, 1, 0], [0, 1], [1, 0]]
['Infinite family:', [0, 1, 3, 2], [1, 3, 0, 2], [2, 0, 3, 1], [2, 1, 0], [0, 1], [1, 0]]
['Infinite family:', [0, 2, 1, 3], [1, 0, 3, 2], [2, 3, 0, 1], [2, 1, 0], [0, 1], [1, 0]]
['Infinite family:', [0, 2, 3, 1], [1, 0, 3, 2], [2, 3, 0, 1], [2, 1, 0], [0, 1], [1, 0]]
['Infinite family:', [0, 2, 1, 3], [1, 3, 0, 2], [2, 0, 3, 1], [2, 1, 0], [0, 1], [1, 0]]
['Infinite family:', [0, 2, 3, 1], [1, 3, 0, 2], [2, 0, 3, 1], [2, 1, 0], [0, 1], [1, 0]]
['Infinite family:', [0, 3, 1, 2], [1, 0, 3, 2], [2, 3, 0, 1], [2, 1, 0], [0, 1], [1, 0]]
['Infinite family:', [0, 3, 2, 1], [1, 0, 3, 2], [2, 3, 0, 1], [2, 1, 0], [0, 1], [1, 0]]
['Infinite family:', [0, 3, 1, 2], [1, 3, 0, 2], [2, 0, 3, 1], [2, 1, 0], [0, 1], [1, 0]]
['Infinite family:', [0, 3, 2, 1], [1, 3, 0, 2], [2, 0, 3, 1], [2, 1, 0], [0, 1], [1, 0]]
['Infinite family:', [0, 1, 2, 3], [1, 0, 3, 2], [3, 1, 2, 0], [0, 1, 2], [0, 1], [1, 0]]
['Infinite family:', [0, 1, 2, 3], [1, 0, 2, 3], [3, 2, 1, 0], [0, 1, 2], [0, 1], [1, 0]]
['Infinite family:', [0, 1, 2, 3], [1, 0, 3, 2], [3, 2, 1, 0], [0, 1, 2], [0, 1], [1, 0]]
['Infinite family:', [0, 1, 2, 3], [1, 2, 0, 3], [3, 2, 1, 0], [0, 1, 2], [0, 1], [1, 0]]
['Infinite family:', [0, 1, 2, 3], [1, 2, 3, 0], [3, 2, 1, 0], [0, 1, 2], [0, 1], [1, 0]]
['Infinite family:', [0, 1, 2, 3], [1, 3, 0, 2], [3, 2, 1, 0], [0, 1, 2], [0, 1], [1, 0]]
['Infinite family:', [0, 1, 2, 3], [1, 3, 2, 0], [3, 2, 1, 0], [0, 1, 2], [0, 1], [1, 0]]
['Infinite family:', [0, 2, 1, 3], [1, 0, 2, 3], [3, 1, 2, 0], [0, 1, 2], [0, 1], [1, 0]]
['Infinite family:', [0, 2, 1, 3], [1, 0, 3, 2], [3, 1, 2, 0], [0, 1, 2], [0, 1], [1, 0]]
['Infinite family:', [0, 2, 1, 3], [1, 0, 3, 2], [3, 2, 1, 0], [0, 1, 2], [0, 1], [1, 0]]
['Infinite family:', [0, 2, 1, 3], [1, 2, 0, 3], [3, 1, 2, 0], [0, 1, 2], [0, 1], [1, 0]]
['Infinite family:', [0, 2, 1, 3], [1, 2, 3, 0], [3, 1, 2, 0], [0, 1, 2], [0, 1], [1, 0]]
['Infinite family:', [0, 2, 1, 3], [1, 3, 0, 2], [3, 1, 2, 0], [0, 1, 2], [0, 1], [1, 0]]
['Infinite family:', [0, 2, 1, 3], [1, 3, 2, 0], [3, 1, 2, 0], [0, 1, 2], [0, 1], [1, 0]]
['Infinite family:', [0, 1, 2, 3], [1, 0, 3, 2], [3, 1, 2, 0], [2, 1, 0], [0, 1], [1, 0]]
['Infinite family:', [0, 1, 2, 3], [1, 0, 2, 3], [3, 2, 1, 0], [2, 1, 0], [0, 1], [1, 0]]
['Infinite family:', [0, 1, 2, 3], [1, 0, 3, 2], [3, 2, 1, 0], [2, 1, 0], [0, 1], [1, 0]]
['Infinite family:', [0, 1, 2, 3], [1, 2, 0, 3], [3, 2, 1, 0], [2, 1, 0], [0, 1], [1, 0]]
['Infinite family:', [0, 1, 2, 3], [1, 2, 3, 0], [3, 2, 1, 0], [2, 1, 0], [0, 1], [1, 0]]
['Infinite family:', [0, 1, 2, 3], [1, 3, 0, 2], [3, 2, 1, 0], [2, 1, 0], [0, 1], [1, 0]]
['Infinite family:', [0, 1, 2, 3], [1, 3, 2, 0], [3, 2, 1, 0], [2, 1, 0], [0, 1], [1, 0]]
['Infinite family:', [0, 2, 1, 3], [1, 0, 2, 3], [3, 1, 2, 0], [2, 1, 0], [0, 1], [1, 0]]
['Infinite family:', [0, 2, 1, 3], [1, 0, 3, 2], [3, 1, 2, 0], [2, 1, 0], [0, 1], [1, 0]]
['Infinite family:', [0, 2, 1, 3], [1, 0, 3, 2], [3, 2, 1, 0], [2, 1, 0], [0, 1], [1, 0]]
['Infinite family:', [0, 2, 1, 3], [1, 2, 0, 3], [3, 1, 2, 0], [2, 1, 0], [0, 1], [1, 0]]
['Infinite family:', [0, 2, 1, 3], [1, 2, 3, 0], [3, 1, 2, 0], [2, 1, 0], [0, 1], [1, 0]]
['Infinite family:', [0, 2, 1, 3], [1, 3, 0, 2], [3, 1, 2, 0], [2, 1, 0], [0, 1], [1, 0]]
['Infinite family:', [0, 2, 1, 3], [1, 3, 2, 0], [3, 1, 2, 0], [2, 1, 0], [0, 1], [1, 0]]
['Infinite family:', [0, 1, 2, 3], [2, 0, 1, 3], [3, 2, 1, 0], [0, 1, 2], [0, 1], [1, 0]]
['Infinite family:', [0, 1, 2, 3], [2, 0, 3, 1], [3, 2, 1, 0], [0, 1, 2], [0, 1], [1, 0]]
['Infinite family:', [0, 1, 2, 3], [2, 1, 0, 3], [3, 2, 1, 0], [0, 1, 2], [0, 1], [1, 0]]
['Infinite family:', [0, 1, 2, 3], [2, 1, 3, 0], [3, 2, 1, 0], [0, 1, 2], [0, 1], [1, 0]]
['Infinite family:', [0, 1, 2, 3], [2, 3, 0, 1], [3, 1, 2, 0], [0, 1, 2], [0, 1], [1, 0]]
['Infinite family:', [0, 1, 2, 3], [2, 3, 0, 1], [3, 2, 1, 0], [0, 1, 2], [0, 1], [1, 0]]
['Infinite family:', [0, 1, 2, 3], [2, 3, 1, 0], [3, 2, 1, 0], [0, 1, 2], [0, 1], [1, 0]]
['Infinite family:', [0, 2, 1, 3], [2, 0, 1, 3], [3, 1, 2, 0], [0, 1, 2], [0, 1], [1, 0]]
['Infinite family:', [0, 2, 1, 3], [2, 0, 3, 1], [3, 1, 2, 0], [0, 1, 2], [0, 1], [1, 0]]
['Infinite family:', [0, 2, 1, 3], [2, 1, 0, 3], [3, 1, 2, 0], [0, 1, 2], [0, 1], [1, 0]]
['Infinite family:', [0, 2, 1, 3], [2, 1, 3, 0], [3, 1, 2, 0], [0, 1, 2], [0, 1], [1, 0]]
['Infinite family:', [0, 2, 1, 3], [2, 3, 0, 1], [3, 1, 2, 0], [0, 1, 2], [0, 1], [1, 0]]
['Infinite family:', [0, 2, 1, 3], [2, 3, 1, 0], [3, 1, 2, 0], [0, 1, 2], [0, 1], [1, 0]]
['Infinite family:', [0, 2, 1, 3], [2, 3, 0, 1], [3, 2, 1, 0], [0, 1, 2], [0, 1], [1, 0]]
['Infinite family:', [0, 1, 2, 3], [2, 0, 1, 3], [3, 2, 1, 0], [2, 1, 0], [0, 1], [1, 0]]
['Infinite family:', [0, 1, 2, 3], [2, 0, 3, 1], [3, 2, 1, 0], [2, 1, 0], [0, 1], [1, 0]]
['Infinite family:', [0, 1, 2, 3], [2, 1, 0, 3], [3, 2, 1, 0], [2, 1, 0], [0, 1], [1, 0]]
['Infinite family:', [0, 1, 2, 3], [2, 1, 3, 0], [3, 2, 1, 0], [2, 1, 0], [0, 1], [1, 0]]
['Infinite family:', [0, 1, 2, 3], [2, 3, 0, 1], [3, 1, 2, 0], [2, 1, 0], [0, 1], [1, 0]]
['Infinite family:', [0, 1, 2, 3], [2, 3, 0, 1], [3, 2, 1, 0], [2, 1, 0], [0, 1], [1, 0]]
['Infinite family:', [0, 1, 2, 3], [2, 3, 1, 0], [3, 2, 1, 0], [2, 1, 0], [0, 1], [1, 0]]
['Infinite family:', [0, 2, 1, 3], [2, 0, 1, 3], [3, 1, 2, 0], [2, 1, 0], [0, 1], [1, 0]]
['Infinite family:', [0, 2, 1, 3], [2, 0, 3, 1], [3, 1, 2, 0], [2, 1, 0], [0, 1], [1, 0]]
['Infinite family:', [0, 2, 1, 3], [2, 1, 0, 3], [3, 1, 2, 0], [2, 1, 0], [0, 1], [1, 0]]
['Infinite family:', [0, 2, 1, 3], [2, 1, 3, 0], [3, 1, 2, 0], [2, 1, 0], [0, 1], [1, 0]]
['Infinite family:', [0, 2, 1, 3], [2, 3, 0, 1], [3, 1, 2, 0], [2, 1, 0], [0, 1], [1, 0]]
['Infinite family:', [0, 2, 1, 3], [2, 3, 1, 0], [3, 1, 2, 0], [2, 1, 0], [0, 1], [1, 0]]
['Infinite family:', [0, 2, 1, 3], [2, 3, 0, 1], [3, 2, 1, 0], [2, 1, 0], [0, 1], [1, 0]]
['Infinite family:', [0, 1, 2, 3], [3, 0, 1, 2], [3, 2, 1, 0], [0, 1, 2], [0, 1], [1, 0]]
['Infinite family:', [0, 1, 2, 3], [3, 0, 2, 1], [3, 2, 1, 0], [0, 1, 2], [0, 1], [1, 0]]
['Infinite family:', [0, 1, 2, 3], [3, 1, 0, 2], [3, 2, 1, 0], [0, 1, 2], [0, 1], [1, 0]]
['Infinite family:', [0, 1, 2, 3], [3, 1, 2, 0], [3, 2, 1, 0], [0, 1, 2], [0, 1], [1, 0]]
['Infinite family:', [0, 1, 2, 3], [3, 2, 0, 1], [3, 2, 1, 0], [0, 1, 2], [0, 1], [1, 0]]
['Infinite family:', [0, 2, 1, 3], [3, 0, 1, 2], [3, 1, 2, 0], [0, 1, 2], [0, 1], [1, 0]]
['Infinite family:', [0, 2, 1, 3], [3, 0, 2, 1], [3, 1, 2, 0], [0, 1, 2], [0, 1], [1, 0]]
['Infinite family:', [0, 2, 1, 3], [3, 1, 0, 2], [3, 1, 2, 0], [0, 1, 2], [0, 1], [1, 0]]
['Infinite family:', [0, 2, 1, 3], [3, 1, 2, 0], [3, 2, 0, 1], [0, 1, 2], [0, 1], [1, 0]]
['Infinite family:', [0, 2, 1, 3], [3, 1, 2, 0], [3, 2, 1, 0], [0, 1, 2], [0, 1], [1, 0]]
['Infinite family:', [0, 1, 2, 3], [3, 0, 1, 2], [3, 2, 1, 0], [2, 1, 0], [0, 1], [1, 0]]
['Infinite family:', [0, 1, 2, 3], [3, 0, 2, 1], [3, 2, 1, 0], [2, 1, 0], [0, 1], [1, 0]]
['Infinite family:', [0, 1, 2, 3], [3, 1, 0, 2], [3, 2, 1, 0], [2, 1, 0], [0, 1], [1, 0]]
['Infinite family:', [0, 1, 2, 3], [3, 1, 2, 0], [3, 2, 1, 0], [2, 1, 0], [0, 1], [1, 0]]
['Infinite family:', [0, 1, 2, 3], [3, 2, 0, 1], [3, 2, 1, 0], [2, 1, 0], [0, 1], [1, 0]]
['Infinite family:', [0, 2, 1, 3], [3, 0, 1, 2], [3, 1, 2, 0], [2, 1, 0], [0, 1], [1, 0]]
['Infinite family:', [0, 2, 1, 3], [3, 0, 2, 1], [3, 1, 2, 0], [2, 1, 0], [0, 1], [1, 0]]
['Infinite family:', [0, 2, 1, 3], [3, 1, 0, 2], [3, 1, 2, 0], [2, 1, 0], [0, 1], [1, 0]]
['Infinite family:', [0, 2, 1, 3], [3, 1, 2, 0], [3, 2, 0, 1], [2, 1, 0], [0, 1], [1, 0]]
['Infinite family:', [0, 2, 1, 3], [3, 1, 2, 0], [3, 2, 1, 0], [2, 1, 0], [0, 1], [1, 0]]
['Infinite family:', [1, 0, 2, 3], [1, 0, 3, 2], [2, 3, 0, 1], [0, 1, 2], [0, 1], [1, 0]]
['Infinite family:', [1, 0, 3, 2], [1, 2, 0, 3], [2, 3, 0, 1], [0, 1, 2], [0, 1], [1, 0]]
['Infinite family:', [1, 0, 3, 2], [1, 2, 3, 0], [2, 3, 0, 1], [0, 1, 2], [0, 1], [1, 0]]
['Infinite family:', [1, 0, 2, 3], [1, 3, 0, 2], [2, 0, 3, 1], [0, 1, 2], [0, 1], [1, 0]]
['Infinite family:', [1, 0, 3, 2], [1, 3, 0, 2], [2, 0, 3, 1], [0, 1, 2], [0, 1], [1, 0]]
['Infinite family:', [1, 0, 3, 2], [1, 3, 0, 2], [2, 3, 0, 1], [0, 1, 2], [0, 1], [1, 0]]
['Infinite family:', [1, 0, 3, 2], [1, 3, 2, 0], [2, 3, 0, 1], [0, 1, 2], [0, 1], [1, 0]]
['Infinite family:', [1, 2, 0, 3], [1, 3, 0, 2], [2, 0, 3, 1], [0, 1, 2], [0, 1], [1, 0]]
['Infinite family:', [1, 2, 3, 0], [1, 3, 0, 2], [2, 0, 3, 1], [0, 1, 2], [0, 1], [1, 0]]
['Infinite family:', [1, 3, 0, 2], [1, 3, 2, 0], [2, 0, 3, 1], [0, 1, 2], [0, 1], [1, 0]]
['Infinite family:', [1, 0, 2, 3], [1, 0, 3, 2], [2, 3, 0, 1], [2, 1, 0], [0, 1], [1, 0]]
['Infinite family:', [1, 0, 3, 2], [1, 2, 0, 3], [2, 3, 0, 1], [2, 1, 0], [0, 1], [1, 0]]
['Infinite family:', [1, 0, 3, 2], [1, 2, 3, 0], [2, 3, 0, 1], [2, 1, 0], [0, 1], [1, 0]]
['Infinite family:', [1, 0, 2, 3], [1, 3, 0, 2], [2, 0, 3, 1], [2, 1, 0], [0, 1], [1, 0]]
['Infinite family:', [1, 0, 3, 2], [1, 3, 0, 2], [2, 0, 3, 1], [2, 1, 0], [0, 1], [1, 0]]
['Infinite family:', [1, 0, 3, 2], [1, 3, 0, 2], [2, 3, 0, 1], [2, 1, 0], [0, 1], [1, 0]]
['Infinite family:', [1, 0, 3, 2], [1, 3, 2, 0], [2, 3, 0, 1], [2, 1, 0], [0, 1], [1, 0]]
['Infinite family:', [1, 2, 0, 3], [1, 3, 0, 2], [2, 0, 3, 1], [2, 1, 0], [0, 1], [1, 0]]
['Infinite family:', [1, 2, 3, 0], [1, 3, 0, 2], [2, 0, 3, 1], [2, 1, 0], [0, 1], [1, 0]]
['Infinite family:', [1, 3, 0, 2], [1, 3, 2, 0], [2, 0, 3, 1], [2, 1, 0], [0, 1], [1, 0]]
['Infinite family:', [1, 0, 3, 2], [2, 0, 1, 3], [2, 3, 0, 1], [0, 1, 2], [0, 1], [1, 0]]
['Infinite family:', [1, 0, 3, 2], [2, 0, 3, 1], [2, 3, 0, 1], [0, 1, 2], [0, 1], [1, 0]]
['Infinite family:', [1, 0, 3, 2], [2, 1, 0, 3], [2, 3, 0, 1], [0, 1, 2], [0, 1], [1, 0]]
['Infinite family:', [1, 0, 3, 2], [2, 1, 3, 0], [2, 3, 0, 1], [0, 1, 2], [0, 1], [1, 0]]
['Infinite family:', [1, 0, 3, 2], [2, 3, 0, 1], [2, 3, 1, 0], [0, 1, 2], [0, 1], [1, 0]]
['Infinite family:', [1, 3, 0, 2], [2, 0, 1, 3], [2, 0, 3, 1], [0, 1, 2], [0, 1], [1, 0]]
['Infinite family:', [1, 3, 0, 2], [2, 0, 3, 1], [2, 1, 0, 3], [0, 1, 2], [0, 1], [1, 0]]
['Infinite family:', [1, 3, 0, 2], [2, 0, 3, 1], [2, 1, 3, 0], [0, 1, 2], [0, 1], [1, 0]]
['Infinite family:', [1, 3, 0, 2], [2, 0, 3, 1], [2, 3, 0, 1], [0, 1, 2], [0, 1], [1, 0]]
['Infinite family:', [1, 3, 0, 2], [2, 0, 3, 1], [2, 3, 1, 0], [0, 1, 2], [0, 1], [1, 0]]
['Infinite family:', [1, 0, 3, 2], [2, 0, 1, 3], [2, 3, 0, 1], [2, 1, 0], [0, 1], [1, 0]]
['Infinite family:', [1, 0, 3, 2], [2, 0, 3, 1], [2, 3, 0, 1], [2, 1, 0], [0, 1], [1, 0]]
['Infinite family:', [1, 0, 3, 2], [2, 1, 0, 3], [2, 3, 0, 1], [2, 1, 0], [0, 1], [1, 0]]
['Infinite family:', [1, 0, 3, 2], [2, 1, 3, 0], [2, 3, 0, 1], [2, 1, 0], [0, 1], [1, 0]]
['Infinite family:', [1, 0, 3, 2], [2, 3, 0, 1], [2, 3, 1, 0], [2, 1, 0], [0, 1], [1, 0]]
['Infinite family:', [1, 3, 0, 2], [2, 0, 1, 3], [2, 0, 3, 1], [2, 1, 0], [0, 1], [1, 0]]
['Infinite family:', [1, 3, 0, 2], [2, 0, 3, 1], [2, 1, 0, 3], [2, 1, 0], [0, 1], [1, 0]]
['Infinite family:', [1, 3, 0, 2], [2, 0, 3, 1], [2, 1, 3, 0], [2, 1, 0], [0, 1], [1, 0]]
['Infinite family:', [1, 3, 0, 2], [2, 0, 3, 1], [2, 3, 0, 1], [2, 1, 0], [0, 1], [1, 0]]
['Infinite family:', [1, 3, 0, 2], [2, 0, 3, 1], [2, 3, 1, 0], [2, 1, 0], [0, 1], [1, 0]]
['Infinite family:', [1, 0, 3, 2], [2, 3, 0, 1], [3, 0, 1, 2], [0, 1, 2], [0, 1], [1, 0]]
['Infinite family:', [1, 0, 3, 2], [2, 3, 0, 1], [3, 0, 2, 1], [0, 1, 2], [0, 1], [1, 0]]
['Infinite family:', [1, 0, 3, 2], [2, 3, 0, 1], [3, 1, 0, 2], [0, 1, 2], [0, 1], [1, 0]]
['Infinite family:', [1, 0, 3, 2], [2, 3, 0, 1], [3, 1, 2, 0], [0, 1, 2], [0, 1], [1, 0]]
['Infinite family:', [1, 0, 3, 2], [2, 3, 0, 1], [3, 2, 0, 1], [0, 1, 2], [0, 1], [1, 0]]
['Infinite family:', [1, 0, 3, 2], [2, 3, 0, 1], [3, 2, 1, 0], [0, 1, 2], [0, 1], [1, 0]]
['Infinite family:', [1, 3, 0, 2], [2, 0, 3, 1], [3, 0, 1, 2], [0, 1, 2], [0, 1], [1, 0]]
['Infinite family:', [1, 3, 0, 2], [2, 0, 3, 1], [3, 0, 2, 1], [0, 1, 2], [0, 1], [1, 0]]
['Infinite family:', [1, 3, 0, 2], [2, 0, 3, 1], [3, 1, 0, 2], [0, 1, 2], [0, 1], [1, 0]]
['Infinite family:', [1, 3, 0, 2], [2, 0, 3, 1], [3, 1, 2, 0], [0, 1, 2], [0, 1], [1, 0]]
['Infinite family:', [1, 3, 0, 2], [2, 0, 3, 1], [3, 2, 0, 1], [0, 1, 2], [0, 1], [1, 0]]
['Infinite family:', [1, 3, 0, 2], [2, 0, 3, 1], [3, 2, 1, 0], [0, 1, 2], [0, 1], [1, 0]]
['Infinite family:', [1, 0, 3, 2], [2, 3, 0, 1], [3, 0, 1, 2], [2, 1, 0], [0, 1], [1, 0]]
['Infinite family:', [1, 0, 3, 2], [2, 3, 0, 1], [3, 0, 2, 1], [2, 1, 0], [0, 1], [1, 0]]
['Infinite family:', [1, 0, 3, 2], [2, 3, 0, 1], [3, 1, 0, 2], [2, 1, 0], [0, 1], [1, 0]]
['Infinite family:', [1, 0, 3, 2], [2, 3, 0, 1], [3, 1, 2, 0], [2, 1, 0], [0, 1], [1, 0]]
['Infinite family:', [1, 0, 3, 2], [2, 3, 0, 1], [3, 2, 0, 1], [2, 1, 0], [0, 1], [1, 0]]
['Infinite family:', [1, 0, 3, 2], [2, 3, 0, 1], [3, 2, 1, 0], [2, 1, 0], [0, 1], [1, 0]]
['Infinite family:', [1, 3, 0, 2], [2, 0, 3, 1], [3, 0, 1, 2], [2, 1, 0], [0, 1], [1, 0]]
['Infinite family:', [1, 3, 0, 2], [2, 0, 3, 1], [3, 0, 2, 1], [2, 1, 0], [0, 1], [1, 0]]
['Infinite family:', [1, 3, 0, 2], [2, 0, 3, 1], [3, 1, 0, 2], [2, 1, 0], [0, 1], [1, 0]]
['Infinite family:', [1, 3, 0, 2], [2, 0, 3, 1], [3, 1, 2, 0], [2, 1, 0], [0, 1], [1, 0]]
['Infinite family:', [1, 3, 0, 2], [2, 0, 3, 1], [3, 2, 0, 1], [2, 1, 0], [0, 1], [1, 0]]
['Infinite family:', [1, 3, 0, 2], [2, 0, 3, 1], [3, 2, 1, 0], [2, 1, 0], [0, 1], [1, 0]]
['Infinite family:', [1, 0, 3, 2], [3, 1, 2, 0], [3, 2, 1, 0], [0, 1, 2], [0, 1], [1, 0]]
['Infinite family:', [1, 0, 3, 2], [3, 1, 2, 0], [3, 2, 1, 0], [2, 1, 0], [0, 1], [1, 0]]
['Infinite family:', [2, 3, 0, 1], [3, 1, 2, 0], [3, 2, 1, 0], [0, 1, 2], [0, 1], [1, 0]]
['Infinite family:', [2, 3, 0, 1], [3, 1, 2, 0], [3, 2, 1, 0], [2, 1, 0], [0, 1], [1, 0]]
[4, 4, 3, 3, 3, 3]
3*(1234) + 3*(4321) + 2*(132) + 2*(213) + 2*(231) + 2*(312) 
3*(1324) + 3*(4231) + 2*(132) + 2*(213) + 2*(231) + 2*(312) 
-3*(2143) -3*(3412) + 2*(132) + 2*(213) + 2*(231) + 2*(312) 
-3*(2413) -3*(3142) + 2*(132) + 2*(213) + 2*(231) + 2*(312) 
['Infinite family:', [0, 1, 2, 3], [3, 2, 1, 0], [0, 1, 2], [0, 2, 1], [1, 0, 2], [2, 1, 0]]
['Infinite family:', [0, 2, 1, 3], [3, 1, 2, 0], [0, 1, 2], [0, 2, 1], [1, 0, 2], [2, 1, 0]]
['Infinite family:', [0, 1, 2, 3], [3, 2, 1, 0], [0, 1, 2], [1, 2, 0], [2, 0, 1], [2, 1, 0]]
['Infinite family:', [0, 2, 1, 3], [3, 1, 2, 0], [0, 1, 2], [1, 2, 0], [2, 0, 1], [2, 1, 0]]
['Infinite family:', [1, 0, 3, 2], [2, 3, 0, 1], [0, 1, 2], [0, 2, 1], [1, 0, 2], [2, 1, 0]]
['Infinite family:', [1, 3, 0, 2], [2, 0, 3, 1], [0, 1, 2], [0, 2, 1], [1, 0, 2], [2, 1, 0]]
['Infinite family:', [1, 0, 3, 2], [2, 3, 0, 1], [0, 1, 2], [1, 2, 0], [2, 0, 1], [2, 1, 0]]
['Infinite family:', [1, 3, 0, 2], [2, 0, 3, 1], [0, 1, 2], [1, 2, 0], [2, 0, 1], [2, 1, 0]]
[4, 4, 3, 3, 3, 2]
['Infinite family:', [0, 1, 2, 3], [3, 2, 1, 0], [0, 1, 2], [0, 2, 1], [1, 0, 2], [0, 1]]
['Infinite family:', [0, 2, 1, 3], [3, 1, 2, 0], [0, 1, 2], [0, 2, 1], [1, 0, 2], [0, 1]]
['Infinite family:', [0, 1, 2, 3], [3, 2, 1, 0], [0, 1, 2], [0, 2, 1], [1, 0, 2], [1, 0]]
['Infinite family:', [0, 2, 1, 3], [3, 1, 2, 0], [0, 1, 2], [0, 2, 1], [1, 0, 2], [1, 0]]
['Infinite family:', [0, 1, 2, 3], [3, 2, 1, 0], [0, 1, 2], [0, 2, 1], [2, 1, 0], [0, 1]]
['Infinite family:', [0, 2, 1, 3], [3, 1, 2, 0], [0, 1, 2], [0, 2, 1], [2, 1, 0], [0, 1]]
['Infinite family:', [0, 1, 2, 3], [3, 2, 1, 0], [0, 1, 2], [0, 2, 1], [2, 1, 0], [1, 0]]
['Infinite family:', [0, 2, 1, 3], [3, 1, 2, 0], [0, 1, 2], [0, 2, 1], [2, 1, 0], [1, 0]]
['Infinite family:', [0, 1, 2, 3], [3, 2, 1, 0], [0, 1, 2], [1, 0, 2], [2, 1, 0], [0, 1]]
['Infinite family:', [0, 1, 2, 3], [3, 2, 1, 0], [0, 1, 2], [1, 2, 0], [2, 0, 1], [0, 1]]
['Infinite family:', [0, 1, 2, 3], [3, 2, 1, 0], [0, 1, 2], [1, 2, 0], [2, 1, 0], [0, 1]]
['Infinite family:', [0, 1, 2, 3], [3, 2, 1, 0], [0, 2, 1], [1, 0, 2], [2, 1, 0], [0, 1]]
['Infinite family:', [0, 2, 1, 3], [3, 1, 2, 0], [0, 1, 2], [1, 0, 2], [2, 1, 0], [0, 1]]
['Infinite family:', [0, 2, 1, 3], [3, 1, 2, 0], [0, 1, 2], [1, 2, 0], [2, 0, 1], [0, 1]]
['Infinite family:', [0, 2, 1, 3], [3, 1, 2, 0], [0, 1, 2], [1, 2, 0], [2, 1, 0], [0, 1]]
['Infinite family:', [0, 2, 1, 3], [3, 1, 2, 0], [0, 2, 1], [1, 0, 2], [2, 1, 0], [0, 1]]
['Infinite family:', [0, 1, 2, 3], [3, 2, 1, 0], [0, 1, 2], [1, 0, 2], [2, 1, 0], [1, 0]]
['Infinite family:', [0, 1, 2, 3], [3, 2, 1, 0], [0, 1, 2], [1, 2, 0], [2, 0, 1], [1, 0]]
['Infinite family:', [0, 1, 2, 3], [3, 2, 1, 0], [0, 1, 2], [1, 2, 0], [2, 1, 0], [1, 0]]
['Infinite family:', [0, 1, 2, 3], [3, 2, 1, 0], [0, 2, 1], [1, 0, 2], [2, 1, 0], [1, 0]]
['Infinite family:', [0, 2, 1, 3], [3, 1, 2, 0], [0, 1, 2], [1, 0, 2], [2, 1, 0], [1, 0]]
['Infinite family:', [0, 2, 1, 3], [3, 1, 2, 0], [0, 1, 2], [1, 2, 0], [2, 0, 1], [1, 0]]
['Infinite family:', [0, 2, 1, 3], [3, 1, 2, 0], [0, 1, 2], [1, 2, 0], [2, 1, 0], [1, 0]]
['Infinite family:', [0, 2, 1, 3], [3, 1, 2, 0], [0, 2, 1], [1, 0, 2], [2, 1, 0], [1, 0]]
['Infinite family:', [0, 1, 2, 3], [3, 2, 1, 0], [0, 1, 2], [2, 0, 1], [2, 1, 0], [0, 1]]
['Infinite family:', [0, 2, 1, 3], [3, 1, 2, 0], [0, 1, 2], [2, 0, 1], [2, 1, 0], [0, 1]]
['Infinite family:', [0, 1, 2, 3], [3, 2, 1, 0], [0, 1, 2], [2, 0, 1], [2, 1, 0], [1, 0]]
['Infinite family:', [0, 2, 1, 3], [3, 1, 2, 0], [0, 1, 2], [2, 0, 1], [2, 1, 0], [1, 0]]
['Infinite family:', [0, 1, 2, 3], [3, 2, 1, 0], [1, 2, 0], [2, 0, 1], [2, 1, 0], [0, 1]]
['Infinite family:', [0, 2, 1, 3], [3, 1, 2, 0], [1, 2, 0], [2, 0, 1], [2, 1, 0], [0, 1]]
['Infinite family:', [0, 1, 2, 3], [3, 2, 1, 0], [1, 2, 0], [2, 0, 1], [2, 1, 0], [1, 0]]
['Infinite family:', [0, 2, 1, 3], [3, 1, 2, 0], [1, 2, 0], [2, 0, 1], [2, 1, 0], [1, 0]]
['Infinite family:', [1, 0, 3, 2], [2, 3, 0, 1], [0, 1, 2], [0, 2, 1], [1, 0, 2], [1, 0]]
['Infinite family:', [1, 3, 0, 2], [2, 0, 3, 1], [0, 1, 2], [0, 2, 1], [1, 0, 2], [1, 0]]
['Infinite family:', [1, 0, 3, 2], [2, 3, 0, 1], [0, 1, 2], [0, 2, 1], [2, 1, 0], [0, 1]]
['Infinite family:', [1, 3, 0, 2], [2, 0, 3, 1], [0, 1, 2], [0, 2, 1], [2, 1, 0], [0, 1]]
['Infinite family:', [1, 0, 3, 2], [2, 3, 0, 1], [0, 1, 2], [0, 2, 1], [2, 1, 0], [1, 0]]
['Infinite family:', [1, 3, 0, 2], [2, 0, 3, 1], [0, 1, 2], [0, 2, 1], [2, 1, 0], [1, 0]]
['Infinite family:', [1, 0, 3, 2], [2, 3, 0, 1], [0, 1, 2], [1, 0, 2], [2, 1, 0], [0, 1]]
['Infinite family:', [1, 0, 3, 2], [2, 3, 0, 1], [0, 1, 2], [1, 2, 0], [2, 0, 1], [0, 1]]
['Infinite family:', [1, 0, 3, 2], [2, 3, 0, 1], [0, 1, 2], [1, 2, 0], [2, 1, 0], [0, 1]]
['Infinite family:', [1, 0, 3, 2], [2, 3, 0, 1], [0, 2, 1], [1, 0, 2], [2, 1, 0], [0, 1]]
['Infinite family:', [1, 3, 0, 2], [2, 0, 3, 1], [0, 1, 2], [1, 0, 2], [2, 1, 0], [0, 1]]
['Infinite family:', [1, 3, 0, 2], [2, 0, 3, 1], [0, 1, 2], [1, 2, 0], [2, 0, 1], [0, 1]]
['Infinite family:', [1, 3, 0, 2], [2, 0, 3, 1], [0, 1, 2], [1, 2, 0], [2, 1, 0], [0, 1]]
['Infinite family:', [1, 3, 0, 2], [2, 0, 3, 1], [0, 2, 1], [1, 0, 2], [2, 1, 0], [0, 1]]
['Infinite family:', [1, 0, 3, 2], [2, 3, 0, 1], [0, 1, 2], [1, 0, 2], [2, 1, 0], [1, 0]]
['Infinite family:', [1, 0, 3, 2], [2, 3, 0, 1], [0, 1, 2], [1, 2, 0], [2, 0, 1], [1, 0]]
['Infinite family:', [1, 0, 3, 2], [2, 3, 0, 1], [0, 1, 2], [1, 2, 0], [2, 1, 0], [1, 0]]
['Infinite family:', [1, 0, 3, 2], [2, 3, 0, 1], [0, 2, 1], [1, 0, 2], [2, 1, 0], [1, 0]]
['Infinite family:', [1, 3, 0, 2], [2, 0, 3, 1], [0, 1, 2], [1, 0, 2], [2, 1, 0], [1, 0]]
['Infinite family:', [1, 3, 0, 2], [2, 0, 3, 1], [0, 1, 2], [1, 2, 0], [2, 0, 1], [1, 0]]
['Infinite family:', [1, 3, 0, 2], [2, 0, 3, 1], [0, 1, 2], [1, 2, 0], [2, 1, 0], [1, 0]]
['Infinite family:', [1, 3, 0, 2], [2, 0, 3, 1], [0, 2, 1], [1, 0, 2], [2, 1, 0], [1, 0]]
['Infinite family:', [1, 0, 3, 2], [2, 3, 0, 1], [0, 1, 2], [2, 0, 1], [2, 1, 0], [0, 1]]
['Infinite family:', [1, 3, 0, 2], [2, 0, 3, 1], [0, 1, 2], [2, 0, 1], [2, 1, 0], [0, 1]]
['Infinite family:', [1, 0, 3, 2], [2, 3, 0, 1], [0, 1, 2], [2, 0, 1], [2, 1, 0], [1, 0]]
['Infinite family:', [1, 3, 0, 2], [2, 0, 3, 1], [0, 1, 2], [2, 0, 1], [2, 1, 0], [1, 0]]
['Infinite family:', [1, 0, 3, 2], [2, 3, 0, 1], [1, 2, 0], [2, 0, 1], [2, 1, 0], [0, 1]]
['Infinite family:', [1, 3, 0, 2], [2, 0, 3, 1], [1, 2, 0], [2, 0, 1], [2, 1, 0], [0, 1]]
[4, 4, 3, 3, 2, 2]
['Infinite family:', [0, 1, 2, 3], [0, 1, 3, 2], [0, 1, 2], [2, 1, 0], [0, 1], [1, 0]]
['Infinite family:', [0, 1, 2, 3], [0, 2, 1, 3], [0, 1, 2], [2, 1, 0], [0, 1], [1, 0]]
['Infinite family:', [0, 1, 2, 3], [0, 2, 3, 1], [0, 1, 2], [2, 1, 0], [0, 1], [1, 0]]
['Infinite family:', [0, 1, 3, 2], [0, 2, 1, 3], [0, 1, 2], [2, 1, 0], [0, 1], [1, 0]]
['Infinite family:', [0, 1, 3, 2], [0, 2, 3, 1], [0, 1, 2], [2, 1, 0], [0, 1], [1, 0]]
['Infinite family:', [0, 1, 2, 3], [0, 3, 1, 2], [0, 1, 2], [2, 1, 0], [0, 1], [1, 0]]
['Infinite family:', [0, 1, 2, 3], [0, 3, 2, 1], [0, 1, 2], [2, 1, 0], [0, 1], [1, 0]]
['Infinite family:', [0, 1, 3, 2], [0, 3, 1, 2], [0, 1, 2], [2, 1, 0], [0, 1], [1, 0]]
['Infinite family:', [0, 1, 3, 2], [0, 3, 2, 1], [0, 1, 2], [2, 1, 0], [0, 1], [1, 0]]
['Infinite family:', [0, 2, 1, 3], [0, 2, 3, 1], [0, 1, 2], [2, 1, 0], [0, 1], [1, 0]]
['Infinite family:', [0, 2, 1, 3], [0, 3, 1, 2], [0, 1, 2], [2, 1, 0], [0, 1], [1, 0]]
['Infinite family:', [0, 2, 1, 3], [0, 3, 2, 1], [0, 1, 2], [2, 1, 0], [0, 1], [1, 0]]
['Infinite family:', [0, 2, 3, 1], [0, 3, 1, 2], [0, 1, 2], [2, 1, 0], [0, 1], [1, 0]]
['Infinite family:', [0, 2, 3, 1], [0, 3, 2, 1], [0, 1, 2], [2, 1, 0], [0, 1], [1, 0]]
['Infinite family:', [0, 3, 1, 2], [0, 3, 2, 1], [0, 1, 2], [2, 1, 0], [0, 1], [1, 0]]
['Infinite family:', [0, 1, 2, 3], [1, 0, 2, 3], [0, 1, 2], [2, 1, 0], [0, 1], [1, 0]]
['Infinite family:', [0, 1, 2, 3], [1, 0, 3, 2], [0, 1, 2], [2, 1, 0], [0, 1], [1, 0]]
['Infinite family:', [0, 1, 3, 2], [1, 0, 2, 3], [0, 1, 2], [2, 1, 0], [0, 1], [1, 0]]
['Infinite family:', [0, 1, 3, 2], [1, 0, 3, 2], [0, 1, 2], [2, 1, 0], [0, 1], [1, 0]]
['Infinite family:', [0, 1, 2, 3], [1, 2, 0, 3], [0, 1, 2], [2, 1, 0], [0, 1], [1, 0]]
['Infinite family:', [0, 1, 2, 3], [1, 2, 3, 0], [0, 1, 2], [2, 1, 0], [0, 1], [1, 0]]
['Infinite family:', [0, 1, 3, 2], [1, 2, 0, 3], [0, 1, 2], [2, 1, 0], [0, 1], [1, 0]]
['Infinite family:', [0, 1, 3, 2], [1, 2, 3, 0], [0, 1, 2], [2, 1, 0], [0, 1], [1, 0]]
['Infinite family:', [0, 1, 2, 3], [1, 3, 0, 2], [0, 1, 2], [2, 1, 0], [0, 1], [1, 0]]
['Infinite family:', [0, 1, 2, 3], [1, 3, 2, 0], [0, 1, 2], [2, 1, 0], [0, 1], [1, 0]]
['Infinite family:', [0, 1, 3, 2], [1, 3, 0, 2], [0, 1, 2], [2, 1, 0], [0, 1], [1, 0]]
['Infinite family:', [0, 1, 3, 2], [1, 3, 2, 0], [0, 1, 2], [2, 1, 0], [0, 1], [1, 0]]
['Infinite family:', [0, 2, 1, 3], [1, 0, 2, 3], [0, 1, 2], [2, 1, 0], [0, 1], [1, 0]]
['Infinite family:', [0, 2, 1, 3], [1, 0, 3, 2], [0, 1, 2], [2, 1, 0], [0, 1], [1, 0]]
['Infinite family:', [0, 2, 3, 1], [1, 0, 2, 3], [0, 1, 2], [2, 1, 0], [0, 1], [1, 0]]
['Infinite family:', [0, 2, 3, 1], [1, 0, 3, 2], [0, 1, 2], [2, 1, 0], [0, 1], [1, 0]]
['Infinite family:', [0, 2, 1, 3], [1, 2, 0, 3], [0, 1, 2], [2, 1, 0], [0, 1], [1, 0]]
['Infinite family:', [0, 2, 1, 3], [1, 2, 3, 0], [0, 1, 2], [2, 1, 0], [0, 1], [1, 0]]
['Infinite family:', [0, 2, 3, 1], [1, 2, 0, 3], [0, 1, 2], [2, 1, 0], [0, 1], [1, 0]]
['Infinite family:', [0, 2, 3, 1], [1, 2, 3, 0], [0, 1, 2], [2, 1, 0], [0, 1], [1, 0]]
['Infinite family:', [0, 2, 1, 3], [1, 3, 0, 2], [0, 1, 2], [2, 1, 0], [0, 1], [1, 0]]
['Infinite family:', [0, 2, 1, 3], [1, 3, 2, 0], [0, 1, 2], [2, 1, 0], [0, 1], [1, 0]]
['Infinite family:', [0, 2, 3, 1], [1, 3, 0, 2], [0, 1, 2], [2, 1, 0], [0, 1], [1, 0]]
['Infinite family:', [0, 2, 3, 1], [1, 3, 2, 0], [0, 1, 2], [2, 1, 0], [0, 1], [1, 0]]
['Infinite family:', [0, 3, 1, 2], [1, 0, 2, 3], [0, 1, 2], [2, 1, 0], [0, 1], [1, 0]]
['Infinite family:', [0, 3, 1, 2], [1, 0, 3, 2], [0, 1, 2], [2, 1, 0], [0, 1], [1, 0]]
['Infinite family:', [0, 3, 2, 1], [1, 0, 2, 3], [0, 1, 2], [2, 1, 0], [0, 1], [1, 0]]
['Infinite family:', [0, 3, 2, 1], [1, 0, 3, 2], [0, 1, 2], [2, 1, 0], [0, 1], [1, 0]]
['Infinite family:', [0, 3, 1, 2], [1, 2, 0, 3], [0, 1, 2], [2, 1, 0], [0, 1], [1, 0]]
['Infinite family:', [0, 3, 1, 2], [1, 2, 3, 0], [0, 1, 2], [2, 1, 0], [0, 1], [1, 0]]
['Infinite family:', [0, 3, 2, 1], [1, 2, 0, 3], [0, 1, 2], [2, 1, 0], [0, 1], [1, 0]]
['Infinite family:', [0, 3, 2, 1], [1, 2, 3, 0], [0, 1, 2], [2, 1, 0], [0, 1], [1, 0]]
['Infinite family:', [0, 3, 1, 2], [1, 3, 0, 2], [0, 1, 2], [2, 1, 0], [0, 1], [1, 0]]
['Infinite family:', [0, 3, 1, 2], [1, 3, 2, 0], [0, 1, 2], [2, 1, 0], [0, 1], [1, 0]]
['Infinite family:', [0, 3, 2, 1], [1, 3, 0, 2], [0, 1, 2], [2, 1, 0], [0, 1], [1, 0]]
['Infinite family:', [0, 3, 2, 1], [1, 3, 2, 0], [0, 1, 2], [2, 1, 0], [0, 1], [1, 0]]
['Infinite family:', [0, 1, 2, 3], [2, 0, 1, 3], [0, 1, 2], [2, 1, 0], [0, 1], [1, 0]]
['Infinite family:', [0, 1, 2, 3], [2, 0, 3, 1], [0, 1, 2], [2, 1, 0], [0, 1], [1, 0]]
['Infinite family:', [0, 1, 3, 2], [2, 0, 1, 3], [0, 1, 2], [2, 1, 0], [0, 1], [1, 0]]
['Infinite family:', [0, 1, 3, 2], [2, 0, 3, 1], [0, 1, 2], [2, 1, 0], [0, 1], [1, 0]]
['Infinite family:', [0, 1, 2, 3], [2, 1, 0, 3], [0, 1, 2], [2, 1, 0], [0, 1], [1, 0]]
['Infinite family:', [0, 1, 2, 3], [2, 1, 3, 0], [0, 1, 2], [2, 1, 0], [0, 1], [1, 0]]
['Infinite family:', [0, 1, 3, 2], [2, 1, 0, 3], [0, 1, 2], [2, 1, 0], [0, 1], [1, 0]]
['Infinite family:', [0, 1, 3, 2], [2, 1, 3, 0], [0, 1, 2], [2, 1, 0], [0, 1], [1, 0]]
['Infinite family:', [0, 1, 2, 3], [2, 3, 0, 1], [0, 1, 2], [2, 1, 0], [0, 1], [1, 0]]
['Infinite family:', [0, 1, 2, 3], [2, 3, 1, 0], [0, 1, 2], [2, 1, 0], [0, 1], [1, 0]]
['Infinite family:', [0, 1, 3, 2], [2, 3, 0, 1], [0, 1, 2], [2, 1, 0], [0, 1], [1, 0]]
['Infinite family:', [0, 1, 3, 2], [2, 3, 1, 0], [0, 1, 2], [2, 1, 0], [0, 1], [1, 0]]
['Infinite family:', [0, 2, 1, 3], [2, 0, 1, 3], [0, 1, 2], [2, 1, 0], [0, 1], [1, 0]]
['Infinite family:', [0, 2, 1, 3], [2, 0, 3, 1], [0, 1, 2], [2, 1, 0], [0, 1], [1, 0]]
['Infinite family:', [0, 2, 3, 1], [2, 0, 1, 3], [0, 1, 2], [2, 1, 0], [0, 1], [1, 0]]
['Infinite family:', [0, 2, 3, 1], [2, 0, 3, 1], [0, 1, 2], [2, 1, 0], [0, 1], [1, 0]]
['Infinite family:', [0, 2, 1, 3], [2, 1, 0, 3], [0, 1, 2], [2, 1, 0], [0, 1], [1, 0]]
['Infinite family:', [0, 2, 1, 3], [2, 1, 3, 0], [0, 1, 2], [2, 1, 0], [0, 1], [1, 0]]
['Infinite family:', [0, 2, 3, 1], [2, 1, 0, 3], [0, 1, 2], [2, 1, 0], [0, 1], [1, 0]]
['Infinite family:', [0, 2, 3, 1], [2, 1, 3, 0], [0, 1, 2], [2, 1, 0], [0, 1], [1, 0]]
['Infinite family:', [0, 2, 1, 3], [2, 3, 0, 1], [0, 1, 2], [2, 1, 0], [0, 1], [1, 0]]
['Infinite family:', [0, 2, 1, 3], [2, 3, 1, 0], [0, 1, 2], [2, 1, 0], [0, 1], [1, 0]]
['Infinite family:', [0, 2, 3, 1], [2, 3, 0, 1], [0, 1, 2], [2, 1, 0], [0, 1], [1, 0]]
['Infinite family:', [0, 2, 3, 1], [2, 3, 1, 0], [0, 1, 2], [2, 1, 0], [0, 1], [1, 0]]
['Infinite family:', [0, 3, 1, 2], [2, 0, 1, 3], [0, 1, 2], [2, 1, 0], [0, 1], [1, 0]]
['Infinite family:', [0, 3, 1, 2], [2, 0, 3, 1], [0, 1, 2], [2, 1, 0], [0, 1], [1, 0]]
['Infinite family:', [0, 3, 2, 1], [2, 0, 1, 3], [0, 1, 2], [2, 1, 0], [0, 1], [1, 0]]
['Infinite family:', [0, 3, 2, 1], [2, 0, 3, 1], [0, 1, 2], [2, 1, 0], [0, 1], [1, 0]]
['Infinite family:', [0, 3, 1, 2], [2, 1, 0, 3], [0, 1, 2], [2, 1, 0], [0, 1], [1, 0]]
['Infinite family:', [0, 3, 1, 2], [2, 1, 3, 0], [0, 1, 2], [2, 1, 0], [0, 1], [1, 0]]
['Infinite family:', [0, 3, 2, 1], [2, 1, 0, 3], [0, 1, 2], [2, 1, 0], [0, 1], [1, 0]]
['Infinite family:', [0, 3, 2, 1], [2, 1, 3, 0], [0, 1, 2], [2, 1, 0], [0, 1], [1, 0]]
['Infinite family:', [0, 3, 1, 2], [2, 3, 0, 1], [0, 1, 2], [2, 1, 0], [0, 1], [1, 0]]
['Infinite family:', [0, 3, 1, 2], [2, 3, 1, 0], [0, 1, 2], [2, 1, 0], [0, 1], [1, 0]]
['Infinite family:', [0, 3, 2, 1], [2, 3, 0, 1], [0, 1, 2], [2, 1, 0], [0, 1], [1, 0]]
['Infinite family:', [0, 3, 2, 1], [2, 3, 1, 0], [0, 1, 2], [2, 1, 0], [0, 1], [1, 0]]
['Infinite family:', [0, 1, 2, 3], [3, 2, 1, 0], [0, 1, 2], [0, 2, 1], [0, 1], [1, 0]]
['Infinite family:', [0, 2, 1, 3], [3, 1, 2, 0], [0, 1, 2], [0, 2, 1], [0, 1], [1, 0]]
['Infinite family:', [0, 1, 2, 3], [3, 2, 1, 0], [0, 1, 2], [1, 0, 2], [0, 1], [1, 0]]
['Infinite family:', [0, 1, 2, 3], [3, 2, 1, 0], [0, 1, 2], [1, 2, 0], [0, 1], [1, 0]]
['Infinite family:', [0, 1, 2, 3], [3, 2, 1, 0], [0, 2, 1], [1, 0, 2], [0, 1], [1, 0]]
['Infinite family:', [0, 2, 1, 3], [3, 1, 2, 0], [0, 1, 2], [1, 0, 2], [0, 1], [1, 0]]
['Infinite family:', [0, 2, 1, 3], [3, 1, 2, 0], [0, 1, 2], [1, 2, 0], [0, 1], [1, 0]]
['Infinite family:', [0, 2, 1, 3], [3, 1, 2, 0], [0, 2, 1], [1, 0, 2], [0, 1], [1, 0]]
['Infinite family:', [0, 1, 2, 3], [3, 0, 1, 2], [0, 1, 2], [2, 1, 0], [0, 1], [1, 0]]
['Infinite family:', [0, 1, 2, 3], [3, 0, 2, 1], [0, 1, 2], [2, 1, 0], [0, 1], [1, 0]]
['Infinite family:', [0, 1, 3, 2], [3, 0, 1, 2], [0, 1, 2], [2, 1, 0], [0, 1], [1, 0]]
['Infinite family:', [0, 1, 3, 2], [3, 0, 2, 1], [0, 1, 2], [2, 1, 0], [0, 1], [1, 0]]
['Infinite family:', [0, 1, 2, 3], [3, 1, 0, 2], [0, 1, 2], [2, 1, 0], [0, 1], [1, 0]]
['Infinite family:', [0, 1, 2, 3], [3, 1, 2, 0], [0, 1, 2], [2, 1, 0], [0, 1], [1, 0]]
['Infinite family:', [0, 1, 3, 2], [3, 1, 0, 2], [0, 1, 2], [2, 1, 0], [0, 1], [1, 0]]
['Infinite family:', [0, 1, 3, 2], [3, 1, 2, 0], [0, 1, 2], [2, 1, 0], [0, 1], [1, 0]]
['Infinite family:', [0, 1, 2, 3], [3, 2, 1, 0], [0, 1, 2], [2, 0, 1], [0, 1], [1, 0]]
['Infinite family:', [0, 1, 2, 3], [3, 2, 0, 1], [0, 1, 2], [2, 1, 0], [0, 1], [1, 0]]
['Infinite family:', [0, 1, 2, 3], [3, 2, 1, 0], [0, 1, 2], [2, 1, 0], [0, 1], [1, 0]]
['Infinite family:', [0, 1, 3, 2], [3, 2, 0, 1], [0, 1, 2], [2, 1, 0], [0, 1], [1, 0]]
['Infinite family:', [0, 1, 3, 2], [3, 2, 1, 0], [0, 1, 2], [2, 1, 0], [0, 1], [1, 0]]
['Infinite family:', [0, 1, 2, 3], [3, 2, 1, 0], [0, 2, 1], [2, 1, 0], [0, 1], [1, 0]]
['Infinite family:', [0, 2, 1, 3], [3, 0, 1, 2], [0, 1, 2], [2, 1, 0], [0, 1], [1, 0]]
['Infinite family:', [0, 2, 1, 3], [3, 0, 2, 1], [0, 1, 2], [2, 1, 0], [0, 1], [1, 0]]
['Infinite family:', [0, 2, 3, 1], [3, 0, 1, 2], [0, 1, 2], [2, 1, 0], [0, 1], [1, 0]]
['Infinite family:', [0, 2, 3, 1], [3, 0, 2, 1], [0, 1, 2], [2, 1, 0], [0, 1], [1, 0]]
['Infinite family:', [0, 2, 1, 3], [3, 1, 2, 0], [0, 1, 2], [2, 0, 1], [0, 1], [1, 0]]
['Infinite family:', [0, 2, 1, 3], [3, 1, 0, 2], [0, 1, 2], [2, 1, 0], [0, 1], [1, 0]]
['Infinite family:', [0, 2, 1, 3], [3, 1, 2, 0], [0, 1, 2], [2, 1, 0], [0, 1], [1, 0]]
['Infinite family:', [0, 2, 3, 1], [3, 1, 0, 2], [0, 1, 2], [2, 1, 0], [0, 1], [1, 0]]
['Infinite family:', [0, 2, 3, 1], [3, 1, 2, 0], [0, 1, 2], [2, 1, 0], [0, 1], [1, 0]]
['Infinite family:', [0, 2, 1, 3], [3, 1, 2, 0], [0, 2, 1], [2, 1, 0], [0, 1], [1, 0]]
['Infinite family:', [0, 2, 1, 3], [3, 2, 0, 1], [0, 1, 2], [2, 1, 0], [0, 1], [1, 0]]
['Infinite family:', [0, 2, 1, 3], [3, 2, 1, 0], [0, 1, 2], [2, 1, 0], [0, 1], [1, 0]]
['Infinite family:', [0, 2, 3, 1], [3, 2, 0, 1], [0, 1, 2], [2, 1, 0], [0, 1], [1, 0]]
['Infinite family:', [0, 2, 3, 1], [3, 2, 1, 0], [0, 1, 2], [2, 1, 0], [0, 1], [1, 0]]
['Infinite family:', [0, 3, 1, 2], [3, 0, 1, 2], [0, 1, 2], [2, 1, 0], [0, 1], [1, 0]]
['Infinite family:', [0, 3, 1, 2], [3, 0, 2, 1], [0, 1, 2], [2, 1, 0], [0, 1], [1, 0]]
['Infinite family:', [0, 3, 2, 1], [3, 0, 1, 2], [0, 1, 2], [2, 1, 0], [0, 1], [1, 0]]
['Infinite family:', [0, 3, 2, 1], [3, 0, 2, 1], [0, 1, 2], [2, 1, 0], [0, 1], [1, 0]]
['Infinite family:', [0, 3, 1, 2], [3, 1, 0, 2], [0, 1, 2], [2, 1, 0], [0, 1], [1, 0]]
['Infinite family:', [0, 3, 1, 2], [3, 1, 2, 0], [0, 1, 2], [2, 1, 0], [0, 1], [1, 0]]
['Infinite family:', [0, 3, 2, 1], [3, 1, 0, 2], [0, 1, 2], [2, 1, 0], [0, 1], [1, 0]]
['Infinite family:', [0, 3, 2, 1], [3, 1, 2, 0], [0, 1, 2], [2, 1, 0], [0, 1], [1, 0]]
['Infinite family:', [0, 3, 1, 2], [3, 2, 0, 1], [0, 1, 2], [2, 1, 0], [0, 1], [1, 0]]
['Infinite family:', [0, 3, 1, 2], [3, 2, 1, 0], [0, 1, 2], [2, 1, 0], [0, 1], [1, 0]]
['Infinite family:', [0, 3, 2, 1], [3, 2, 0, 1], [0, 1, 2], [2, 1, 0], [0, 1], [1, 0]]
['Infinite family:', [0, 3, 2, 1], [3, 2, 1, 0], [0, 1, 2], [2, 1, 0], [0, 1], [1, 0]]
['Infinite family:', [0, 1, 2, 3], [3, 2, 1, 0], [1, 0, 2], [2, 1, 0], [0, 1], [1, 0]]
['Infinite family:', [0, 1, 2, 3], [3, 2, 1, 0], [1, 2, 0], [2, 0, 1], [0, 1], [1, 0]]
['Infinite family:', [0, 1, 2, 3], [3, 2, 1, 0], [1, 2, 0], [2, 1, 0], [0, 1], [1, 0]]
['Infinite family:', [0, 2, 1, 3], [3, 1, 2, 0], [1, 0, 2], [2, 1, 0], [0, 1], [1, 0]]
['Infinite family:', [0, 2, 1, 3], [3, 1, 2, 0], [1, 2, 0], [2, 0, 1], [0, 1], [1, 0]]
['Infinite family:', [0, 2, 1, 3], [3, 1, 2, 0], [1, 2, 0], [2, 1, 0], [0, 1], [1, 0]]
['Infinite family:', [0, 1, 2, 3], [3, 2, 1, 0], [2, 0, 1], [2, 1, 0], [0, 1], [1, 0]]
['Infinite family:', [0, 2, 1, 3], [3, 1, 2, 0], [2, 0, 1], [2, 1, 0], [0, 1], [1, 0]]
['Infinite family:', [1, 0, 2, 3], [1, 0, 3, 2], [0, 1, 2], [2, 1, 0], [0, 1], [1, 0]]
['Infinite family:', [1, 0, 2, 3], [1, 2, 0, 3], [0, 1, 2], [2, 1, 0], [0, 1], [1, 0]]
['Infinite family:', [1, 0, 2, 3], [1, 2, 3, 0], [0, 1, 2], [2, 1, 0], [0, 1], [1, 0]]
['Infinite family:', [1, 0, 3, 2], [1, 2, 0, 3], [0, 1, 2], [2, 1, 0], [0, 1], [1, 0]]
['Infinite family:', [1, 0, 3, 2], [1, 2, 3, 0], [0, 1, 2], [2, 1, 0], [0, 1], [1, 0]]
['Infinite family:', [1, 0, 2, 3], [1, 3, 0, 2], [0, 1, 2], [2, 1, 0], [0, 1], [1, 0]]
['Infinite family:', [1, 0, 2, 3], [1, 3, 2, 0], [0, 1, 2], [2, 1, 0], [0, 1], [1, 0]]
['Infinite family:', [1, 0, 3, 2], [1, 3, 0, 2], [0, 1, 2], [2, 1, 0], [0, 1], [1, 0]]
['Infinite family:', [1, 0, 3, 2], [1, 3, 2, 0], [0, 1, 2], [2, 1, 0], [0, 1], [1, 0]]
['Infinite family:', [1, 2, 0, 3], [1, 2, 3, 0], [0, 1, 2], [2, 1, 0], [0, 1], [1, 0]]
['Infinite family:', [1, 2, 0, 3], [1, 3, 0, 2], [0, 1, 2], [2, 1, 0], [0, 1], [1, 0]]
['Infinite family:', [1, 2, 0, 3], [1, 3, 2, 0], [0, 1, 2], [2, 1, 0], [0, 1], [1, 0]]
['Infinite family:', [1, 2, 3, 0], [1, 3, 0, 2], [0, 1, 2], [2, 1, 0], [0, 1], [1, 0]]
['Infinite family:', [1, 2, 3, 0], [1, 3, 2, 0], [0, 1, 2], [2, 1, 0], [0, 1], [1, 0]]
['Infinite family:', [1, 3, 0, 2], [1, 3, 2, 0], [0, 1, 2], [2, 1, 0], [0, 1], [1, 0]]
['Infinite family:', [1, 0, 3, 2], [2, 3, 0, 1], [0, 1, 2], [0, 2, 1], [0, 1], [1, 0]]
['Infinite family:', [1, 3, 0, 2], [2, 0, 3, 1], [0, 1, 2], [0, 2, 1], [0, 1], [1, 0]]
['Infinite family:', [1, 0, 3, 2], [2, 3, 0, 1], [0, 1, 2], [1, 0, 2], [0, 1], [1, 0]]
['Infinite family:', [1, 0, 3, 2], [2, 3, 0, 1], [0, 1, 2], [1, 2, 0], [0, 1], [1, 0]]
['Infinite family:', [1, 0, 3, 2], [2, 3, 0, 1], [0, 2, 1], [1, 0, 2], [0, 1], [1, 0]]
['Infinite family:', [1, 3, 0, 2], [2, 0, 3, 1], [0, 1, 2], [1, 0, 2], [0, 1], [1, 0]]
['Infinite family:', [1, 3, 0, 2], [2, 0, 3, 1], [0, 1, 2], [1, 2, 0], [0, 1], [1, 0]]
['Infinite family:', [1, 3, 0, 2], [2, 0, 3, 1], [0, 2, 1], [1, 0, 2], [0, 1], [1, 0]]
['Infinite family:', [1, 0, 2, 3], [2, 0, 1, 3], [0, 1, 2], [2, 1, 0], [0, 1], [1, 0]]
['Infinite family:', [1, 0, 2, 3], [2, 0, 3, 1], [0, 1, 2], [2, 1, 0], [0, 1], [1, 0]]
['Infinite family:', [1, 0, 3, 2], [2, 0, 1, 3], [0, 1, 2], [2, 1, 0], [0, 1], [1, 0]]
['Infinite family:', [1, 0, 3, 2], [2, 0, 3, 1], [0, 1, 2], [2, 1, 0], [0, 1], [1, 0]]
['Infinite family:', [1, 0, 2, 3], [2, 1, 0, 3], [0, 1, 2], [2, 1, 0], [0, 1], [1, 0]]
['Infinite family:', [1, 0, 2, 3], [2, 1, 3, 0], [0, 1, 2], [2, 1, 0], [0, 1], [1, 0]]
['Infinite family:', [1, 0, 3, 2], [2, 1, 0, 3], [0, 1, 2], [2, 1, 0], [0, 1], [1, 0]]
['Infinite family:', [1, 0, 3, 2], [2, 1, 3, 0], [0, 1, 2], [2, 1, 0], [0, 1], [1, 0]]
['Infinite family:', [1, 0, 3, 2], [2, 3, 0, 1], [0, 1, 2], [2, 0, 1], [0, 1], [1, 0]]
['Infinite family:', [1, 0, 2, 3], [2, 3, 0, 1], [0, 1, 2], [2, 1, 0], [0, 1], [1, 0]]
['Infinite family:', [1, 0, 2, 3], [2, 3, 1, 0], [0, 1, 2], [2, 1, 0], [0, 1], [1, 0]]
['Infinite family:', [1, 0, 3, 2], [2, 3, 0, 1], [0, 1, 2], [2, 1, 0], [0, 1], [1, 0]]
['Infinite family:', [1, 0, 3, 2], [2, 3, 1, 0], [0, 1, 2], [2, 1, 0], [0, 1], [1, 0]]
['Infinite family:', [1, 0, 3, 2], [2, 3, 0, 1], [0, 2, 1], [2, 1, 0], [0, 1], [1, 0]]
['Infinite family:', [1, 2, 0, 3], [2, 0, 1, 3], [0, 1, 2], [2, 1, 0], [0, 1], [1, 0]]
['Infinite family:', [1, 2, 0, 3], [2, 0, 3, 1], [0, 1, 2], [2, 1, 0], [0, 1], [1, 0]]
['Infinite family:', [1, 2, 3, 0], [2, 0, 1, 3], [0, 1, 2], [2, 1, 0], [0, 1], [1, 0]]
['Infinite family:', [1, 2, 3, 0], [2, 0, 3, 1], [0, 1, 2], [2, 1, 0], [0, 1], [1, 0]]
['Infinite family:', [1, 2, 0, 3], [2, 1, 0, 3], [0, 1, 2], [2, 1, 0], [0, 1], [1, 0]]
['Infinite family:', [1, 2, 0, 3], [2, 1, 3, 0], [0, 1, 2], [2, 1, 0], [0, 1], [1, 0]]
['Infinite family:', [1, 2, 3, 0], [2, 1, 0, 3], [0, 1, 2], [2, 1, 0], [0, 1], [1, 0]]
['Infinite family:', [1, 2, 3, 0], [2, 1, 3, 0], [0, 1, 2], [2, 1, 0], [0, 1], [1, 0]]
['Infinite family:', [1, 2, 0, 3], [2, 3, 0, 1], [0, 1, 2], [2, 1, 0], [0, 1], [1, 0]]
['Infinite family:', [1, 2, 0, 3], [2, 3, 1, 0], [0, 1, 2], [2, 1, 0], [0, 1], [1, 0]]
['Infinite family:', [1, 2, 3, 0], [2, 3, 0, 1], [0, 1, 2], [2, 1, 0], [0, 1], [1, 0]]
['Infinite family:', [1, 2, 3, 0], [2, 3, 1, 0], [0, 1, 2], [2, 1, 0], [0, 1], [1, 0]]
['Infinite family:', [1, 3, 0, 2], [2, 0, 3, 1], [0, 1, 2], [2, 0, 1], [0, 1], [1, 0]]
['Infinite family:', [1, 3, 0, 2], [2, 0, 1, 3], [0, 1, 2], [2, 1, 0], [0, 1], [1, 0]]
['Infinite family:', [1, 3, 0, 2], [2, 0, 3, 1], [0, 1, 2], [2, 1, 0], [0, 1], [1, 0]]
['Infinite family:', [1, 3, 2, 0], [2, 0, 1, 3], [0, 1, 2], [2, 1, 0], [0, 1], [1, 0]]
['Infinite family:', [1, 3, 2, 0], [2, 0, 3, 1], [0, 1, 2], [2, 1, 0], [0, 1], [1, 0]]
['Infinite family:', [1, 3, 0, 2], [2, 0, 3, 1], [0, 2, 1], [2, 1, 0], [0, 1], [1, 0]]
['Infinite family:', [1, 3, 0, 2], [2, 1, 0, 3], [0, 1, 2], [2, 1, 0], [0, 1], [1, 0]]
['Infinite family:', [1, 3, 0, 2], [2, 1, 3, 0], [0, 1, 2], [2, 1, 0], [0, 1], [1, 0]]
['Infinite family:', [1, 3, 2, 0], [2, 1, 0, 3], [0, 1, 2], [2, 1, 0], [0, 1], [1, 0]]
['Infinite family:', [1, 3, 2, 0], [2, 1, 3, 0], [0, 1, 2], [2, 1, 0], [0, 1], [1, 0]]
['Infinite family:', [1, 3, 0, 2], [2, 3, 0, 1], [0, 1, 2], [2, 1, 0], [0, 1], [1, 0]]
['Infinite family:', [1, 3, 0, 2], [2, 3, 1, 0], [0, 1, 2], [2, 1, 0], [0, 1], [1, 0]]
['Infinite family:', [1, 3, 2, 0], [2, 3, 0, 1], [0, 1, 2], [2, 1, 0], [0, 1], [1, 0]]
['Infinite family:', [1, 3, 2, 0], [2, 3, 1, 0], [0, 1, 2], [2, 1, 0], [0, 1], [1, 0]]
['Infinite family:', [1, 0, 3, 2], [2, 3, 0, 1], [1, 0, 2], [2, 1, 0], [0, 1], [1, 0]]
['Infinite family:', [1, 0, 3, 2], [2, 3, 0, 1], [1, 2, 0], [2, 0, 1], [0, 1], [1, 0]]
['Infinite family:', [1, 0, 3, 2], [2, 3, 0, 1], [1, 2, 0], [2, 1, 0], [0, 1], [1, 0]]
['Infinite family:', [1, 3, 0, 2], [2, 0, 3, 1], [1, 0, 2], [2, 1, 0], [0, 1], [1, 0]]
['Infinite family:', [1, 3, 0, 2], [2, 0, 3, 1], [1, 2, 0], [2, 0, 1], [0, 1], [1, 0]]
['Infinite family:', [1, 3, 0, 2], [2, 0, 3, 1], [1, 2, 0], [2, 1, 0], [0, 1], [1, 0]]
['Infinite family:', [1, 0, 3, 2], [2, 3, 0, 1], [2, 0, 1], [2, 1, 0], [0, 1], [1, 0]]
['Infinite family:', [1, 3, 0, 2], [2, 0, 3, 1], [2, 0, 1], [2, 1, 0], [0, 1], [1, 0]]
['Infinite family:', [1, 0, 2, 3], [3, 0, 1, 2], [0, 1, 2], [2, 1, 0], [0, 1], [1, 0]]
['Infinite family:', [1, 0, 2, 3], [3, 0, 2, 1], [0, 1, 2], [2, 1, 0], [0, 1], [1, 0]]
['Infinite family:', [1, 0, 3, 2], [3, 0, 1, 2], [0, 1, 2], [2, 1, 0], [0, 1], [1, 0]]
['Infinite family:', [1, 0, 3, 2], [3, 0, 2, 1], [0, 1, 2], [2, 1, 0], [0, 1], [1, 0]]
['Infinite family:', [1, 0, 2, 3], [3, 1, 0, 2], [0, 1, 2], [2, 1, 0], [0, 1], [1, 0]]
['Infinite family:', [1, 0, 2, 3], [3, 1, 2, 0], [0, 1, 2], [2, 1, 0], [0, 1], [1, 0]]
['Infinite family:', [1, 0, 3, 2], [3, 1, 0, 2], [0, 1, 2], [2, 1, 0], [0, 1], [1, 0]]
['Infinite family:', [1, 0, 3, 2], [3, 1, 2, 0], [0, 1, 2], [2, 1, 0], [0, 1], [1, 0]]
['Infinite family:', [1, 0, 2, 3], [3, 2, 0, 1], [0, 1, 2], [2, 1, 0], [0, 1], [1, 0]]
['Infinite family:', [1, 0, 2, 3], [3, 2, 1, 0], [0, 1, 2], [2, 1, 0], [0, 1], [1, 0]]
['Infinite family:', [1, 0, 3, 2], [3, 2, 0, 1], [0, 1, 2], [2, 1, 0], [0, 1], [1, 0]]
['Infinite family:', [1, 0, 3, 2], [3, 2, 1, 0], [0, 1, 2], [2, 1, 0], [0, 1], [1, 0]]
['Infinite family:', [1, 2, 0, 3], [3, 0, 1, 2], [0, 1, 2], [2, 1, 0], [0, 1], [1, 0]]
['Infinite family:', [1, 2, 0, 3], [3, 0, 2, 1], [0, 1, 2], [2, 1, 0], [0, 1], [1, 0]]
['Infinite family:', [1, 2, 3, 0], [3, 0, 1, 2], [0, 1, 2], [2, 1, 0], [0, 1], [1, 0]]
['Infinite family:', [1, 2, 3, 0], [3, 0, 2, 1], [0, 1, 2], [2, 1, 0], [0, 1], [1, 0]]
['Infinite family:', [1, 2, 0, 3], [3, 1, 0, 2], [0, 1, 2], [2, 1, 0], [0, 1], [1, 0]]
['Infinite family:', [1, 2, 0, 3], [3, 1, 2, 0], [0, 1, 2], [2, 1, 0], [0, 1], [1, 0]]
['Infinite family:', [1, 2, 3, 0], [3, 1, 0, 2], [0, 1, 2], [2, 1, 0], [0, 1], [1, 0]]
['Infinite family:', [1, 2, 3, 0], [3, 1, 2, 0], [0, 1, 2], [2, 1, 0], [0, 1], [1, 0]]
['Infinite family:', [1, 2, 0, 3], [3, 2, 0, 1], [0, 1, 2], [2, 1, 0], [0, 1], [1, 0]]
['Infinite family:', [1, 2, 0, 3], [3, 2, 1, 0], [0, 1, 2], [2, 1, 0], [0, 1], [1, 0]]
['Infinite family:', [1, 2, 3, 0], [3, 2, 0, 1], [0, 1, 2], [2, 1, 0], [0, 1], [1, 0]]
['Infinite family:', [1, 2, 3, 0], [3, 2, 1, 0], [0, 1, 2], [2, 1, 0], [0, 1], [1, 0]]
['Infinite family:', [1, 3, 0, 2], [3, 0, 1, 2], [0, 1, 2], [2, 1, 0], [0, 1], [1, 0]]
['Infinite family:', [1, 3, 0, 2], [3, 0, 2, 1], [0, 1, 2], [2, 1, 0], [0, 1], [1, 0]]
['Infinite family:', [1, 3, 2, 0], [3, 0, 1, 2], [0, 1, 2], [2, 1, 0], [0, 1], [1, 0]]
['Infinite family:', [1, 3, 2, 0], [3, 0, 2, 1], [0, 1, 2], [2, 1, 0], [0, 1], [1, 0]]
['Infinite family:', [1, 3, 0, 2], [3, 1, 0, 2], [0, 1, 2], [2, 1, 0], [0, 1], [1, 0]]
['Infinite family:', [1, 3, 0, 2], [3, 1, 2, 0], [0, 1, 2], [2, 1, 0], [0, 1], [1, 0]]
['Infinite family:', [1, 3, 2, 0], [3, 1, 0, 2], [0, 1, 2], [2, 1, 0], [0, 1], [1, 0]]
['Infinite family:', [1, 3, 2, 0], [3, 1, 2, 0], [0, 1, 2], [2, 1, 0], [0, 1], [1, 0]]
['Infinite family:', [1, 3, 0, 2], [3, 2, 0, 1], [0, 1, 2], [2, 1, 0], [0, 1], [1, 0]]
['Infinite family:', [1, 3, 0, 2], [3, 2, 1, 0], [0, 1, 2], [2, 1, 0], [0, 1], [1, 0]]
['Infinite family:', [1, 3, 2, 0], [3, 2, 0, 1], [0, 1, 2], [2, 1, 0], [0, 1], [1, 0]]
['Infinite family:', [1, 3, 2, 0], [3, 2, 1, 0], [0, 1, 2], [2, 1, 0], [0, 1], [1, 0]]
['Infinite family:', [2, 0, 1, 3], [2, 0, 3, 1], [0, 1, 2], [2, 1, 0], [0, 1], [1, 0]]
['Infinite family:', [2, 0, 1, 3], [2, 1, 0, 3], [0, 1, 2], [2, 1, 0], [0, 1], [1, 0]]
['Infinite family:', [2, 0, 1, 3], [2, 1, 3, 0], [0, 1, 2], [2, 1, 0], [0, 1], [1, 0]]
['Infinite family:', [2, 0, 3, 1], [2, 1, 0, 3], [0, 1, 2], [2, 1, 0], [0, 1], [1, 0]]
['Infinite family:', [2, 0, 3, 1], [2, 1, 3, 0], [0, 1, 2], [2, 1, 0], [0, 1], [1, 0]]
['Infinite family:', [2, 0, 1, 3], [2, 3, 0, 1], [0, 1, 2], [2, 1, 0], [0, 1], [1, 0]]
['Infinite family:', [2, 0, 1, 3], [2, 3, 1, 0], [0, 1, 2], [2, 1, 0], [0, 1], [1, 0]]
['Infinite family:', [2, 0, 3, 1], [2, 3, 0, 1], [0, 1, 2], [2, 1, 0], [0, 1], [1, 0]]
['Infinite family:', [2, 0, 3, 1], [2, 3, 1, 0], [0, 1, 2], [2, 1, 0], [0, 1], [1, 0]]
['Infinite family:', [2, 1, 0, 3], [2, 1, 3, 0], [0, 1, 2], [2, 1, 0], [0, 1], [1, 0]]
['Infinite family:', [2, 1, 0, 3], [2, 3, 0, 1], [0, 1, 2], [2, 1, 0], [0, 1], [1, 0]]
['Infinite family:', [2, 1, 0, 3], [2, 3, 1, 0], [0, 1, 2], [2, 1, 0], [0, 1], [1, 0]]
['Infinite family:', [2, 1, 3, 0], [2, 3, 0, 1], [0, 1, 2], [2, 1, 0], [0, 1], [1, 0]]
['Infinite family:', [2, 1, 3, 0], [2, 3, 1, 0], [0, 1, 2], [2, 1, 0], [0, 1], [1, 0]]
['Infinite family:', [2, 3, 0, 1], [2, 3, 1, 0], [0, 1, 2], [2, 1, 0], [0, 1], [1, 0]]
['Infinite family:', [2, 0, 1, 3], [3, 0, 1, 2], [0, 1, 2], [2, 1, 0], [0, 1], [1, 0]]
['Infinite family:', [2, 0, 1, 3], [3, 0, 2, 1], [0, 1, 2], [2, 1, 0], [0, 1], [1, 0]]
['Infinite family:', [2, 0, 3, 1], [3, 0, 1, 2], [0, 1, 2], [2, 1, 0], [0, 1], [1, 0]]
['Infinite family:', [2, 0, 3, 1], [3, 0, 2, 1], [0, 1, 2], [2, 1, 0], [0, 1], [1, 0]]
['Infinite family:', [2, 0, 1, 3], [3, 1, 0, 2], [0, 1, 2], [2, 1, 0], [0, 1], [1, 0]]
['Infinite family:', [2, 0, 1, 3], [3, 1, 2, 0], [0, 1, 2], [2, 1, 0], [0, 1], [1, 0]]
['Infinite family:', [2, 0, 3, 1], [3, 1, 0, 2], [0, 1, 2], [2, 1, 0], [0, 1], [1, 0]]
['Infinite family:', [2, 0, 3, 1], [3, 1, 2, 0], [0, 1, 2], [2, 1, 0], [0, 1], [1, 0]]
['Infinite family:', [2, 0, 1, 3], [3, 2, 0, 1], [0, 1, 2], [2, 1, 0], [0, 1], [1, 0]]
['Infinite family:', [2, 0, 1, 3], [3, 2, 1, 0], [0, 1, 2], [2, 1, 0], [0, 1], [1, 0]]
['Infinite family:', [2, 0, 3, 1], [3, 2, 0, 1], [0, 1, 2], [2, 1, 0], [0, 1], [1, 0]]
['Infinite family:', [2, 0, 3, 1], [3, 2, 1, 0], [0, 1, 2], [2, 1, 0], [0, 1], [1, 0]]
['Infinite family:', [2, 1, 0, 3], [3, 0, 1, 2], [0, 1, 2], [2, 1, 0], [0, 1], [1, 0]]
['Infinite family:', [2, 1, 0, 3], [3, 0, 2, 1], [0, 1, 2], [2, 1, 0], [0, 1], [1, 0]]
['Infinite family:', [2, 1, 3, 0], [3, 0, 1, 2], [0, 1, 2], [2, 1, 0], [0, 1], [1, 0]]
['Infinite family:', [2, 1, 3, 0], [3, 0, 2, 1], [0, 1, 2], [2, 1, 0], [0, 1], [1, 0]]
['Infinite family:', [2, 1, 0, 3], [3, 1, 0, 2], [0, 1, 2], [2, 1, 0], [0, 1], [1, 0]]
['Infinite family:', [2, 1, 0, 3], [3, 1, 2, 0], [0, 1, 2], [2, 1, 0], [0, 1], [1, 0]]
['Infinite family:', [2, 1, 3, 0], [3, 1, 0, 2], [0, 1, 2], [2, 1, 0], [0, 1], [1, 0]]
['Infinite family:', [2, 1, 3, 0], [3, 1, 2, 0], [0, 1, 2], [2, 1, 0], [0, 1], [1, 0]]
['Infinite family:', [2, 1, 0, 3], [3, 2, 0, 1], [0, 1, 2], [2, 1, 0], [0, 1], [1, 0]]
['Infinite family:', [2, 1, 0, 3], [3, 2, 1, 0], [0, 1, 2], [2, 1, 0], [0, 1], [1, 0]]
['Infinite family:', [2, 1, 3, 0], [3, 2, 0, 1], [0, 1, 2], [2, 1, 0], [0, 1], [1, 0]]
['Infinite family:', [2, 1, 3, 0], [3, 2, 1, 0], [0, 1, 2], [2, 1, 0], [0, 1], [1, 0]]
['Infinite family:', [2, 3, 0, 1], [3, 0, 1, 2], [0, 1, 2], [2, 1, 0], [0, 1], [1, 0]]
['Infinite family:', [2, 3, 0, 1], [3, 0, 2, 1], [0, 1, 2], [2, 1, 0], [0, 1], [1, 0]]
['Infinite family:', [2, 3, 1, 0], [3, 0, 1, 2], [0, 1, 2], [2, 1, 0], [0, 1], [1, 0]]
['Infinite family:', [2, 3, 1, 0], [3, 0, 2, 1], [0, 1, 2], [2, 1, 0], [0, 1], [1, 0]]
['Infinite family:', [2, 3, 0, 1], [3, 1, 0, 2], [0, 1, 2], [2, 1, 0], [0, 1], [1, 0]]
['Infinite family:', [2, 3, 0, 1], [3, 1, 2, 0], [0, 1, 2], [2, 1, 0], [0, 1], [1, 0]]
['Infinite family:', [2, 3, 1, 0], [3, 1, 0, 2], [0, 1, 2], [2, 1, 0], [0, 1], [1, 0]]
['Infinite family:', [2, 3, 1, 0], [3, 1, 2, 0], [0, 1, 2], [2, 1, 0], [0, 1], [1, 0]]
['Infinite family:', [2, 3, 0, 1], [3, 2, 0, 1], [0, 1, 2], [2, 1, 0], [0, 1], [1, 0]]
['Infinite family:', [2, 3, 0, 1], [3, 2, 1, 0], [0, 1, 2], [2, 1, 0], [0, 1], [1, 0]]
['Infinite family:', [2, 3, 1, 0], [3, 2, 0, 1], [0, 1, 2], [2, 1, 0], [0, 1], [1, 0]]
['Infinite family:', [2, 3, 1, 0], [3, 2, 1, 0], [0, 1, 2], [2, 1, 0], [0, 1], [1, 0]]
['Infinite family:', [3, 0, 1, 2], [3, 0, 2, 1], [0, 1, 2], [2, 1, 0], [0, 1], [1, 0]]
['Infinite family:', [3, 0, 1, 2], [3, 1, 0, 2], [0, 1, 2], [2, 1, 0], [0, 1], [1, 0]]
['Infinite family:', [3, 0, 1, 2], [3, 1, 2, 0], [0, 1, 2], [2, 1, 0], [0, 1], [1, 0]]
['Infinite family:', [3, 0, 2, 1], [3, 1, 0, 2], [0, 1, 2], [2, 1, 0], [0, 1], [1, 0]]
['Infinite family:', [3, 0, 2, 1], [3, 1, 2, 0], [0, 1, 2], [2, 1, 0], [0, 1], [1, 0]]
['Infinite family:', [3, 0, 1, 2], [3, 2, 0, 1], [0, 1, 2], [2, 1, 0], [0, 1], [1, 0]]
['Infinite family:', [3, 0, 1, 2], [3, 2, 1, 0], [0, 1, 2], [2, 1, 0], [0, 1], [1, 0]]
['Infinite family:', [3, 0, 2, 1], [3, 2, 0, 1], [0, 1, 2], [2, 1, 0], [0, 1], [1, 0]]
['Infinite family:', [3, 0, 2, 1], [3, 2, 1, 0], [0, 1, 2], [2, 1, 0], [0, 1], [1, 0]]
['Infinite family:', [3, 1, 0, 2], [3, 1, 2, 0], [0, 1, 2], [2, 1, 0], [0, 1], [1, 0]]
['Infinite family:', [3, 1, 0, 2], [3, 2, 0, 1], [0, 1, 2], [2, 1, 0], [0, 1], [1, 0]]
['Infinite family:', [3, 1, 0, 2], [3, 2, 1, 0], [0, 1, 2], [2, 1, 0], [0, 1], [1, 0]]
['Infinite family:', [3, 1, 2, 0], [3, 2, 0, 1], [0, 1, 2], [2, 1, 0], [0, 1], [1, 0]]
['Infinite family:', [3, 1, 2, 0], [3, 2, 1, 0], [0, 1, 2], [2, 1, 0], [0, 1], [1, 0]]
['Infinite family:', [3, 2, 0, 1], [3, 2, 1, 0], [0, 1, 2], [2, 1, 0], [0, 1], [1, 0]]
[5, 5, 5, 5, 5, 5]
Covers of type [5, 5, 5, 5, 5, 5] are ruled out by length tuple alone.
[5, 5, 5, 5, 4, 4]
12*(12435) + 12*(13245) + 8*(45312) + 8*(54321) -5*(1234) + 5*(2143) 
12*(12435) + 12*(13245) + 8*(45321) + 8*(54312) -5*(1234) + 5*(2143) 
-8*(12345) -8*(21354) + 8*(45312) + 8*(54321) + 5*(1234) + 5*(2143) 
-8*(12345) -8*(21354) + 8*(45312) + 8*(54321) + 5*(1243) + 5*(2134) 
-8*(12345) -8*(21354) + 8*(45321) + 8*(54312) + 5*(1234) + 5*(2143) 
-8*(12345) -8*(21354) + 8*(45321) + 8*(54312) + 5*(1243) + 5*(2134) 
-8*(12354) -8*(21345) + 8*(45312) + 8*(54321) + 5*(1234) + 5*(2143) 
-8*(12354) -8*(21345) + 8*(45312) + 8*(54321) + 5*(1243) + 5*(2134) 
-8*(12354) -8*(21345) + 8*(45321) + 8*(54312) + 5*(1234) + 5*(2143) 
-8*(12354) -8*(21345) + 8*(45321) + 8*(54312) + 5*(1243) + 5*(2134) 
[5, 5, 5, 5, 4, 3]
24*(12354) -12*(12435) + 24*(12543) -36*(52341) + 15*(2134) + 10*(321) 
-12*(12345) + 24*(12453) + 24*(12534) -36*(52431) + 15*(2134) + 10*(321) 
36*(12345) -36*(12354) + 36*(13254) -36*(53241) + 15*(2143) + 10*(321) 
36*(12435) -36*(12534) + 36*(13524) -36*(53421) + 15*(2143) + 10*(321) 
-36*(12345) + 36*(12354) -36*(13254) + 36*(53241) + 15*(3412) + 10*(123) 
-36*(12435) + 36*(12534) -36*(13524) + 36*(53421) + 15*(3412) + 10*(123) 
36*(12345) -36*(12543) + 36*(14523) -36*(54321) + 15*(2143) + 10*(321) 
-36*(12345) + 36*(12543) -36*(14523) + 36*(54321) + 15*(3412) + 10*(123) 
36*(12354) + 36*(21345) -36*(21354) -36*(52341) + 15*(2143) + 10*(321) 
36*(12354) -36*(21354) + 36*(21435) -36*(52431) + 15*(2143) + 10*(321) 
36*(12435) + 36*(21345) -36*(21435) -36*(52341) + 15*(2143) + 10*(321) 
36*(12453) + 36*(21345) -36*(21453) -36*(52341) + 15*(2143) + 10*(321) 
36*(12453) + 36*(21435) -36*(21453) -36*(52431) + 15*(2143) + 10*(321) 
36*(12543) + 36*(21345) -36*(21543) -36*(52341) + 15*(2143) + 10*(321) 
36*(12543) + 36*(21435) -36*(21543) -36*(52431) + 15*(2143) + 10*(321) 
-36*(12354) -36*(21345) + 36*(21354) + 36*(52341) + 15*(3412) + 10*(123) 
-36*(12354) + 36*(21354) -36*(21435) + 36*(52431) + 15*(3412) + 10*(123) 
-36*(12435) -36*(21345) + 36*(21435) + 36*(52341) + 15*(3412) + 10*(123) 
-36*(12453) -36*(21345) + 36*(21453) + 36*(52341) + 15*(3412) + 10*(123) 
-36*(12453) -36*(21435) + 36*(21453) + 36*(52431) + 15*(3412) + 10*(123) 
-36*(12543) -36*(21345) + 36*(21543) + 36*(52341) + 15*(3412) + 10*(123) 
-36*(12543) -36*(21435) + 36*(21543) + 36*(52431) + 15*(3412) + 10*(123) 
-24*(12345) + 12*(21354) + 36*(35142) + 36*(42513) + 15*(4321) + 10*(123) 
-24*(12345) -36*(13425) -24*(21354) -36*(54231) + 15*(4321) + 10*(123) 
-24*(12354) -36*(13425) -24*(21345) -36*(54231) + 15*(4321) + 10*(123) 
36*(12534) + 36*(13425) -36*(13524) -36*(52431) + 15*(2143) + 10*(321) 
-36*(12534) -36*(13425) + 36*(13524) + 36*(52431) + 15*(3412) + 10*(123) 
36*(12534) + 36*(31425) -36*(31524) -36*(52431) + 15*(2143) + 10*(321) 
-36*(12534) -36*(31425) + 36*(31524) + 36*(52431) + 15*(3412) + 10*(123) 
36*(12345) + 36*(31452) -36*(32451) -36*(51342) + 15*(2143) + 10*(321) 
36*(12354) + 36*(31425) -36*(32451) -36*(51324) + 15*(2143) + 10*(321) 
36*(12345) + 36*(31524) -36*(32541) -36*(51324) + 15*(2143) + 10*(321) 
36*(12345) + 36*(31542) -36*(32541) -36*(51342) + 15*(2143) + 10*(321) 
36*(12435) + 36*(31254) -36*(32451) -36*(51234) + 15*(2143) + 10*(321) 
36*(12453) + 36*(31245) -36*(32451) -36*(51243) + 15*(2143) + 10*(321) 
36*(12435) + 36*(31452) -36*(32451) -36*(51432) + 15*(2143) + 10*(321) 
36*(12453) + 36*(31425) -36*(32451) -36*(51423) + 15*(2143) + 10*(321) 
36*(12435) + 36*(31542) -36*(32541) -36*(51432) + 15*(2143) + 10*(321) 
36*(12534) + 36*(31245) -36*(32541) -36*(51234) + 15*(2143) + 10*(321) 
36*(12543) + 36*(31245) -36*(32541) -36*(51243) + 15*(2143) + 10*(321) 
36*(12543) + 36*(31425) -36*(32541) -36*(51423) + 15*(2143) + 10*(321) 
-36*(12345) -36*(31452) + 36*(32451) + 36*(51342) + 15*(3412) + 10*(123) 
-36*(12354) -36*(31425) + 36*(32451) + 36*(51324) + 15*(3412) + 10*(123) 
-36*(12345) -36*(31524) + 36*(32541) + 36*(51324) + 15*(3412) + 10*(123) 
-36*(12345) -36*(31542) + 36*(32541) + 36*(51342) + 15*(3412) + 10*(123) 
-36*(12435) -36*(31254) + 36*(32451) + 36*(51234) + 15*(3412) + 10*(123) 
-36*(12453) -36*(31245) + 36*(32451) + 36*(51243) + 15*(3412) + 10*(123) 
-36*(12435) -36*(31452) + 36*(32451) + 36*(51432) + 15*(3412) + 10*(123) 
-36*(12453) -36*(31425) + 36*(32451) + 36*(51423) + 15*(3412) + 10*(123) 
-36*(12435) -36*(31542) + 36*(32541) + 36*(51432) + 15*(3412) + 10*(123) 
-36*(12534) -36*(31245) + 36*(32541) + 36*(51234) + 15*(3412) + 10*(123) 
-36*(12543) -36*(31245) + 36*(32541) + 36*(51243) + 15*(3412) + 10*(123) 
-36*(12543) -36*(31425) + 36*(32541) + 36*(51423) + 15*(3412) + 10*(123) 
36*(12543) + 36*(14325) -36*(14523) -36*(52341) + 15*(2143) + 10*(321) 
-36*(12543) -36*(14325) + 36*(14523) + 36*(52341) + 15*(3412) + 10*(123) 
36*(12453) + 36*(41235) -36*(41253) -36*(52431) + 15*(2143) + 10*(321) 
36*(12543) + 36*(41325) -36*(41523) -36*(52341) + 15*(2143) + 10*(321) 
-36*(12453) -36*(41235) + 36*(41253) + 36*(52431) + 15*(3412) + 10*(123) 
-36*(12543) -36*(41325) + 36*(41523) + 36*(52341) + 15*(3412) + 10*(123) 
36*(12354) + 36*(41235) -36*(42351) -36*(51234) + 15*(2143) + 10*(321) 
36*(12345) + 36*(41352) -36*(42351) -36*(51342) + 15*(2143) + 10*(321) 
36*(12354) + 36*(41325) -36*(42351) -36*(51324) + 15*(2143) + 10*(321) 
36*(12345) + 36*(41532) -36*(42531) -36*(51342) + 15*(2143) + 10*(321) 
36*(12435) + 36*(41352) -36*(42351) -36*(51432) + 15*(2143) + 10*(321) 
36*(12453) + 36*(41325) -36*(42351) -36*(51423) + 15*(2143) + 10*(321) 
36*(12435) + 36*(41523) -36*(42531) -36*(51423) + 15*(2143) + 10*(321) 
36*(12435) + 36*(41532) -36*(42531) -36*(51432) + 15*(2143) + 10*(321) 
36*(12534) + 36*(41235) -36*(42531) -36*(51234) + 15*(2143) + 10*(321) 
36*(12543) + 36*(41235) -36*(42531) -36*(51243) + 15*(2143) + 10*(321) 
36*(12534) + 36*(41325) -36*(42531) -36*(51324) + 15*(2143) + 10*(321) 
-36*(12354) -36*(41235) + 36*(42351) + 36*(51234) + 15*(3412) + 10*(123) 
-36*(12345) -36*(41352) + 36*(42351) + 36*(51342) + 15*(3412) + 10*(123) 
-36*(12354) -36*(41325) + 36*(42351) + 36*(51324) + 15*(3412) + 10*(123) 
-36*(12345) -36*(41532) + 36*(42531) + 36*(51342) + 15*(3412) + 10*(123) 
-36*(12435) -36*(41352) + 36*(42351) + 36*(51432) + 15*(3412) + 10*(123) 
-36*(12453) -36*(41325) + 36*(42351) + 36*(51423) + 15*(3412) + 10*(123) 
-36*(12435) -36*(41523) + 36*(42531) + 36*(51423) + 15*(3412) + 10*(123) 
-36*(12435) -36*(41532) + 36*(42531) + 36*(51432) + 15*(3412) + 10*(123) 
-36*(12534) -36*(41235) + 36*(42531) + 36*(51234) + 15*(3412) + 10*(123) 
-36*(12543) -36*(41235) + 36*(42531) + 36*(51243) + 15*(3412) + 10*(123) 
-36*(12534) -36*(41325) + 36*(42531) + 36*(51324) + 15*(3412) + 10*(123) 
36*(12345) -36*(15342) + 36*(15432) -36*(52431) + 15*(2143) + 10*(321) 
36*(12435) + 36*(15342) -36*(15432) -36*(52341) + 15*(2143) + 10*(321) 
-36*(12345) + 36*(15342) -36*(15432) + 36*(52431) + 15*(3412) + 10*(123) 
-36*(12435) -36*(15342) + 36*(15432) + 36*(52341) + 15*(3412) + 10*(123) 
36*(12345) -36*(51342) + 36*(51432) -36*(52431) + 15*(2143) + 10*(321) 
36*(12435) + 36*(51342) -36*(51432) -36*(52341) + 15*(2143) + 10*(321) 
-36*(12345) + 36*(51342) -36*(51432) + 36*(52431) + 15*(3412) + 10*(123) 
-36*(12435) -36*(51342) + 36*(51432) + 36*(52341) + 15*(3412) + 10*(123) 
36*(12354) + 36*(32415) -36*(32451) -36*(52314) + 15*(2143) + 10*(321) 
36*(12435) + 36*(32154) -36*(32451) -36*(52134) + 15*(2143) + 10*(321) 
36*(12453) + 36*(32415) -36*(32451) -36*(52413) + 15*(2143) + 10*(321) 
36*(12543) + 36*(32145) -36*(32541) -36*(52143) + 15*(2143) + 10*(321) 
36*(12534) + 36*(32415) -36*(32514) -36*(52431) + 15*(2143) + 10*(321) 
36*(12543) + 36*(32415) -36*(32541) -36*(52413) + 15*(2143) + 10*(321) 
-36*(12354) -36*(32415) + 36*(32451) + 36*(52314) + 15*(3412) + 10*(123) 
-36*(12435) -36*(32154) + 36*(32451) + 36*(52134) + 15*(3412) + 10*(123) 
-36*(12453) -36*(32415) + 36*(32451) + 36*(52413) + 15*(3412) + 10*(123) 
-36*(12543) -36*(32145) + 36*(32541) + 36*(52143) + 15*(3412) + 10*(123) 
-36*(12534) -36*(32415) + 36*(32514) + 36*(52431) + 15*(3412) + 10*(123) 
-36*(12543) -36*(32415) + 36*(32541) + 36*(52413) + 15*(3412) + 10*(123) 
36*(12354) -36*(32154) + 36*(34125) -36*(54321) + 15*(2143) + 10*(321) 
36*(12345) -36*(32541) + 36*(34512) -36*(54312) + 15*(2143) + 10*(321) 
36*(12435) -36*(32451) + 36*(34152) -36*(54132) + 15*(2143) + 10*(321) 
36*(12453) -36*(32451) + 36*(34125) -36*(54123) + 15*(2143) + 10*(321) 
36*(12435) -36*(32415) + 36*(34215) -36*(54231) + 15*(2143) + 10*(321) 
36*(12435) -36*(32451) + 36*(34251) -36*(54231) + 15*(2143) + 10*(321) 
36*(12453) -36*(32451) + 36*(34215) -36*(54213) + 15*(2143) + 10*(321) 
36*(12543) -36*(32541) + 36*(34125) -36*(54123) + 15*(2143) + 10*(321) 
36*(12534) -36*(32514) + 36*(34215) -36*(54231) + 15*(2143) + 10*(321) 
36*(12543) -36*(32541) + 36*(34215) -36*(54213) + 15*(2143) + 10*(321) 
36*(12354) + 36*(42315) -36*(42351) -36*(52314) + 15*(2143) + 10*(321) 
36*(12453) + 36*(42315) -36*(42351) -36*(52413) + 15*(2143) + 10*(321) 
36*(12435) + 36*(42513) -36*(42531) -36*(52413) + 15*(2143) + 10*(321) 
36*(12543) + 36*(42315) -36*(42513) -36*(52341) + 15*(2143) + 10*(321) 
-36*(12354) -36*(42315) + 36*(42351) + 36*(52314) + 15*(3412) + 10*(123) 
-36*(12453) -36*(42315) + 36*(42351) + 36*(52413) + 15*(3412) + 10*(123) 
-36*(12435) -36*(42513) + 36*(42531) + 36*(52413) + 15*(3412) + 10*(123) 
-36*(12543) -36*(42315) + 36*(42513) + 36*(52341) + 15*(3412) + 10*(123) 
36*(12354) -36*(42351) + 36*(43125) -36*(53124) + 15*(2143) + 10*(321) 
36*(12354) -36*(42351) + 36*(43215) -36*(53214) + 15*(2143) + 10*(321) 
36*(12435) -36*(42531) + 36*(43512) -36*(53412) + 15*(2143) + 10*(321) 
36*(12534) -36*(42531) + 36*(43125) -36*(53124) + 15*(2143) + 10*(321) 
36*(12534) -36*(42531) + 36*(43215) -36*(53214) + 15*(2143) + 10*(321) 
36*(12543) -36*(42513) + 36*(43215) -36*(53241) + 15*(2143) + 10*(321) 
-36*(12354) + 36*(42351) -36*(43125) + 36*(53124) + 15*(3412) + 10*(123) 
-36*(12354) + 36*(42351) -36*(43215) + 36*(53214) + 15*(3412) + 10*(123) 
-36*(12435) + 36*(42531) -36*(43512) + 36*(53412) + 15*(3412) + 10*(123) 
-36*(12534) + 36*(42531) -36*(43125) + 36*(53124) + 15*(3412) + 10*(123) 
-36*(12534) + 36*(42531) -36*(43215) + 36*(53214) + 15*(3412) + 10*(123) 
-36*(12543) + 36*(42513) -36*(43215) + 36*(53241) + 15*(3412) + 10*(123) 
36*(13254) + 36*(21435) -36*(23451) -36*(51234) + 15*(2143) + 10*(321) 
36*(13425) + 36*(21354) -36*(23451) -36*(51324) + 15*(2143) + 10*(321) 
36*(13425) + 36*(21453) -36*(23451) -36*(51423) + 15*(2143) + 10*(321) 
36*(13452) + 36*(21435) -36*(23451) -36*(51432) + 15*(2143) + 10*(321) 
36*(13425) + 36*(21543) -36*(23541) -36*(51423) + 15*(2143) + 10*(321) 
36*(13542) + 36*(21435) -36*(23541) -36*(51432) + 15*(2143) + 10*(321) 
-36*(13254) -36*(21435) + 36*(23451) + 36*(51234) + 15*(3412) + 10*(123) 
-36*(13425) -36*(21354) + 36*(23451) + 36*(51324) + 15*(3412) + 10*(123) 
-36*(13425) -36*(21453) + 36*(23451) + 36*(51423) + 15*(3412) + 10*(123) 
-36*(13452) -36*(21435) + 36*(23451) + 36*(51432) + 15*(3412) + 10*(123) 
-36*(13425) -36*(21543) + 36*(23541) + 36*(51423) + 15*(3412) + 10*(123) 
-36*(13542) -36*(21435) + 36*(23541) + 36*(51432) + 15*(3412) + 10*(123) 
36*(13542) + 36*(14235) -36*(14532) -36*(53241) + 15*(2143) + 10*(321) 
-36*(13542) -36*(14235) + 36*(14532) + 36*(53241) + 15*(3412) + 10*(123) 
27*(13425) + 27*(14235) + 18*(45312) + 18*(52341) + 15*(2143) -5*(123) 
36*(13542) + 36*(41235) -36*(41532) -36*(53241) + 15*(2143) + 10*(321) 
-36*(13542) -36*(41235) + 36*(41532) + 36*(53241) + 15*(3412) + 10*(123) 
36*(13254) + 36*(41325) -36*(43251) -36*(51324) + 15*(2143) + 10*(321) 
36*(13452) + 36*(41235) -36*(43251) -36*(51432) + 15*(2143) + 10*(321) 
-36*(13254) -36*(41325) + 36*(43251) + 36*(51324) + 15*(3412) + 10*(123) 
36*(13452) + 36*(23415) -36*(23451) -36*(53412) + 15*(2143) + 10*(321) 
36*(13542) + 36*(23415) -36*(23541) -36*(53412) + 15*(2143) + 10*(321) 
-36*(13452) -36*(23415) + 36*(23451) + 36*(53412) + 15*(3412) + 10*(123) 
-36*(13542) -36*(23415) + 36*(23541) + 36*(53412) + 15*(3412) + 10*(123) 
36*(13542) + 36*(32415) -36*(32541) -36*(53412) + 15*(2143) + 10*(321) 
-36*(13542) -36*(32415) + 36*(32541) + 36*(53412) + 15*(3412) + 10*(123) 
36*(13452) + 36*(24315) -36*(24351) -36*(53412) + 15*(2143) + 10*(321) 
36*(13524) + 36*(24135) -36*(24531) -36*(53124) + 15*(2143) + 10*(321) 
36*(13542) + 36*(24135) -36*(24531) -36*(53142) + 15*(2143) + 10*(321) 
-36*(13452) -36*(24315) + 36*(24351) + 36*(53412) + 15*(3412) + 10*(123) 
-36*(13524) -36*(24135) + 36*(24531) + 36*(53124) + 15*(3412) + 10*(123) 
36*(13542) + 36*(42315) -36*(43512) -36*(52341) + 15*(2143) + 10*(321) 
-36*(13542) -36*(42315) + 36*(43512) + 36*(52341) + 15*(3412) + 10*(123) 
36*(14325) + 36*(21354) -36*(24351) -36*(51324) + 15*(2143) + 10*(321) 
-36*(14325) -36*(21354) + 36*(24351) + 36*(51324) + 15*(3412) + 10*(123) 
['Infinite family:', [0, 1, 2, 3, 4], [0, 1, 3, 2, 4], [4, 1, 2, 3, 0], [4, 1, 3, 2, 0], [1, 0, 3, 2], [2, 1, 0]]
['Infinite family:', [0, 1, 2, 3, 4], [0, 1, 3, 2, 4], [4, 1, 2, 3, 0], [4, 1, 3, 2, 0], [2, 3, 0, 1], [0, 1, 2]]
['Infinite family:', [0, 1, 2, 3, 4], [0, 2, 1, 3, 4], [4, 1, 2, 3, 0], [4, 2, 1, 3, 0], [1, 0, 3, 2], [2, 1, 0]]
['Infinite family:', [0, 1, 2, 3, 4], [0, 2, 3, 1, 4], [4, 1, 2, 3, 0], [4, 2, 3, 1, 0], [1, 0, 3, 2], [2, 1, 0]]
['Infinite family:', [0, 1, 3, 2, 4], [0, 2, 1, 3, 4], [4, 1, 3, 2, 0], [4, 2, 1, 3, 0], [1, 0, 3, 2], [2, 1, 0]]
['Infinite family:', [0, 1, 3, 2, 4], [0, 2, 3, 1, 4], [4, 1, 3, 2, 0], [4, 2, 3, 1, 0], [1, 0, 3, 2], [2, 1, 0]]
['Infinite family:', [0, 1, 2, 3, 4], [0, 2, 1, 3, 4], [4, 1, 2, 3, 0], [4, 2, 1, 3, 0], [2, 3, 0, 1], [0, 1, 2]]
['Infinite family:', [0, 1, 2, 3, 4], [0, 2, 3, 1, 4], [4, 1, 2, 3, 0], [4, 2, 3, 1, 0], [2, 3, 0, 1], [0, 1, 2]]
['Infinite family:', [0, 1, 3, 2, 4], [0, 2, 1, 3, 4], [4, 1, 3, 2, 0], [4, 2, 1, 3, 0], [2, 3, 0, 1], [0, 1, 2]]
['Infinite family:', [0, 1, 3, 2, 4], [0, 2, 3, 1, 4], [4, 1, 3, 2, 0], [4, 2, 3, 1, 0], [2, 3, 0, 1], [0, 1, 2]]
['Infinite family:', [0, 1, 2, 3, 4], [0, 3, 1, 2, 4], [4, 1, 2, 3, 0], [4, 3, 1, 2, 0], [1, 0, 3, 2], [2, 1, 0]]
['Infinite family:', [0, 1, 2, 3, 4], [0, 3, 2, 1, 4], [4, 1, 2, 3, 0], [4, 3, 2, 1, 0], [1, 0, 3, 2], [2, 1, 0]]
['Infinite family:', [0, 1, 3, 2, 4], [0, 3, 1, 2, 4], [4, 1, 3, 2, 0], [4, 3, 1, 2, 0], [1, 0, 3, 2], [2, 1, 0]]
['Infinite family:', [0, 1, 3, 2, 4], [0, 3, 2, 1, 4], [4, 1, 3, 2, 0], [4, 3, 2, 1, 0], [1, 0, 3, 2], [2, 1, 0]]
['Infinite family:', [0, 1, 2, 3, 4], [0, 3, 1, 2, 4], [4, 1, 2, 3, 0], [4, 3, 1, 2, 0], [2, 3, 0, 1], [0, 1, 2]]
['Infinite family:', [0, 1, 2, 3, 4], [0, 3, 2, 1, 4], [4, 1, 2, 3, 0], [4, 3, 2, 1, 0], [2, 3, 0, 1], [0, 1, 2]]
['Infinite family:', [0, 1, 3, 2, 4], [0, 3, 1, 2, 4], [4, 1, 3, 2, 0], [4, 3, 1, 2, 0], [2, 3, 0, 1], [0, 1, 2]]
['Infinite family:', [0, 1, 3, 2, 4], [0, 3, 2, 1, 4], [4, 1, 3, 2, 0], [4, 3, 2, 1, 0], [2, 3, 0, 1], [0, 1, 2]]
['Infinite family:', [0, 2, 1, 3, 4], [0, 2, 3, 1, 4], [4, 2, 1, 3, 0], [4, 2, 3, 1, 0], [1, 0, 3, 2], [2, 1, 0]]
['Infinite family:', [0, 2, 1, 3, 4], [0, 2, 3, 1, 4], [4, 2, 1, 3, 0], [4, 2, 3, 1, 0], [2, 3, 0, 1], [0, 1, 2]]
['Infinite family:', [0, 2, 1, 3, 4], [0, 3, 1, 2, 4], [4, 2, 1, 3, 0], [4, 3, 1, 2, 0], [1, 0, 3, 2], [2, 1, 0]]
['Infinite family:', [0, 2, 1, 3, 4], [0, 3, 2, 1, 4], [4, 2, 1, 3, 0], [4, 3, 2, 1, 0], [1, 0, 3, 2], [2, 1, 0]]
['Infinite family:', [0, 2, 3, 1, 4], [0, 3, 1, 2, 4], [4, 2, 3, 1, 0], [4, 3, 1, 2, 0], [1, 0, 3, 2], [2, 1, 0]]
['Infinite family:', [0, 2, 3, 1, 4], [0, 3, 2, 1, 4], [4, 2, 3, 1, 0], [4, 3, 2, 1, 0], [1, 0, 3, 2], [2, 1, 0]]
['Infinite family:', [0, 2, 1, 3, 4], [0, 3, 1, 2, 4], [4, 2, 1, 3, 0], [4, 3, 1, 2, 0], [2, 3, 0, 1], [0, 1, 2]]
['Infinite family:', [0, 2, 1, 3, 4], [0, 3, 2, 1, 4], [4, 2, 1, 3, 0], [4, 3, 2, 1, 0], [2, 3, 0, 1], [0, 1, 2]]
['Infinite family:', [0, 2, 3, 1, 4], [0, 3, 1, 2, 4], [4, 2, 3, 1, 0], [4, 3, 1, 2, 0], [2, 3, 0, 1], [0, 1, 2]]
['Infinite family:', [0, 2, 3, 1, 4], [0, 3, 2, 1, 4], [4, 2, 3, 1, 0], [4, 3, 2, 1, 0], [2, 3, 0, 1], [0, 1, 2]]
['Infinite family:', [0, 3, 1, 2, 4], [0, 3, 2, 1, 4], [4, 3, 1, 2, 0], [4, 3, 2, 1, 0], [1, 0, 3, 2], [2, 1, 0]]
['Infinite family:', [0, 3, 1, 2, 4], [0, 3, 2, 1, 4], [4, 3, 1, 2, 0], [4, 3, 2, 1, 0], [2, 3, 0, 1], [0, 1, 2]]
[5, 5, 5, 5, 4, 2]
12*(12345) + 18*(13425) + 18*(14235) + 12*(45312) + 15*(2143) + 5*(21) 
18*(13425) + 18*(14235) + 12*(15342) + 12*(42315) + 15*(2143) + 5*(21) 
[5, 5, 5, 5, 3, 3]
-27*(12435) -27*(13245) -18*(21354) -18*(54321) + 10*(123) + 5*(321) 
-27*(12435) -27*(13245) -18*(24351) -18*(51324) + 10*(123) + 5*(321) 
[5, 5, 5, 5, 3, 2]
18*(12435) + 18*(13245) + 12*(21354) + 12*(54321) -10*(123) + 5*(12) 
-18*(12435) -18*(13245) -12*(21354) -12*(54321) + 10*(123) + 5*(21) 
-9*(12435) -9*(13245) -6*(21354) -6*(54321) + 5*(321) + 5*(12) 
9*(12435) + 9*(13245) + 6*(21354) + 6*(54321) -5*(321) + 5*(21) 
18*(12435) + 18*(13245) + 12*(24351) + 12*(51324) -10*(123) + 5*(12) 
-18*(12435) -18*(13245) -12*(24351) -12*(51324) + 10*(123) + 5*(21) 
-9*(12435) -9*(13245) -6*(24351) -6*(51324) + 5*(321) + 5*(12) 
9*(12435) + 9*(13245) + 6*(24351) + 6*(51324) -5*(321) + 5*(21) 
[5, 5, 5, 5, 2, 2]
['Infinite family:', [0, 1, 2, 3, 4], [0, 1, 2, 4, 3], [1, 0, 2, 3, 4], [1, 0, 2, 4, 3], [0, 1], [1, 0]]
['Infinite family:', [0, 1, 2, 3, 4], [0, 1, 3, 2, 4], [1, 0, 2, 3, 4], [1, 0, 3, 2, 4], [0, 1], [1, 0]]
['Infinite family:', [0, 1, 2, 3, 4], [0, 1, 3, 4, 2], [1, 0, 2, 3, 4], [1, 0, 3, 4, 2], [0, 1], [1, 0]]
['Infinite family:', [0, 1, 2, 4, 3], [0, 1, 3, 2, 4], [1, 0, 2, 4, 3], [1, 0, 3, 2, 4], [0, 1], [1, 0]]
['Infinite family:', [0, 1, 2, 4, 3], [0, 1, 3, 4, 2], [1, 0, 2, 4, 3], [1, 0, 3, 4, 2], [0, 1], [1, 0]]
['Infinite family:', [0, 1, 2, 3, 4], [0, 1, 4, 2, 3], [1, 0, 2, 3, 4], [1, 0, 4, 2, 3], [0, 1], [1, 0]]
['Infinite family:', [0, 1, 2, 3, 4], [0, 1, 4, 3, 2], [1, 0, 2, 3, 4], [1, 0, 4, 3, 2], [0, 1], [1, 0]]
['Infinite family:', [0, 1, 2, 4, 3], [0, 1, 4, 2, 3], [1, 0, 2, 4, 3], [1, 0, 4, 2, 3], [0, 1], [1, 0]]
['Infinite family:', [0, 1, 2, 4, 3], [0, 1, 4, 3, 2], [1, 0, 2, 4, 3], [1, 0, 4, 3, 2], [0, 1], [1, 0]]
['Infinite family:', [0, 1, 3, 2, 4], [0, 1, 3, 4, 2], [1, 0, 3, 2, 4], [1, 0, 3, 4, 2], [0, 1], [1, 0]]
['Infinite family:', [0, 1, 3, 2, 4], [0, 1, 4, 2, 3], [1, 0, 3, 2, 4], [1, 0, 4, 2, 3], [0, 1], [1, 0]]
['Infinite family:', [0, 1, 3, 2, 4], [0, 1, 4, 3, 2], [1, 0, 3, 2, 4], [1, 0, 4, 3, 2], [0, 1], [1, 0]]
['Infinite family:', [0, 1, 3, 4, 2], [0, 1, 4, 2, 3], [1, 0, 3, 4, 2], [1, 0, 4, 2, 3], [0, 1], [1, 0]]
['Infinite family:', [0, 1, 3, 4, 2], [0, 1, 4, 3, 2], [1, 0, 3, 4, 2], [1, 0, 4, 3, 2], [0, 1], [1, 0]]
['Infinite family:', [0, 1, 4, 2, 3], [0, 1, 4, 3, 2], [1, 0, 4, 2, 3], [1, 0, 4, 3, 2], [0, 1], [1, 0]]
['Infinite family:', [0, 1, 2, 3, 4], [0, 1, 2, 4, 3], [0, 2, 1, 3, 4], [0, 2, 1, 4, 3], [0, 1], [1, 0]]
['Infinite family:', [0, 1, 3, 2, 4], [0, 1, 4, 2, 3], [0, 2, 3, 1, 4], [0, 2, 4, 1, 3], [0, 1], [1, 0]]
['Infinite family:', [0, 1, 3, 4, 2], [0, 1, 4, 3, 2], [0, 2, 3, 4, 1], [0, 2, 4, 3, 1], [0, 1], [1, 0]]
['Infinite family:', [0, 1, 2, 3, 4], [0, 1, 2, 4, 3], [2, 0, 1, 3, 4], [2, 0, 1, 4, 3], [0, 1], [1, 0]]
['Infinite family:', [0, 1, 3, 2, 4], [0, 1, 4, 2, 3], [2, 0, 3, 1, 4], [2, 0, 4, 1, 3], [0, 1], [1, 0]]
['Infinite family:', [0, 1, 3, 4, 2], [0, 1, 4, 3, 2], [2, 0, 3, 4, 1], [2, 0, 4, 3, 1], [0, 1], [1, 0]]
['Infinite family:', [0, 1, 2, 3, 4], [0, 1, 4, 3, 2], [0, 3, 2, 1, 4], [0, 3, 4, 1, 2], [0, 1], [1, 0]]
['Infinite family:', [0, 1, 2, 4, 3], [0, 1, 4, 2, 3], [0, 3, 2, 4, 1], [0, 3, 4, 2, 1], [0, 1], [1, 0]]
['Infinite family:', [0, 1, 3, 2, 4], [0, 1, 3, 4, 2], [0, 3, 1, 2, 4], [0, 3, 1, 4, 2], [0, 1], [1, 0]]
['Infinite family:', [0, 1, 2, 3, 4], [0, 1, 4, 3, 2], [3, 0, 2, 1, 4], [3, 0, 4, 1, 2], [0, 1], [1, 0]]
['Infinite family:', [0, 1, 2, 4, 3], [0, 1, 4, 2, 3], [3, 0, 2, 4, 1], [3, 0, 4, 2, 1], [0, 1], [1, 0]]
['Infinite family:', [0, 1, 3, 2, 4], [0, 1, 3, 4, 2], [3, 0, 1, 2, 4], [3, 0, 1, 4, 2], [0, 1], [1, 0]]
['Infinite family:', [0, 1, 2, 3, 4], [0, 1, 3, 2, 4], [0, 4, 2, 3, 1], [0, 4, 3, 2, 1], [0, 1], [1, 0]]
['Infinite family:', [0, 1, 2, 4, 3], [0, 1, 3, 4, 2], [0, 4, 2, 1, 3], [0, 4, 3, 1, 2], [0, 1], [1, 0]]
['Infinite family:', [0, 1, 4, 2, 3], [0, 1, 4, 3, 2], [0, 4, 1, 2, 3], [0, 4, 1, 3, 2], [0, 1], [1, 0]]
['Infinite family:', [0, 1, 2, 3, 4], [0, 1, 3, 2, 4], [4, 0, 2, 3, 1], [4, 0, 3, 2, 1], [0, 1], [1, 0]]
['Infinite family:', [0, 1, 2, 4, 3], [0, 1, 3, 4, 2], [4, 0, 2, 1, 3], [4, 0, 3, 1, 2], [0, 1], [1, 0]]
['Infinite family:', [0, 1, 4, 2, 3], [0, 1, 4, 3, 2], [4, 0, 1, 2, 3], [4, 0, 1, 3, 2], [0, 1], [1, 0]]
['Infinite family:', [0, 1, 2, 3, 4], [0, 1, 2, 4, 3], [1, 2, 0, 3, 4], [1, 2, 0, 4, 3], [0, 1], [1, 0]]
['Infinite family:', [0, 1, 3, 2, 4], [0, 1, 4, 2, 3], [1, 2, 3, 0, 4], [1, 2, 4, 0, 3], [0, 1], [1, 0]]
['Infinite family:', [0, 1, 3, 4, 2], [0, 1, 4, 3, 2], [1, 2, 3, 4, 0], [1, 2, 4, 3, 0], [0, 1], [1, 0]]
['Infinite family:', [0, 1, 2, 3, 4], [0, 1, 2, 4, 3], [2, 1, 0, 3, 4], [2, 1, 0, 4, 3], [0, 1], [1, 0]]
['Infinite family:', [0, 1, 3, 2, 4], [0, 1, 4, 2, 3], [2, 1, 3, 0, 4], [2, 1, 4, 0, 3], [0, 1], [1, 0]]
['Infinite family:', [0, 1, 3, 4, 2], [0, 1, 4, 3, 2], [2, 1, 3, 4, 0], [2, 1, 4, 3, 0], [0, 1], [1, 0]]
['Infinite family:', [0, 1, 2, 3, 4], [0, 1, 4, 3, 2], [1, 3, 2, 0, 4], [1, 3, 4, 0, 2], [0, 1], [1, 0]]
['Infinite family:', [0, 1, 2, 4, 3], [0, 1, 4, 2, 3], [1, 3, 2, 4, 0], [1, 3, 4, 2, 0], [0, 1], [1, 0]]
['Infinite family:', [0, 1, 3, 2, 4], [0, 1, 3, 4, 2], [1, 3, 0, 2, 4], [1, 3, 0, 4, 2], [0, 1], [1, 0]]
['Infinite family:', [0, 1, 2, 3, 4], [0, 1, 4, 3, 2], [3, 1, 2, 0, 4], [3, 1, 4, 0, 2], [0, 1], [1, 0]]
['Infinite family:', [0, 1, 2, 4, 3], [0, 1, 4, 2, 3], [3, 1, 2, 4, 0], [3, 1, 4, 2, 0], [0, 1], [1, 0]]
['Infinite family:', [0, 1, 3, 2, 4], [0, 1, 3, 4, 2], [3, 1, 0, 2, 4], [3, 1, 0, 4, 2], [0, 1], [1, 0]]
['Infinite family:', [0, 1, 2, 3, 4], [0, 1, 3, 2, 4], [1, 4, 2, 3, 0], [1, 4, 3, 2, 0], [0, 1], [1, 0]]
['Infinite family:', [0, 1, 2, 4, 3], [0, 1, 3, 4, 2], [1, 4, 2, 0, 3], [1, 4, 3, 0, 2], [0, 1], [1, 0]]
['Infinite family:', [0, 1, 4, 2, 3], [0, 1, 4, 3, 2], [1, 4, 0, 2, 3], [1, 4, 0, 3, 2], [0, 1], [1, 0]]
['Infinite family:', [0, 1, 2, 3, 4], [0, 1, 3, 2, 4], [4, 1, 2, 3, 0], [4, 1, 3, 2, 0], [0, 1], [1, 0]]
['Infinite family:', [0, 1, 2, 4, 3], [0, 1, 3, 4, 2], [4, 1, 2, 0, 3], [4, 1, 3, 0, 2], [0, 1], [1, 0]]
['Infinite family:', [0, 1, 4, 2, 3], [0, 1, 4, 3, 2], [4, 1, 0, 2, 3], [4, 1, 0, 3, 2], [0, 1], [1, 0]]
['Infinite family:', [0, 1, 2, 3, 4], [0, 2, 1, 3, 4], [3, 1, 2, 0, 4], [3, 2, 1, 0, 4], [0, 1], [1, 0]]
['Infinite family:', [0, 1, 2, 3, 4], [0, 2, 1, 3, 4], [3, 1, 2, 4, 0], [3, 2, 1, 4, 0], [0, 1], [1, 0]]
['Infinite family:', [0, 1, 2, 4, 3], [0, 2, 1, 4, 3], [3, 1, 2, 0, 4], [3, 2, 1, 0, 4], [0, 1], [1, 0]]
['Infinite family:', [0, 1, 2, 4, 3], [0, 2, 1, 4, 3], [3, 1, 2, 4, 0], [3, 2, 1, 4, 0], [0, 1], [1, 0]]
['Infinite family:', [0, 1, 2, 3, 4], [0, 2, 4, 3, 1], [3, 1, 2, 0, 4], [3, 2, 4, 0, 1], [0, 1], [1, 0]]
['Infinite family:', [0, 1, 2, 4, 3], [0, 2, 4, 1, 3], [3, 1, 2, 4, 0], [3, 2, 4, 1, 0], [0, 1], [1, 0]]
['Infinite family:', [0, 1, 3, 2, 4], [0, 2, 3, 1, 4], [3, 1, 0, 2, 4], [3, 2, 0, 1, 4], [0, 1], [1, 0]]
['Infinite family:', [0, 1, 3, 2, 4], [0, 2, 3, 4, 1], [3, 1, 0, 2, 4], [3, 2, 0, 4, 1], [0, 1], [1, 0]]
['Infinite family:', [0, 1, 3, 4, 2], [0, 2, 3, 1, 4], [3, 1, 0, 4, 2], [3, 2, 0, 1, 4], [0, 1], [1, 0]]
['Infinite family:', [0, 1, 3, 4, 2], [0, 2, 3, 4, 1], [3, 1, 0, 4, 2], [3, 2, 0, 4, 1], [0, 1], [1, 0]]
['Infinite family:', [0, 1, 3, 2, 4], [0, 2, 3, 1, 4], [3, 1, 4, 2, 0], [3, 2, 4, 1, 0], [0, 1], [1, 0]]
['Infinite family:', [0, 1, 3, 4, 2], [0, 2, 3, 4, 1], [3, 1, 4, 0, 2], [3, 2, 4, 0, 1], [0, 1], [1, 0]]
['Infinite family:', [0, 1, 4, 2, 3], [0, 2, 1, 4, 3], [3, 1, 4, 2, 0], [3, 2, 1, 4, 0], [0, 1], [1, 0]]
['Infinite family:', [0, 1, 4, 3, 2], [0, 2, 1, 3, 4], [3, 1, 4, 0, 2], [3, 2, 1, 0, 4], [0, 1], [1, 0]]
['Infinite family:', [0, 1, 4, 2, 3], [0, 2, 4, 1, 3], [3, 1, 0, 2, 4], [3, 2, 0, 1, 4], [0, 1], [1, 0]]
['Infinite family:', [0, 1, 4, 3, 2], [0, 2, 4, 3, 1], [3, 1, 0, 4, 2], [3, 2, 0, 4, 1], [0, 1], [1, 0]]
['Infinite family:', [0, 1, 4, 2, 3], [0, 2, 4, 1, 3], [3, 1, 4, 2, 0], [3, 2, 4, 1, 0], [0, 1], [1, 0]]
['Infinite family:', [0, 1, 4, 3, 2], [0, 2, 4, 3, 1], [3, 1, 4, 0, 2], [3, 2, 4, 0, 1], [0, 1], [1, 0]]
['Infinite family:', [0, 1, 2, 3, 4], [0, 2, 1, 3, 4], [4, 1, 2, 0, 3], [4, 2, 1, 0, 3], [0, 1], [1, 0]]
['Infinite family:', [0, 1, 2, 3, 4], [0, 2, 1, 3, 4], [4, 1, 2, 3, 0], [4, 2, 1, 3, 0], [0, 1], [1, 0]]
['Infinite family:', [0, 1, 2, 4, 3], [0, 2, 1, 4, 3], [4, 1, 2, 0, 3], [4, 2, 1, 0, 3], [0, 1], [1, 0]]
['Infinite family:', [0, 1, 2, 4, 3], [0, 2, 1, 4, 3], [4, 1, 2, 3, 0], [4, 2, 1, 3, 0], [0, 1], [1, 0]]
['Infinite family:', [0, 1, 2, 3, 4], [0, 2, 3, 1, 4], [4, 1, 2, 3, 0], [4, 2, 3, 1, 0], [0, 1], [1, 0]]
['Infinite family:', [0, 1, 2, 4, 3], [0, 2, 3, 4, 1], [4, 1, 2, 0, 3], [4, 2, 3, 0, 1], [0, 1], [1, 0]]
['Infinite family:', [0, 1, 3, 2, 4], [0, 2, 1, 3, 4], [4, 1, 3, 2, 0], [4, 2, 1, 3, 0], [0, 1], [1, 0]]
['Infinite family:', [0, 1, 3, 4, 2], [0, 2, 1, 4, 3], [4, 1, 3, 0, 2], [4, 2, 1, 0, 3], [0, 1], [1, 0]]
['Infinite family:', [0, 1, 3, 2, 4], [0, 2, 3, 1, 4], [4, 1, 0, 2, 3], [4, 2, 0, 1, 3], [0, 1], [1, 0]]
['Infinite family:', [0, 1, 3, 4, 2], [0, 2, 3, 4, 1], [4, 1, 0, 3, 2], [4, 2, 0, 3, 1], [0, 1], [1, 0]]
['Infinite family:', [0, 1, 3, 2, 4], [0, 2, 3, 1, 4], [4, 1, 3, 2, 0], [4, 2, 3, 1, 0], [0, 1], [1, 0]]
['Infinite family:', [0, 1, 3, 4, 2], [0, 2, 3, 4, 1], [4, 1, 3, 0, 2], [4, 2, 3, 0, 1], [0, 1], [1, 0]]
['Infinite family:', [0, 1, 4, 2, 3], [0, 2, 4, 1, 3], [4, 1, 0, 2, 3], [4, 2, 0, 1, 3], [0, 1], [1, 0]]
['Infinite family:', [0, 1, 4, 2, 3], [0, 2, 4, 3, 1], [4, 1, 0, 2, 3], [4, 2, 0, 3, 1], [0, 1], [1, 0]]
['Infinite family:', [0, 1, 4, 3, 2], [0, 2, 4, 1, 3], [4, 1, 0, 3, 2], [4, 2, 0, 1, 3], [0, 1], [1, 0]]
['Infinite family:', [0, 1, 4, 3, 2], [0, 2, 4, 3, 1], [4, 1, 0, 3, 2], [4, 2, 0, 3, 1], [0, 1], [1, 0]]
['Infinite family:', [0, 1, 4, 2, 3], [0, 2, 4, 1, 3], [4, 1, 3, 2, 0], [4, 2, 3, 1, 0], [0, 1], [1, 0]]
['Infinite family:', [0, 1, 4, 3, 2], [0, 2, 4, 3, 1], [4, 1, 3, 0, 2], [4, 2, 3, 0, 1], [0, 1], [1, 0]]
['Infinite family:', [0, 1, 2, 3, 4], [0, 3, 2, 1, 4], [2, 1, 0, 3, 4], [2, 3, 0, 1, 4], [0, 1], [1, 0]]
['Infinite family:', [0, 1, 2, 3, 4], [0, 3, 2, 4, 1], [2, 1, 0, 3, 4], [2, 3, 0, 4, 1], [0, 1], [1, 0]]
['Infinite family:', [0, 1, 2, 4, 3], [0, 3, 2, 1, 4], [2, 1, 0, 4, 3], [2, 3, 0, 1, 4], [0, 1], [1, 0]]
['Infinite family:', [0, 1, 2, 4, 3], [0, 3, 2, 4, 1], [2, 1, 0, 4, 3], [2, 3, 0, 4, 1], [0, 1], [1, 0]]
['Infinite family:', [0, 1, 2, 3, 4], [0, 3, 2, 1, 4], [2, 1, 4, 3, 0], [2, 3, 4, 1, 0], [0, 1], [1, 0]]
['Infinite family:', [0, 1, 2, 4, 3], [0, 3, 2, 4, 1], [2, 1, 4, 0, 3], [2, 3, 4, 0, 1], [0, 1], [1, 0]]
['Infinite family:', [0, 1, 3, 2, 4], [0, 3, 1, 2, 4], [2, 1, 3, 0, 4], [2, 3, 1, 0, 4], [0, 1], [1, 0]]
['Infinite family:', [0, 1, 3, 2, 4], [0, 3, 1, 2, 4], [2, 1, 3, 4, 0], [2, 3, 1, 4, 0], [0, 1], [1, 0]]
['Infinite family:', [0, 1, 3, 4, 2], [0, 3, 1, 4, 2], [2, 1, 3, 0, 4], [2, 3, 1, 0, 4], [0, 1], [1, 0]]
['Infinite family:', [0, 1, 3, 4, 2], [0, 3, 1, 4, 2], [2, 1, 3, 4, 0], [2, 3, 1, 4, 0], [0, 1], [1, 0]]
['Infinite family:', [0, 1, 3, 2, 4], [0, 3, 4, 2, 1], [2, 1, 3, 0, 4], [2, 3, 4, 0, 1], [0, 1], [1, 0]]
['Infinite family:', [0, 1, 3, 4, 2], [0, 3, 4, 1, 2], [2, 1, 3, 4, 0], [2, 3, 4, 1, 0], [0, 1], [1, 0]]
['Infinite family:', [0, 1, 4, 2, 3], [0, 3, 1, 2, 4], [2, 1, 4, 0, 3], [2, 3, 1, 0, 4], [0, 1], [1, 0]]
['Infinite family:', [0, 1, 4, 3, 2], [0, 3, 1, 4, 2], [2, 1, 4, 3, 0], [2, 3, 1, 4, 0], [0, 1], [1, 0]]
['Infinite family:', [0, 1, 4, 2, 3], [0, 3, 4, 2, 1], [2, 1, 0, 4, 3], [2, 3, 0, 4, 1], [0, 1], [1, 0]]
['Infinite family:', [0, 1, 4, 3, 2], [0, 3, 4, 1, 2], [2, 1, 0, 3, 4], [2, 3, 0, 1, 4], [0, 1], [1, 0]]
['Infinite family:', [0, 1, 4, 2, 3], [0, 3, 4, 2, 1], [2, 1, 4, 0, 3], [2, 3, 4, 0, 1], [0, 1], [1, 0]]
['Infinite family:', [0, 1, 4, 3, 2], [0, 3, 4, 1, 2], [2, 1, 4, 3, 0], [2, 3, 4, 1, 0], [0, 1], [1, 0]]
['Infinite family:', [0, 1, 2, 3, 4], [0, 3, 1, 2, 4], [4, 1, 2, 3, 0], [4, 3, 1, 2, 0], [0, 1], [1, 0]]
['Infinite family:', [0, 1, 2, 4, 3], [0, 3, 1, 4, 2], [4, 1, 2, 0, 3], [4, 3, 1, 0, 2], [0, 1], [1, 0]]
['Infinite family:', [0, 1, 2, 3, 4], [0, 3, 2, 1, 4], [4, 1, 0, 3, 2], [4, 3, 0, 1, 2], [0, 1], [1, 0]]
['Infinite family:', [0, 1, 2, 4, 3], [0, 3, 2, 4, 1], [4, 1, 0, 2, 3], [4, 3, 0, 2, 1], [0, 1], [1, 0]]
['Infinite family:', [0, 1, 2, 3, 4], [0, 3, 2, 1, 4], [4, 1, 2, 3, 0], [4, 3, 2, 1, 0], [0, 1], [1, 0]]
['Infinite family:', [0, 1, 2, 4, 3], [0, 3, 2, 4, 1], [4, 1, 2, 0, 3], [4, 3, 2, 0, 1], [0, 1], [1, 0]]
['Infinite family:', [0, 1, 3, 2, 4], [0, 3, 1, 2, 4], [4, 1, 3, 0, 2], [4, 3, 1, 0, 2], [0, 1], [1, 0]]
['Infinite family:', [0, 1, 3, 2, 4], [0, 3, 1, 2, 4], [4, 1, 3, 2, 0], [4, 3, 1, 2, 0], [0, 1], [1, 0]]
['Infinite family:', [0, 1, 3, 4, 2], [0, 3, 1, 4, 2], [4, 1, 3, 0, 2], [4, 3, 1, 0, 2], [0, 1], [1, 0]]
['Infinite family:', [0, 1, 3, 4, 2], [0, 3, 1, 4, 2], [4, 1, 3, 2, 0], [4, 3, 1, 2, 0], [0, 1], [1, 0]]
['Infinite family:', [0, 1, 3, 2, 4], [0, 3, 2, 1, 4], [4, 1, 3, 2, 0], [4, 3, 2, 1, 0], [0, 1], [1, 0]]
['Infinite family:', [0, 1, 3, 4, 2], [0, 3, 2, 4, 1], [4, 1, 3, 0, 2], [4, 3, 2, 0, 1], [0, 1], [1, 0]]
['Infinite family:', [0, 1, 4, 2, 3], [0, 3, 4, 1, 2], [4, 1, 0, 2, 3], [4, 3, 0, 1, 2], [0, 1], [1, 0]]
['Infinite family:', [0, 1, 4, 2, 3], [0, 3, 4, 2, 1], [4, 1, 0, 2, 3], [4, 3, 0, 2, 1], [0, 1], [1, 0]]
['Infinite family:', [0, 1, 4, 3, 2], [0, 3, 4, 1, 2], [4, 1, 0, 3, 2], [4, 3, 0, 1, 2], [0, 1], [1, 0]]
['Infinite family:', [0, 1, 4, 3, 2], [0, 3, 4, 2, 1], [4, 1, 0, 3, 2], [4, 3, 0, 2, 1], [0, 1], [1, 0]]
['Infinite family:', [0, 1, 4, 2, 3], [0, 3, 4, 2, 1], [4, 1, 2, 0, 3], [4, 3, 2, 0, 1], [0, 1], [1, 0]]
['Infinite family:', [0, 1, 4, 3, 2], [0, 3, 4, 1, 2], [4, 1, 2, 3, 0], [4, 3, 2, 1, 0], [0, 1], [1, 0]]
['Infinite family:', [0, 1, 2, 3, 4], [0, 4, 2, 1, 3], [2, 1, 0, 3, 4], [2, 4, 0, 1, 3], [0, 1], [1, 0]]
['Infinite family:', [0, 1, 2, 3, 4], [0, 4, 2, 3, 1], [2, 1, 0, 3, 4], [2, 4, 0, 3, 1], [0, 1], [1, 0]]
['Infinite family:', [0, 1, 2, 4, 3], [0, 4, 2, 1, 3], [2, 1, 0, 4, 3], [2, 4, 0, 1, 3], [0, 1], [1, 0]]
['Infinite family:', [0, 1, 2, 4, 3], [0, 4, 2, 3, 1], [2, 1, 0, 4, 3], [2, 4, 0, 3, 1], [0, 1], [1, 0]]
['Infinite family:', [0, 1, 2, 3, 4], [0, 4, 2, 3, 1], [2, 1, 3, 0, 4], [2, 4, 3, 0, 1], [0, 1], [1, 0]]
['Infinite family:', [0, 1, 2, 4, 3], [0, 4, 2, 1, 3], [2, 1, 3, 4, 0], [2, 4, 3, 1, 0], [0, 1], [1, 0]]
['Infinite family:', [0, 1, 3, 2, 4], [0, 4, 1, 2, 3], [2, 1, 3, 0, 4], [2, 4, 1, 0, 3], [0, 1], [1, 0]]
['Infinite family:', [0, 1, 3, 4, 2], [0, 4, 1, 3, 2], [2, 1, 3, 4, 0], [2, 4, 1, 3, 0], [0, 1], [1, 0]]
['Infinite family:', [0, 1, 3, 2, 4], [0, 4, 3, 2, 1], [2, 1, 0, 3, 4], [2, 4, 0, 3, 1], [0, 1], [1, 0]]
['Infinite family:', [0, 1, 3, 4, 2], [0, 4, 3, 1, 2], [2, 1, 0, 4, 3], [2, 4, 0, 1, 3], [0, 1], [1, 0]]
['Infinite family:', [0, 1, 3, 2, 4], [0, 4, 3, 2, 1], [2, 1, 3, 0, 4], [2, 4, 3, 0, 1], [0, 1], [1, 0]]
['Infinite family:', [0, 1, 3, 4, 2], [0, 4, 3, 1, 2], [2, 1, 3, 4, 0], [2, 4, 3, 1, 0], [0, 1], [1, 0]]
['Infinite family:', [0, 1, 4, 2, 3], [0, 4, 1, 2, 3], [2, 1, 4, 0, 3], [2, 4, 1, 0, 3], [0, 1], [1, 0]]
['Infinite family:', [0, 1, 4, 2, 3], [0, 4, 1, 2, 3], [2, 1, 4, 3, 0], [2, 4, 1, 3, 0], [0, 1], [1, 0]]
['Infinite family:', [0, 1, 4, 3, 2], [0, 4, 1, 3, 2], [2, 1, 4, 0, 3], [2, 4, 1, 0, 3], [0, 1], [1, 0]]
['Infinite family:', [0, 1, 4, 3, 2], [0, 4, 1, 3, 2], [2, 1, 4, 3, 0], [2, 4, 1, 3, 0], [0, 1], [1, 0]]
['Infinite family:', [0, 1, 4, 2, 3], [0, 4, 3, 2, 1], [2, 1, 4, 0, 3], [2, 4, 3, 0, 1], [0, 1], [1, 0]]
['Infinite family:', [0, 1, 4, 3, 2], [0, 4, 3, 1, 2], [2, 1, 4, 3, 0], [2, 4, 3, 1, 0], [0, 1], [1, 0]]
['Infinite family:', [0, 1, 2, 3, 4], [0, 4, 1, 3, 2], [3, 1, 2, 0, 4], [3, 4, 1, 0, 2], [0, 1], [1, 0]]
['Infinite family:', [0, 1, 2, 4, 3], [0, 4, 1, 2, 3], [3, 1, 2, 4, 0], [3, 4, 1, 2, 0], [0, 1], [1, 0]]
['Infinite family:', [0, 1, 2, 3, 4], [0, 4, 2, 3, 1], [3, 1, 0, 2, 4], [3, 4, 0, 2, 1], [0, 1], [1, 0]]
['Infinite family:', [0, 1, 2, 4, 3], [0, 4, 2, 1, 3], [3, 1, 0, 4, 2], [3, 4, 0, 1, 2], [0, 1], [1, 0]]
['Infinite family:', [0, 1, 2, 3, 4], [0, 4, 2, 3, 1], [3, 1, 2, 0, 4], [3, 4, 2, 0, 1], [0, 1], [1, 0]]
['Infinite family:', [0, 1, 2, 4, 3], [0, 4, 2, 1, 3], [3, 1, 2, 4, 0], [3, 4, 2, 1, 0], [0, 1], [1, 0]]
['Infinite family:', [0, 1, 3, 2, 4], [0, 4, 3, 1, 2], [3, 1, 0, 2, 4], [3, 4, 0, 1, 2], [0, 1], [1, 0]]
['Infinite family:', [0, 1, 3, 2, 4], [0, 4, 3, 2, 1], [3, 1, 0, 2, 4], [3, 4, 0, 2, 1], [0, 1], [1, 0]]
['Infinite family:', [0, 1, 3, 4, 2], [0, 4, 3, 1, 2], [3, 1, 0, 4, 2], [3, 4, 0, 1, 2], [0, 1], [1, 0]]
['Infinite family:', [0, 1, 3, 4, 2], [0, 4, 3, 2, 1], [3, 1, 0, 4, 2], [3, 4, 0, 2, 1], [0, 1], [1, 0]]
['Infinite family:', [0, 1, 3, 2, 4], [0, 4, 3, 2, 1], [3, 1, 2, 0, 4], [3, 4, 2, 0, 1], [0, 1], [1, 0]]
['Infinite family:', [0, 1, 3, 4, 2], [0, 4, 3, 1, 2], [3, 1, 2, 4, 0], [3, 4, 2, 1, 0], [0, 1], [1, 0]]
['Infinite family:', [0, 1, 4, 2, 3], [0, 4, 1, 2, 3], [3, 1, 4, 0, 2], [3, 4, 1, 0, 2], [0, 1], [1, 0]]
['Infinite family:', [0, 1, 4, 2, 3], [0, 4, 1, 2, 3], [3, 1, 4, 2, 0], [3, 4, 1, 2, 0], [0, 1], [1, 0]]
['Infinite family:', [0, 1, 4, 3, 2], [0, 4, 1, 3, 2], [3, 1, 4, 0, 2], [3, 4, 1, 0, 2], [0, 1], [1, 0]]
['Infinite family:', [0, 1, 4, 3, 2], [0, 4, 1, 3, 2], [3, 1, 4, 2, 0], [3, 4, 1, 2, 0], [0, 1], [1, 0]]
['Infinite family:', [0, 1, 4, 2, 3], [0, 4, 2, 1, 3], [3, 1, 4, 2, 0], [3, 4, 2, 1, 0], [0, 1], [1, 0]]
['Infinite family:', [0, 1, 4, 3, 2], [0, 4, 2, 3, 1], [3, 1, 4, 0, 2], [3, 4, 2, 0, 1], [0, 1], [1, 0]]
['Infinite family:', [1, 0, 2, 3, 4], [1, 0, 2, 4, 3], [2, 0, 1, 3, 4], [2, 0, 1, 4, 3], [0, 1], [1, 0]]
['Infinite family:', [1, 0, 3, 2, 4], [1, 0, 4, 2, 3], [2, 0, 3, 1, 4], [2, 0, 4, 1, 3], [0, 1], [1, 0]]
['Infinite family:', [1, 0, 3, 4, 2], [1, 0, 4, 3, 2], [2, 0, 3, 4, 1], [2, 0, 4, 3, 1], [0, 1], [1, 0]]
['Infinite family:', [1, 0, 2, 3, 4], [1, 0, 4, 3, 2], [3, 0, 2, 1, 4], [3, 0, 4, 1, 2], [0, 1], [1, 0]]
['Infinite family:', [1, 0, 2, 4, 3], [1, 0, 4, 2, 3], [3, 0, 2, 4, 1], [3, 0, 4, 2, 1], [0, 1], [1, 0]]
['Infinite family:', [1, 0, 3, 2, 4], [1, 0, 3, 4, 2], [3, 0, 1, 2, 4], [3, 0, 1, 4, 2], [0, 1], [1, 0]]
['Infinite family:', [1, 0, 2, 3, 4], [1, 0, 3, 2, 4], [4, 0, 2, 3, 1], [4, 0, 3, 2, 1], [0, 1], [1, 0]]
['Infinite family:', [1, 0, 2, 4, 3], [1, 0, 3, 4, 2], [4, 0, 2, 1, 3], [4, 0, 3, 1, 2], [0, 1], [1, 0]]
['Infinite family:', [1, 0, 4, 2, 3], [1, 0, 4, 3, 2], [4, 0, 1, 2, 3], [4, 0, 1, 3, 2], [0, 1], [1, 0]]
['Infinite family:', [1, 0, 2, 3, 4], [1, 0, 2, 4, 3], [1, 2, 0, 3, 4], [1, 2, 0, 4, 3], [0, 1], [1, 0]]
['Infinite family:', [1, 0, 3, 2, 4], [1, 0, 4, 2, 3], [1, 2, 3, 0, 4], [1, 2, 4, 0, 3], [0, 1], [1, 0]]
['Infinite family:', [1, 0, 3, 4, 2], [1, 0, 4, 3, 2], [1, 2, 3, 4, 0], [1, 2, 4, 3, 0], [0, 1], [1, 0]]
['Infinite family:', [1, 0, 2, 3, 4], [1, 0, 2, 4, 3], [2, 1, 0, 3, 4], [2, 1, 0, 4, 3], [0, 1], [1, 0]]
['Infinite family:', [1, 0, 3, 2, 4], [1, 0, 4, 2, 3], [2, 1, 3, 0, 4], [2, 1, 4, 0, 3], [0, 1], [1, 0]]
['Infinite family:', [1, 0, 3, 4, 2], [1, 0, 4, 3, 2], [2, 1, 3, 4, 0], [2, 1, 4, 3, 0], [0, 1], [1, 0]]
['Infinite family:', [1, 0, 2, 3, 4], [1, 0, 4, 3, 2], [1, 3, 2, 0, 4], [1, 3, 4, 0, 2], [0, 1], [1, 0]]
['Infinite family:', [1, 0, 2, 4, 3], [1, 0, 4, 2, 3], [1, 3, 2, 4, 0], [1, 3, 4, 2, 0], [0, 1], [1, 0]]
['Infinite family:', [1, 0, 3, 2, 4], [1, 0, 3, 4, 2], [1, 3, 0, 2, 4], [1, 3, 0, 4, 2], [0, 1], [1, 0]]
['Infinite family:', [1, 0, 2, 3, 4], [1, 0, 4, 3, 2], [3, 1, 2, 0, 4], [3, 1, 4, 0, 2], [0, 1], [1, 0]]
['Infinite family:', [1, 0, 2, 4, 3], [1, 0, 4, 2, 3], [3, 1, 2, 4, 0], [3, 1, 4, 2, 0], [0, 1], [1, 0]]
['Infinite family:', [1, 0, 3, 2, 4], [1, 0, 3, 4, 2], [3, 1, 0, 2, 4], [3, 1, 0, 4, 2], [0, 1], [1, 0]]
['Infinite family:', [1, 0, 2, 3, 4], [1, 0, 3, 2, 4], [1, 4, 2, 3, 0], [1, 4, 3, 2, 0], [0, 1], [1, 0]]
['Infinite family:', [1, 0, 2, 4, 3], [1, 0, 3, 4, 2], [1, 4, 2, 0, 3], [1, 4, 3, 0, 2], [0, 1], [1, 0]]
['Infinite family:', [1, 0, 4, 2, 3], [1, 0, 4, 3, 2], [1, 4, 0, 2, 3], [1, 4, 0, 3, 2], [0, 1], [1, 0]]
['Infinite family:', [1, 0, 2, 3, 4], [1, 0, 3, 2, 4], [4, 1, 2, 3, 0], [4, 1, 3, 2, 0], [0, 1], [1, 0]]
['Infinite family:', [1, 0, 2, 4, 3], [1, 0, 3, 4, 2], [4, 1, 2, 0, 3], [4, 1, 3, 0, 2], [0, 1], [1, 0]]
['Infinite family:', [1, 0, 4, 2, 3], [1, 0, 4, 3, 2], [4, 1, 0, 2, 3], [4, 1, 0, 3, 2], [0, 1], [1, 0]]
['Infinite family:', [1, 0, 2, 3, 4], [1, 2, 0, 3, 4], [3, 0, 2, 1, 4], [3, 2, 0, 1, 4], [0, 1], [1, 0]]
['Infinite family:', [1, 0, 2, 3, 4], [1, 2, 0, 3, 4], [3, 0, 2, 4, 1], [3, 2, 0, 4, 1], [0, 1], [1, 0]]
['Infinite family:', [1, 0, 2, 4, 3], [1, 2, 0, 4, 3], [3, 0, 2, 1, 4], [3, 2, 0, 1, 4], [0, 1], [1, 0]]
['Infinite family:', [1, 0, 2, 4, 3], [1, 2, 0, 4, 3], [3, 0, 2, 4, 1], [3, 2, 0, 4, 1], [0, 1], [1, 0]]
['Infinite family:', [1, 0, 2, 3, 4], [1, 2, 4, 3, 0], [3, 0, 2, 1, 4], [3, 2, 4, 1, 0], [0, 1], [1, 0]]
['Infinite family:', [1, 0, 2, 4, 3], [1, 2, 4, 0, 3], [3, 0, 2, 4, 1], [3, 2, 4, 0, 1], [0, 1], [1, 0]]
['Infinite family:', [1, 0, 3, 2, 4], [1, 2, 3, 0, 4], [3, 0, 1, 2, 4], [3, 2, 1, 0, 4], [0, 1], [1, 0]]
['Infinite family:', [1, 0, 3, 2, 4], [1, 2, 3, 4, 0], [3, 0, 1, 2, 4], [3, 2, 1, 4, 0], [0, 1], [1, 0]]
['Infinite family:', [1, 0, 3, 4, 2], [1, 2, 3, 0, 4], [3, 0, 1, 4, 2], [3, 2, 1, 0, 4], [0, 1], [1, 0]]
['Infinite family:', [1, 0, 3, 4, 2], [1, 2, 3, 4, 0], [3, 0, 1, 4, 2], [3, 2, 1, 4, 0], [0, 1], [1, 0]]
['Infinite family:', [1, 0, 3, 2, 4], [1, 2, 3, 0, 4], [3, 0, 4, 2, 1], [3, 2, 4, 0, 1], [0, 1], [1, 0]]
['Infinite family:', [1, 0, 3, 4, 2], [1, 2, 3, 4, 0], [3, 0, 4, 1, 2], [3, 2, 4, 1, 0], [0, 1], [1, 0]]
['Infinite family:', [1, 0, 4, 2, 3], [1, 2, 0, 4, 3], [3, 0, 4, 2, 1], [3, 2, 0, 4, 1], [0, 1], [1, 0]]
['Infinite family:', [1, 0, 4, 3, 2], [1, 2, 0, 3, 4], [3, 0, 4, 1, 2], [3, 2, 0, 1, 4], [0, 1], [1, 0]]
['Infinite family:', [1, 0, 4, 2, 3], [1, 2, 4, 0, 3], [3, 0, 1, 2, 4], [3, 2, 1, 0, 4], [0, 1], [1, 0]]
['Infinite family:', [1, 0, 4, 3, 2], [1, 2, 4, 3, 0], [3, 0, 1, 4, 2], [3, 2, 1, 4, 0], [0, 1], [1, 0]]
['Infinite family:', [1, 0, 4, 2, 3], [1, 2, 4, 0, 3], [3, 0, 4, 2, 1], [3, 2, 4, 0, 1], [0, 1], [1, 0]]
['Infinite family:', [1, 0, 4, 3, 2], [1, 2, 4, 3, 0], [3, 0, 4, 1, 2], [3, 2, 4, 1, 0], [0, 1], [1, 0]]
['Infinite family:', [1, 0, 2, 3, 4], [1, 2, 0, 3, 4], [4, 0, 2, 1, 3], [4, 2, 0, 1, 3], [0, 1], [1, 0]]
['Infinite family:', [1, 0, 2, 3, 4], [1, 2, 0, 3, 4], [4, 0, 2, 3, 1], [4, 2, 0, 3, 1], [0, 1], [1, 0]]
['Infinite family:', [1, 0, 2, 4, 3], [1, 2, 0, 4, 3], [4, 0, 2, 1, 3], [4, 2, 0, 1, 3], [0, 1], [1, 0]]
['Infinite family:', [1, 0, 2, 4, 3], [1, 2, 0, 4, 3], [4, 0, 2, 3, 1], [4, 2, 0, 3, 1], [0, 1], [1, 0]]
['Infinite family:', [1, 0, 2, 3, 4], [1, 2, 3, 0, 4], [4, 0, 2, 3, 1], [4, 2, 3, 0, 1], [0, 1], [1, 0]]
['Infinite family:', [1, 0, 2, 4, 3], [1, 2, 3, 4, 0], [4, 0, 2, 1, 3], [4, 2, 3, 1, 0], [0, 1], [1, 0]]
['Infinite family:', [1, 0, 3, 2, 4], [1, 2, 0, 3, 4], [4, 0, 3, 2, 1], [4, 2, 0, 3, 1], [0, 1], [1, 0]]
['Infinite family:', [1, 0, 3, 4, 2], [1, 2, 0, 4, 3], [4, 0, 3, 1, 2], [4, 2, 0, 1, 3], [0, 1], [1, 0]]
['Infinite family:', [1, 0, 3, 2, 4], [1, 2, 3, 0, 4], [4, 0, 1, 2, 3], [4, 2, 1, 0, 3], [0, 1], [1, 0]]
['Infinite family:', [1, 0, 3, 4, 2], [1, 2, 3, 4, 0], [4, 0, 1, 3, 2], [4, 2, 1, 3, 0], [0, 1], [1, 0]]
['Infinite family:', [1, 0, 3, 2, 4], [1, 2, 3, 0, 4], [4, 0, 3, 2, 1], [4, 2, 3, 0, 1], [0, 1], [1, 0]]
['Infinite family:', [1, 0, 3, 4, 2], [1, 2, 3, 4, 0], [4, 0, 3, 1, 2], [4, 2, 3, 1, 0], [0, 1], [1, 0]]
['Infinite family:', [1, 0, 4, 2, 3], [1, 2, 4, 0, 3], [4, 0, 1, 2, 3], [4, 2, 1, 0, 3], [0, 1], [1, 0]]
['Infinite family:', [1, 0, 4, 2, 3], [1, 2, 4, 3, 0], [4, 0, 1, 2, 3], [4, 2, 1, 3, 0], [0, 1], [1, 0]]
['Infinite family:', [1, 0, 4, 3, 2], [1, 2, 4, 0, 3], [4, 0, 1, 3, 2], [4, 2, 1, 0, 3], [0, 1], [1, 0]]
['Infinite family:', [1, 0, 4, 3, 2], [1, 2, 4, 3, 0], [4, 0, 1, 3, 2], [4, 2, 1, 3, 0], [0, 1], [1, 0]]
['Infinite family:', [1, 0, 4, 2, 3], [1, 2, 4, 0, 3], [4, 0, 3, 2, 1], [4, 2, 3, 0, 1], [0, 1], [1, 0]]
['Infinite family:', [1, 0, 4, 3, 2], [1, 2, 4, 3, 0], [4, 0, 3, 1, 2], [4, 2, 3, 1, 0], [0, 1], [1, 0]]
['Infinite family:', [1, 0, 2, 3, 4], [1, 3, 2, 0, 4], [2, 0, 1, 3, 4], [2, 3, 1, 0, 4], [0, 1], [1, 0]]
['Infinite family:', [1, 0, 2, 3, 4], [1, 3, 2, 4, 0], [2, 0, 1, 3, 4], [2, 3, 1, 4, 0], [0, 1], [1, 0]]
['Infinite family:', [1, 0, 2, 4, 3], [1, 3, 2, 0, 4], [2, 0, 1, 4, 3], [2, 3, 1, 0, 4], [0, 1], [1, 0]]
['Infinite family:', [1, 0, 2, 4, 3], [1, 3, 2, 4, 0], [2, 0, 1, 4, 3], [2, 3, 1, 4, 0], [0, 1], [1, 0]]
['Infinite family:', [1, 0, 2, 3, 4], [1, 3, 2, 0, 4], [2, 0, 4, 3, 1], [2, 3, 4, 0, 1], [0, 1], [1, 0]]
['Infinite family:', [1, 0, 2, 4, 3], [1, 3, 2, 4, 0], [2, 0, 4, 1, 3], [2, 3, 4, 1, 0], [0, 1], [1, 0]]
['Infinite family:', [1, 0, 3, 2, 4], [1, 3, 0, 2, 4], [2, 0, 3, 1, 4], [2, 3, 0, 1, 4], [0, 1], [1, 0]]
['Infinite family:', [1, 0, 3, 2, 4], [1, 3, 0, 2, 4], [2, 0, 3, 4, 1], [2, 3, 0, 4, 1], [0, 1], [1, 0]]
['Infinite family:', [1, 0, 3, 4, 2], [1, 3, 0, 4, 2], [2, 0, 3, 1, 4], [2, 3, 0, 1, 4], [0, 1], [1, 0]]
['Infinite family:', [1, 0, 3, 4, 2], [1, 3, 0, 4, 2], [2, 0, 3, 4, 1], [2, 3, 0, 4, 1], [0, 1], [1, 0]]
['Infinite family:', [1, 0, 3, 2, 4], [1, 3, 4, 2, 0], [2, 0, 3, 1, 4], [2, 3, 4, 1, 0], [0, 1], [1, 0]]
['Infinite family:', [1, 0, 3, 4, 2], [1, 3, 4, 0, 2], [2, 0, 3, 4, 1], [2, 3, 4, 0, 1], [0, 1], [1, 0]]
['Infinite family:', [1, 0, 4, 2, 3], [1, 3, 0, 2, 4], [2, 0, 4, 1, 3], [2, 3, 0, 1, 4], [0, 1], [1, 0]]
['Infinite family:', [1, 0, 4, 3, 2], [1, 3, 0, 4, 2], [2, 0, 4, 3, 1], [2, 3, 0, 4, 1], [0, 1], [1, 0]]
['Infinite family:', [1, 0, 4, 2, 3], [1, 3, 4, 2, 0], [2, 0, 1, 4, 3], [2, 3, 1, 4, 0], [0, 1], [1, 0]]
['Infinite family:', [1, 0, 4, 3, 2], [1, 3, 4, 0, 2], [2, 0, 1, 3, 4], [2, 3, 1, 0, 4], [0, 1], [1, 0]]
['Infinite family:', [1, 0, 4, 2, 3], [1, 3, 4, 2, 0], [2, 0, 4, 1, 3], [2, 3, 4, 1, 0], [0, 1], [1, 0]]
['Infinite family:', [1, 0, 4, 3, 2], [1, 3, 4, 0, 2], [2, 0, 4, 3, 1], [2, 3, 4, 0, 1], [0, 1], [1, 0]]
['Infinite family:', [1, 0, 2, 3, 4], [1, 3, 0, 2, 4], [4, 0, 2, 3, 1], [4, 3, 0, 2, 1], [0, 1], [1, 0]]
['Infinite family:', [1, 0, 2, 4, 3], [1, 3, 0, 4, 2], [4, 0, 2, 1, 3], [4, 3, 0, 1, 2], [0, 1], [1, 0]]
['Infinite family:', [1, 0, 2, 3, 4], [1, 3, 2, 0, 4], [4, 0, 1, 3, 2], [4, 3, 1, 0, 2], [0, 1], [1, 0]]
['Infinite family:', [1, 0, 2, 4, 3], [1, 3, 2, 4, 0], [4, 0, 1, 2, 3], [4, 3, 1, 2, 0], [0, 1], [1, 0]]
['Infinite family:', [1, 0, 2, 3, 4], [1, 3, 2, 0, 4], [4, 0, 2, 3, 1], [4, 3, 2, 0, 1], [0, 1], [1, 0]]
['Infinite family:', [1, 0, 2, 4, 3], [1, 3, 2, 4, 0], [4, 0, 2, 1, 3], [4, 3, 2, 1, 0], [0, 1], [1, 0]]
['Infinite family:', [1, 0, 3, 2, 4], [1, 3, 0, 2, 4], [4, 0, 3, 1, 2], [4, 3, 0, 1, 2], [0, 1], [1, 0]]
['Infinite family:', [1, 0, 3, 2, 4], [1, 3, 0, 2, 4], [4, 0, 3, 2, 1], [4, 3, 0, 2, 1], [0, 1], [1, 0]]
['Infinite family:', [1, 0, 3, 4, 2], [1, 3, 0, 4, 2], [4, 0, 3, 1, 2], [4, 3, 0, 1, 2], [0, 1], [1, 0]]
['Infinite family:', [1, 0, 3, 4, 2], [1, 3, 0, 4, 2], [4, 0, 3, 2, 1], [4, 3, 0, 2, 1], [0, 1], [1, 0]]
['Infinite family:', [1, 0, 3, 2, 4], [1, 3, 2, 0, 4], [4, 0, 3, 2, 1], [4, 3, 2, 0, 1], [0, 1], [1, 0]]
['Infinite family:', [1, 0, 3, 4, 2], [1, 3, 2, 4, 0], [4, 0, 3, 1, 2], [4, 3, 2, 1, 0], [0, 1], [1, 0]]
['Infinite family:', [1, 0, 4, 2, 3], [1, 3, 4, 0, 2], [4, 0, 1, 2, 3], [4, 3, 1, 0, 2], [0, 1], [1, 0]]
['Infinite family:', [1, 0, 4, 2, 3], [1, 3, 4, 2, 0], [4, 0, 1, 2, 3], [4, 3, 1, 2, 0], [0, 1], [1, 0]]
['Infinite family:', [1, 0, 4, 3, 2], [1, 3, 4, 0, 2], [4, 0, 1, 3, 2], [4, 3, 1, 0, 2], [0, 1], [1, 0]]
['Infinite family:', [1, 0, 4, 3, 2], [1, 3, 4, 2, 0], [4, 0, 1, 3, 2], [4, 3, 1, 2, 0], [0, 1], [1, 0]]
['Infinite family:', [1, 0, 4, 2, 3], [1, 3, 4, 2, 0], [4, 0, 2, 1, 3], [4, 3, 2, 1, 0], [0, 1], [1, 0]]
['Infinite family:', [1, 0, 4, 3, 2], [1, 3, 4, 0, 2], [4, 0, 2, 3, 1], [4, 3, 2, 0, 1], [0, 1], [1, 0]]
['Infinite family:', [1, 0, 2, 3, 4], [1, 4, 2, 0, 3], [2, 0, 1, 3, 4], [2, 4, 1, 0, 3], [0, 1], [1, 0]]
['Infinite family:', [1, 0, 2, 3, 4], [1, 4, 2, 3, 0], [2, 0, 1, 3, 4], [2, 4, 1, 3, 0], [0, 1], [1, 0]]
['Infinite family:', [1, 0, 2, 4, 3], [1, 4, 2, 0, 3], [2, 0, 1, 4, 3], [2, 4, 1, 0, 3], [0, 1], [1, 0]]
['Infinite family:', [1, 0, 2, 4, 3], [1, 4, 2, 3, 0], [2, 0, 1, 4, 3], [2, 4, 1, 3, 0], [0, 1], [1, 0]]
['Infinite family:', [1, 0, 2, 3, 4], [1, 4, 2, 3, 0], [2, 0, 3, 1, 4], [2, 4, 3, 1, 0], [0, 1], [1, 0]]
['Infinite family:', [1, 0, 2, 4, 3], [1, 4, 2, 0, 3], [2, 0, 3, 4, 1], [2, 4, 3, 0, 1], [0, 1], [1, 0]]
['Infinite family:', [1, 0, 3, 2, 4], [1, 4, 0, 2, 3], [2, 0, 3, 1, 4], [2, 4, 0, 1, 3], [0, 1], [1, 0]]
['Infinite family:', [1, 0, 3, 4, 2], [1, 4, 0, 3, 2], [2, 0, 3, 4, 1], [2, 4, 0, 3, 1], [0, 1], [1, 0]]
['Infinite family:', [1, 0, 3, 2, 4], [1, 4, 3, 2, 0], [2, 0, 1, 3, 4], [2, 4, 1, 3, 0], [0, 1], [1, 0]]
['Infinite family:', [1, 0, 3, 4, 2], [1, 4, 3, 0, 2], [2, 0, 1, 4, 3], [2, 4, 1, 0, 3], [0, 1], [1, 0]]
['Infinite family:', [1, 0, 3, 2, 4], [1, 4, 3, 2, 0], [2, 0, 3, 1, 4], [2, 4, 3, 1, 0], [0, 1], [1, 0]]
['Infinite family:', [1, 0, 3, 4, 2], [1, 4, 3, 0, 2], [2, 0, 3, 4, 1], [2, 4, 3, 0, 1], [0, 1], [1, 0]]
['Infinite family:', [1, 0, 4, 2, 3], [1, 4, 0, 2, 3], [2, 0, 4, 1, 3], [2, 4, 0, 1, 3], [0, 1], [1, 0]]
['Infinite family:', [1, 0, 4, 2, 3], [1, 4, 0, 2, 3], [2, 0, 4, 3, 1], [2, 4, 0, 3, 1], [0, 1], [1, 0]]
['Infinite family:', [1, 0, 4, 3, 2], [1, 4, 0, 3, 2], [2, 0, 4, 1, 3], [2, 4, 0, 1, 3], [0, 1], [1, 0]]
['Infinite family:', [1, 0, 4, 3, 2], [1, 4, 0, 3, 2], [2, 0, 4, 3, 1], [2, 4, 0, 3, 1], [0, 1], [1, 0]]
['Infinite family:', [1, 0, 4, 2, 3], [1, 4, 3, 2, 0], [2, 0, 4, 1, 3], [2, 4, 3, 1, 0], [0, 1], [1, 0]]
['Infinite family:', [1, 0, 4, 3, 2], [1, 4, 3, 0, 2], [2, 0, 4, 3, 1], [2, 4, 3, 0, 1], [0, 1], [1, 0]]
['Infinite family:', [1, 0, 2, 3, 4], [1, 4, 0, 3, 2], [3, 0, 2, 1, 4], [3, 4, 0, 1, 2], [0, 1], [1, 0]]
['Infinite family:', [1, 0, 2, 4, 3], [1, 4, 0, 2, 3], [3, 0, 2, 4, 1], [3, 4, 0, 2, 1], [0, 1], [1, 0]]
['Infinite family:', [1, 0, 2, 3, 4], [1, 4, 2, 3, 0], [3, 0, 1, 2, 4], [3, 4, 1, 2, 0], [0, 1], [1, 0]]
['Infinite family:', [1, 0, 2, 4, 3], [1, 4, 2, 0, 3], [3, 0, 1, 4, 2], [3, 4, 1, 0, 2], [0, 1], [1, 0]]
['Infinite family:', [1, 0, 2, 3, 4], [1, 4, 2, 3, 0], [3, 0, 2, 1, 4], [3, 4, 2, 1, 0], [0, 1], [1, 0]]
['Infinite family:', [1, 0, 2, 4, 3], [1, 4, 2, 0, 3], [3, 0, 2, 4, 1], [3, 4, 2, 0, 1], [0, 1], [1, 0]]
['Infinite family:', [1, 0, 3, 2, 4], [1, 4, 3, 0, 2], [3, 0, 1, 2, 4], [3, 4, 1, 0, 2], [0, 1], [1, 0]]
['Infinite family:', [1, 0, 3, 2, 4], [1, 4, 3, 2, 0], [3, 0, 1, 2, 4], [3, 4, 1, 2, 0], [0, 1], [1, 0]]
['Infinite family:', [1, 0, 3, 4, 2], [1, 4, 3, 0, 2], [3, 0, 1, 4, 2], [3, 4, 1, 0, 2], [0, 1], [1, 0]]
['Infinite family:', [1, 0, 3, 4, 2], [1, 4, 3, 2, 0], [3, 0, 1, 4, 2], [3, 4, 1, 2, 0], [0, 1], [1, 0]]
['Infinite family:', [1, 0, 3, 2, 4], [1, 4, 3, 2, 0], [3, 0, 2, 1, 4], [3, 4, 2, 1, 0], [0, 1], [1, 0]]
['Infinite family:', [1, 0, 3, 4, 2], [1, 4, 3, 0, 2], [3, 0, 2, 4, 1], [3, 4, 2, 0, 1], [0, 1], [1, 0]]
['Infinite family:', [1, 0, 4, 2, 3], [1, 4, 0, 2, 3], [3, 0, 4, 1, 2], [3, 4, 0, 1, 2], [0, 1], [1, 0]]
['Infinite family:', [1, 0, 4, 2, 3], [1, 4, 0, 2, 3], [3, 0, 4, 2, 1], [3, 4, 0, 2, 1], [0, 1], [1, 0]]
['Infinite family:', [1, 0, 4, 3, 2], [1, 4, 0, 3, 2], [3, 0, 4, 1, 2], [3, 4, 0, 1, 2], [0, 1], [1, 0]]
['Infinite family:', [1, 0, 4, 3, 2], [1, 4, 0, 3, 2], [3, 0, 4, 2, 1], [3, 4, 0, 2, 1], [0, 1], [1, 0]]
['Infinite family:', [1, 0, 4, 2, 3], [1, 4, 2, 0, 3], [3, 0, 4, 2, 1], [3, 4, 2, 0, 1], [0, 1], [1, 0]]
['Infinite family:', [1, 0, 4, 3, 2], [1, 4, 2, 3, 0], [3, 0, 4, 1, 2], [3, 4, 2, 1, 0], [0, 1], [1, 0]]
['Infinite family:', [0, 2, 1, 3, 4], [0, 2, 1, 4, 3], [1, 0, 2, 3, 4], [1, 0, 2, 4, 3], [0, 1], [1, 0]]
['Infinite family:', [0, 2, 3, 1, 4], [0, 2, 4, 1, 3], [1, 0, 3, 2, 4], [1, 0, 4, 2, 3], [0, 1], [1, 0]]
['Infinite family:', [0, 2, 3, 4, 1], [0, 2, 4, 3, 1], [1, 0, 3, 4, 2], [1, 0, 4, 3, 2], [0, 1], [1, 0]]
['Infinite family:', [0, 2, 1, 3, 4], [0, 2, 1, 4, 3], [2, 0, 1, 3, 4], [2, 0, 1, 4, 3], [0, 1], [1, 0]]
['Infinite family:', [0, 2, 1, 3, 4], [0, 2, 3, 1, 4], [2, 0, 1, 3, 4], [2, 0, 3, 1, 4], [0, 1], [1, 0]]
['Infinite family:', [0, 2, 1, 3, 4], [0, 2, 3, 4, 1], [2, 0, 1, 3, 4], [2, 0, 3, 4, 1], [0, 1], [1, 0]]
['Infinite family:', [0, 2, 1, 4, 3], [0, 2, 3, 1, 4], [2, 0, 1, 4, 3], [2, 0, 3, 1, 4], [0, 1], [1, 0]]
['Infinite family:', [0, 2, 1, 4, 3], [0, 2, 3, 4, 1], [2, 0, 1, 4, 3], [2, 0, 3, 4, 1], [0, 1], [1, 0]]
['Infinite family:', [0, 2, 1, 3, 4], [0, 2, 4, 1, 3], [2, 0, 1, 3, 4], [2, 0, 4, 1, 3], [0, 1], [1, 0]]
['Infinite family:', [0, 2, 1, 3, 4], [0, 2, 4, 3, 1], [2, 0, 1, 3, 4], [2, 0, 4, 3, 1], [0, 1], [1, 0]]
['Infinite family:', [0, 2, 1, 4, 3], [0, 2, 4, 1, 3], [2, 0, 1, 4, 3], [2, 0, 4, 1, 3], [0, 1], [1, 0]]
['Infinite family:', [0, 2, 1, 4, 3], [0, 2, 4, 3, 1], [2, 0, 1, 4, 3], [2, 0, 4, 3, 1], [0, 1], [1, 0]]
['Infinite family:', [0, 2, 3, 1, 4], [0, 2, 3, 4, 1], [2, 0, 3, 1, 4], [2, 0, 3, 4, 1], [0, 1], [1, 0]]
['Infinite family:', [0, 2, 3, 1, 4], [0, 2, 4, 1, 3], [2, 0, 3, 1, 4], [2, 0, 4, 1, 3], [0, 1], [1, 0]]
['Infinite family:', [0, 2, 3, 1, 4], [0, 2, 4, 3, 1], [2, 0, 3, 1, 4], [2, 0, 4, 3, 1], [0, 1], [1, 0]]
['Infinite family:', [0, 2, 3, 4, 1], [0, 2, 4, 1, 3], [2, 0, 3, 4, 1], [2, 0, 4, 1, 3], [0, 1], [1, 0]]
['Infinite family:', [0, 2, 3, 4, 1], [0, 2, 4, 3, 1], [2, 0, 3, 4, 1], [2, 0, 4, 3, 1], [0, 1], [1, 0]]
['Infinite family:', [0, 2, 4, 1, 3], [0, 2, 4, 3, 1], [2, 0, 4, 1, 3], [2, 0, 4, 3, 1], [0, 1], [1, 0]]
['Infinite family:', [0, 2, 1, 3, 4], [0, 2, 4, 3, 1], [0, 3, 1, 2, 4], [0, 3, 4, 2, 1], [0, 1], [1, 0]]
['Infinite family:', [0, 2, 1, 4, 3], [0, 2, 4, 1, 3], [0, 3, 1, 4, 2], [0, 3, 4, 1, 2], [0, 1], [1, 0]]
['Infinite family:', [0, 2, 3, 1, 4], [0, 2, 3, 4, 1], [0, 3, 2, 1, 4], [0, 3, 2, 4, 1], [0, 1], [1, 0]]
['Infinite family:', [0, 2, 1, 3, 4], [0, 2, 4, 3, 1], [3, 0, 1, 2, 4], [3, 0, 4, 2, 1], [0, 1], [1, 0]]
['Infinite family:', [0, 2, 1, 4, 3], [0, 2, 4, 1, 3], [3, 0, 1, 4, 2], [3, 0, 4, 1, 2], [0, 1], [1, 0]]
['Infinite family:', [0, 2, 3, 1, 4], [0, 2, 3, 4, 1], [3, 0, 2, 1, 4], [3, 0, 2, 4, 1], [0, 1], [1, 0]]
['Infinite family:', [0, 2, 1, 3, 4], [0, 2, 3, 1, 4], [0, 4, 1, 3, 2], [0, 4, 3, 1, 2], [0, 1], [1, 0]]
['Infinite family:', [0, 2, 1, 4, 3], [0, 2, 3, 4, 1], [0, 4, 1, 2, 3], [0, 4, 3, 2, 1], [0, 1], [1, 0]]
['Infinite family:', [0, 2, 4, 1, 3], [0, 2, 4, 3, 1], [0, 4, 2, 1, 3], [0, 4, 2, 3, 1], [0, 1], [1, 0]]
['Infinite family:', [0, 2, 1, 3, 4], [0, 2, 3, 1, 4], [4, 0, 1, 3, 2], [4, 0, 3, 1, 2], [0, 1], [1, 0]]
['Infinite family:', [0, 2, 1, 4, 3], [0, 2, 3, 4, 1], [4, 0, 1, 2, 3], [4, 0, 3, 2, 1], [0, 1], [1, 0]]
['Infinite family:', [0, 2, 4, 1, 3], [0, 2, 4, 3, 1], [4, 0, 2, 1, 3], [4, 0, 2, 3, 1], [0, 1], [1, 0]]
['Infinite family:', [0, 2, 1, 3, 4], [0, 2, 1, 4, 3], [1, 2, 0, 3, 4], [1, 2, 0, 4, 3], [0, 1], [1, 0]]
['Infinite family:', [0, 2, 3, 1, 4], [0, 2, 4, 1, 3], [1, 2, 3, 0, 4], [1, 2, 4, 0, 3], [0, 1], [1, 0]]
['Infinite family:', [0, 2, 3, 4, 1], [0, 2, 4, 3, 1], [1, 2, 3, 4, 0], [1, 2, 4, 3, 0], [0, 1], [1, 0]]
['Infinite family:', [0, 2, 1, 3, 4], [0, 2, 1, 4, 3], [2, 1, 0, 3, 4], [2, 1, 0, 4, 3], [0, 1], [1, 0]]
['Infinite family:', [0, 2, 3, 1, 4], [0, 2, 4, 1, 3], [2, 1, 3, 0, 4], [2, 1, 4, 0, 3], [0, 1], [1, 0]]
['Infinite family:', [0, 2, 3, 4, 1], [0, 2, 4, 3, 1], [2, 1, 3, 4, 0], [2, 1, 4, 3, 0], [0, 1], [1, 0]]
['Infinite family:', [0, 2, 1, 3, 4], [0, 2, 4, 3, 1], [2, 3, 1, 0, 4], [2, 3, 4, 0, 1], [0, 1], [1, 0]]
['Infinite family:', [0, 2, 1, 4, 3], [0, 2, 4, 1, 3], [2, 3, 1, 4, 0], [2, 3, 4, 1, 0], [0, 1], [1, 0]]
['Infinite family:', [0, 2, 3, 1, 4], [0, 2, 3, 4, 1], [2, 3, 0, 1, 4], [2, 3, 0, 4, 1], [0, 1], [1, 0]]
['Infinite family:', [0, 2, 1, 3, 4], [0, 2, 4, 3, 1], [3, 2, 1, 0, 4], [3, 2, 4, 0, 1], [0, 1], [1, 0]]
['Infinite family:', [0, 2, 1, 4, 3], [0, 2, 4, 1, 3], [3, 2, 1, 4, 0], [3, 2, 4, 1, 0], [0, 1], [1, 0]]
['Infinite family:', [0, 2, 3, 1, 4], [0, 2, 3, 4, 1], [3, 2, 0, 1, 4], [3, 2, 0, 4, 1], [0, 1], [1, 0]]
['Infinite family:', [0, 2, 1, 3, 4], [0, 2, 3, 1, 4], [2, 4, 1, 3, 0], [2, 4, 3, 1, 0], [0, 1], [1, 0]]
['Infinite family:', [0, 2, 1, 4, 3], [0, 2, 3, 4, 1], [2, 4, 1, 0, 3], [2, 4, 3, 0, 1], [0, 1], [1, 0]]
['Infinite family:', [0, 2, 4, 1, 3], [0, 2, 4, 3, 1], [2, 4, 0, 1, 3], [2, 4, 0, 3, 1], [0, 1], [1, 0]]
['Infinite family:', [0, 2, 1, 3, 4], [0, 2, 3, 1, 4], [4, 2, 1, 3, 0], [4, 2, 3, 1, 0], [0, 1], [1, 0]]
['Infinite family:', [0, 2, 1, 4, 3], [0, 2, 3, 4, 1], [4, 2, 1, 0, 3], [4, 2, 3, 0, 1], [0, 1], [1, 0]]
['Infinite family:', [0, 2, 4, 1, 3], [0, 2, 4, 3, 1], [4, 2, 0, 1, 3], [4, 2, 0, 3, 1], [0, 1], [1, 0]]
['Infinite family:', [0, 2, 1, 3, 4], [0, 3, 1, 2, 4], [1, 2, 0, 3, 4], [1, 3, 0, 2, 4], [0, 1], [1, 0]]
['Infinite family:', [0, 2, 1, 3, 4], [0, 3, 1, 4, 2], [1, 2, 0, 3, 4], [1, 3, 0, 4, 2], [0, 1], [1, 0]]
['Infinite family:', [0, 2, 1, 4, 3], [0, 3, 1, 2, 4], [1, 2, 0, 4, 3], [1, 3, 0, 2, 4], [0, 1], [1, 0]]
['Infinite family:', [0, 2, 1, 4, 3], [0, 3, 1, 4, 2], [1, 2, 0, 4, 3], [1, 3, 0, 4, 2], [0, 1], [1, 0]]
['Infinite family:', [0, 2, 1, 3, 4], [0, 3, 1, 2, 4], [1, 2, 4, 3, 0], [1, 3, 4, 2, 0], [0, 1], [1, 0]]
['Infinite family:', [0, 2, 1, 4, 3], [0, 3, 1, 4, 2], [1, 2, 4, 0, 3], [1, 3, 4, 0, 2], [0, 1], [1, 0]]
['Infinite family:', [0, 2, 3, 1, 4], [0, 3, 2, 1, 4], [1, 2, 3, 0, 4], [1, 3, 2, 0, 4], [0, 1], [1, 0]]
['Infinite family:', [0, 2, 3, 1, 4], [0, 3, 2, 1, 4], [1, 2, 3, 4, 0], [1, 3, 2, 4, 0], [0, 1], [1, 0]]
['Infinite family:', [0, 2, 3, 4, 1], [0, 3, 2, 4, 1], [1, 2, 3, 0, 4], [1, 3, 2, 0, 4], [0, 1], [1, 0]]
['Infinite family:', [0, 2, 3, 4, 1], [0, 3, 2, 4, 1], [1, 2, 3, 4, 0], [1, 3, 2, 4, 0], [0, 1], [1, 0]]
['Infinite family:', [0, 2, 3, 1, 4], [0, 3, 4, 1, 2], [1, 2, 3, 0, 4], [1, 3, 4, 0, 2], [0, 1], [1, 0]]
['Infinite family:', [0, 2, 3, 4, 1], [0, 3, 4, 2, 1], [1, 2, 3, 4, 0], [1, 3, 4, 2, 0], [0, 1], [1, 0]]
['Infinite family:', [0, 2, 4, 1, 3], [0, 3, 2, 1, 4], [1, 2, 4, 0, 3], [1, 3, 2, 0, 4], [0, 1], [1, 0]]
['Infinite family:', [0, 2, 4, 3, 1], [0, 3, 2, 4, 1], [1, 2, 4, 3, 0], [1, 3, 2, 4, 0], [0, 1], [1, 0]]
['Infinite family:', [0, 2, 4, 1, 3], [0, 3, 4, 1, 2], [1, 2, 0, 4, 3], [1, 3, 0, 4, 2], [0, 1], [1, 0]]
['Infinite family:', [0, 2, 4, 3, 1], [0, 3, 4, 2, 1], [1, 2, 0, 3, 4], [1, 3, 0, 2, 4], [0, 1], [1, 0]]
['Infinite family:', [0, 2, 4, 1, 3], [0, 3, 4, 1, 2], [1, 2, 4, 0, 3], [1, 3, 4, 0, 2], [0, 1], [1, 0]]
['Infinite family:', [0, 2, 4, 3, 1], [0, 3, 4, 2, 1], [1, 2, 4, 3, 0], [1, 3, 4, 2, 0], [0, 1], [1, 0]]
['Infinite family:', [0, 2, 1, 3, 4], [0, 3, 1, 2, 4], [4, 2, 0, 3, 1], [4, 3, 0, 2, 1], [0, 1], [1, 0]]
['Infinite family:', [0, 2, 1, 4, 3], [0, 3, 1, 4, 2], [4, 2, 0, 1, 3], [4, 3, 0, 1, 2], [0, 1], [1, 0]]
['Infinite family:', [0, 2, 1, 3, 4], [0, 3, 1, 2, 4], [4, 2, 1, 3, 0], [4, 3, 1, 2, 0], [0, 1], [1, 0]]
['Infinite family:', [0, 2, 1, 4, 3], [0, 3, 1, 4, 2], [4, 2, 1, 0, 3], [4, 3, 1, 0, 2], [0, 1], [1, 0]]
['Infinite family:', [0, 2, 1, 3, 4], [0, 3, 2, 1, 4], [4, 2, 1, 3, 0], [4, 3, 2, 1, 0], [0, 1], [1, 0]]
['Infinite family:', [0, 2, 1, 4, 3], [0, 3, 2, 4, 1], [4, 2, 1, 0, 3], [4, 3, 2, 0, 1], [0, 1], [1, 0]]
['Infinite family:', [0, 2, 3, 1, 4], [0, 3, 1, 2, 4], [4, 2, 3, 1, 0], [4, 3, 1, 2, 0], [0, 1], [1, 0]]
['Infinite family:', [0, 2, 3, 4, 1], [0, 3, 1, 4, 2], [4, 2, 3, 0, 1], [4, 3, 1, 0, 2], [0, 1], [1, 0]]
['Infinite family:', [0, 2, 3, 1, 4], [0, 3, 2, 1, 4], [4, 2, 3, 0, 1], [4, 3, 2, 0, 1], [0, 1], [1, 0]]
['Infinite family:', [0, 2, 3, 1, 4], [0, 3, 2, 1, 4], [4, 2, 3, 1, 0], [4, 3, 2, 1, 0], [0, 1], [1, 0]]
['Infinite family:', [0, 2, 3, 4, 1], [0, 3, 2, 4, 1], [4, 2, 3, 0, 1], [4, 3, 2, 0, 1], [0, 1], [1, 0]]
['Infinite family:', [0, 2, 3, 4, 1], [0, 3, 2, 4, 1], [4, 2, 3, 1, 0], [4, 3, 2, 1, 0], [0, 1], [1, 0]]
['Infinite family:', [0, 2, 4, 1, 3], [0, 3, 4, 1, 2], [4, 2, 0, 1, 3], [4, 3, 0, 1, 2], [0, 1], [1, 0]]
['Infinite family:', [0, 2, 4, 1, 3], [0, 3, 4, 2, 1], [4, 2, 0, 1, 3], [4, 3, 0, 2, 1], [0, 1], [1, 0]]
['Infinite family:', [0, 2, 4, 3, 1], [0, 3, 4, 1, 2], [4, 2, 0, 3, 1], [4, 3, 0, 1, 2], [0, 1], [1, 0]]
['Infinite family:', [0, 2, 4, 3, 1], [0, 3, 4, 2, 1], [4, 2, 0, 3, 1], [4, 3, 0, 2, 1], [0, 1], [1, 0]]
['Infinite family:', [0, 2, 4, 1, 3], [0, 3, 4, 1, 2], [4, 2, 1, 0, 3], [4, 3, 1, 0, 2], [0, 1], [1, 0]]
['Infinite family:', [0, 2, 4, 3, 1], [0, 3, 4, 2, 1], [4, 2, 1, 3, 0], [4, 3, 1, 2, 0], [0, 1], [1, 0]]
['Infinite family:', [0, 2, 1, 3, 4], [0, 4, 1, 2, 3], [1, 2, 0, 3, 4], [1, 4, 0, 2, 3], [0, 1], [1, 0]]
['Infinite family:', [0, 2, 1, 3, 4], [0, 4, 1, 3, 2], [1, 2, 0, 3, 4], [1, 4, 0, 3, 2], [0, 1], [1, 0]]
['Infinite family:', [0, 2, 1, 4, 3], [0, 4, 1, 2, 3], [1, 2, 0, 4, 3], [1, 4, 0, 2, 3], [0, 1], [1, 0]]
['Infinite family:', [0, 2, 1, 4, 3], [0, 4, 1, 3, 2], [1, 2, 0, 4, 3], [1, 4, 0, 3, 2], [0, 1], [1, 0]]
['Infinite family:', [0, 2, 1, 3, 4], [0, 4, 1, 3, 2], [1, 2, 3, 0, 4], [1, 4, 3, 0, 2], [0, 1], [1, 0]]
['Infinite family:', [0, 2, 1, 4, 3], [0, 4, 1, 2, 3], [1, 2, 3, 4, 0], [1, 4, 3, 2, 0], [0, 1], [1, 0]]
['Infinite family:', [0, 2, 3, 1, 4], [0, 4, 2, 1, 3], [1, 2, 3, 0, 4], [1, 4, 2, 0, 3], [0, 1], [1, 0]]
['Infinite family:', [0, 2, 3, 4, 1], [0, 4, 2, 3, 1], [1, 2, 3, 4, 0], [1, 4, 2, 3, 0], [0, 1], [1, 0]]
['Infinite family:', [0, 2, 3, 1, 4], [0, 4, 3, 1, 2], [1, 2, 0, 3, 4], [1, 4, 0, 3, 2], [0, 1], [1, 0]]
['Infinite family:', [0, 2, 3, 4, 1], [0, 4, 3, 2, 1], [1, 2, 0, 4, 3], [1, 4, 0, 2, 3], [0, 1], [1, 0]]
['Infinite family:', [0, 2, 3, 1, 4], [0, 4, 3, 1, 2], [1, 2, 3, 0, 4], [1, 4, 3, 0, 2], [0, 1], [1, 0]]
['Infinite family:', [0, 2, 3, 4, 1], [0, 4, 3, 2, 1], [1, 2, 3, 4, 0], [1, 4, 3, 2, 0], [0, 1], [1, 0]]
['Infinite family:', [0, 2, 4, 1, 3], [0, 4, 2, 1, 3], [1, 2, 4, 0, 3], [1, 4, 2, 0, 3], [0, 1], [1, 0]]
['Infinite family:', [0, 2, 4, 1, 3], [0, 4, 2, 1, 3], [1, 2, 4, 3, 0], [1, 4, 2, 3, 0], [0, 1], [1, 0]]
['Infinite family:', [0, 2, 4, 3, 1], [0, 4, 2, 3, 1], [1, 2, 4, 0, 3], [1, 4, 2, 0, 3], [0, 1], [1, 0]]
['Infinite family:', [0, 2, 4, 3, 1], [0, 4, 2, 3, 1], [1, 2, 4, 3, 0], [1, 4, 2, 3, 0], [0, 1], [1, 0]]
['Infinite family:', [0, 2, 4, 1, 3], [0, 4, 3, 1, 2], [1, 2, 4, 0, 3], [1, 4, 3, 0, 2], [0, 1], [1, 0]]
['Infinite family:', [0, 2, 4, 3, 1], [0, 4, 3, 2, 1], [1, 2, 4, 3, 0], [1, 4, 3, 2, 0], [0, 1], [1, 0]]
['Infinite family:', [0, 2, 1, 3, 4], [0, 4, 1, 3, 2], [3, 2, 0, 1, 4], [3, 4, 0, 1, 2], [0, 1], [1, 0]]
['Infinite family:', [0, 2, 1, 4, 3], [0, 4, 1, 2, 3], [3, 2, 0, 4, 1], [3, 4, 0, 2, 1], [0, 1], [1, 0]]
['Infinite family:', [0, 2, 1, 3, 4], [0, 4, 1, 3, 2], [3, 2, 1, 0, 4], [3, 4, 1, 0, 2], [0, 1], [1, 0]]
['Infinite family:', [0, 2, 1, 4, 3], [0, 4, 1, 2, 3], [3, 2, 1, 4, 0], [3, 4, 1, 2, 0], [0, 1], [1, 0]]
['Infinite family:', [0, 2, 1, 3, 4], [0, 4, 2, 3, 1], [3, 2, 1, 0, 4], [3, 4, 2, 0, 1], [0, 1], [1, 0]]
['Infinite family:', [0, 2, 1, 4, 3], [0, 4, 2, 1, 3], [3, 2, 1, 4, 0], [3, 4, 2, 1, 0], [0, 1], [1, 0]]
['Infinite family:', [0, 2, 3, 1, 4], [0, 4, 3, 1, 2], [3, 2, 0, 1, 4], [3, 4, 0, 1, 2], [0, 1], [1, 0]]
['Infinite family:', [0, 2, 3, 1, 4], [0, 4, 3, 2, 1], [3, 2, 0, 1, 4], [3, 4, 0, 2, 1], [0, 1], [1, 0]]
['Infinite family:', [0, 2, 3, 4, 1], [0, 4, 3, 1, 2], [3, 2, 0, 4, 1], [3, 4, 0, 1, 2], [0, 1], [1, 0]]
['Infinite family:', [0, 2, 3, 4, 1], [0, 4, 3, 2, 1], [3, 2, 0, 4, 1], [3, 4, 0, 2, 1], [0, 1], [1, 0]]
['Infinite family:', [0, 2, 3, 1, 4], [0, 4, 3, 1, 2], [3, 2, 1, 0, 4], [3, 4, 1, 0, 2], [0, 1], [1, 0]]
['Infinite family:', [0, 2, 3, 4, 1], [0, 4, 3, 2, 1], [3, 2, 1, 4, 0], [3, 4, 1, 2, 0], [0, 1], [1, 0]]
['Infinite family:', [0, 2, 4, 1, 3], [0, 4, 1, 2, 3], [3, 2, 4, 1, 0], [3, 4, 1, 2, 0], [0, 1], [1, 0]]
['Infinite family:', [0, 2, 4, 3, 1], [0, 4, 1, 3, 2], [3, 2, 4, 0, 1], [3, 4, 1, 0, 2], [0, 1], [1, 0]]
['Infinite family:', [0, 2, 4, 1, 3], [0, 4, 2, 1, 3], [3, 2, 4, 0, 1], [3, 4, 2, 0, 1], [0, 1], [1, 0]]
['Infinite family:', [0, 2, 4, 1, 3], [0, 4, 2, 1, 3], [3, 2, 4, 1, 0], [3, 4, 2, 1, 0], [0, 1], [1, 0]]
['Infinite family:', [0, 2, 4, 3, 1], [0, 4, 2, 3, 1], [3, 2, 4, 0, 1], [3, 4, 2, 0, 1], [0, 1], [1, 0]]
['Infinite family:', [0, 2, 4, 3, 1], [0, 4, 2, 3, 1], [3, 2, 4, 1, 0], [3, 4, 2, 1, 0], [0, 1], [1, 0]]
['Infinite family:', [2, 0, 1, 3, 4], [2, 0, 4, 3, 1], [3, 0, 1, 2, 4], [3, 0, 4, 2, 1], [0, 1], [1, 0]]
['Infinite family:', [2, 0, 1, 4, 3], [2, 0, 4, 1, 3], [3, 0, 1, 4, 2], [3, 0, 4, 1, 2], [0, 1], [1, 0]]
['Infinite family:', [2, 0, 3, 1, 4], [2, 0, 3, 4, 1], [3, 0, 2, 1, 4], [3, 0, 2, 4, 1], [0, 1], [1, 0]]
['Infinite family:', [2, 0, 1, 3, 4], [2, 0, 3, 1, 4], [4, 0, 1, 3, 2], [4, 0, 3, 1, 2], [0, 1], [1, 0]]
['Infinite family:', [2, 0, 1, 4, 3], [2, 0, 3, 4, 1], [4, 0, 1, 2, 3], [4, 0, 3, 2, 1], [0, 1], [1, 0]]
['Infinite family:', [2, 0, 4, 1, 3], [2, 0, 4, 3, 1], [4, 0, 2, 1, 3], [4, 0, 2, 3, 1], [0, 1], [1, 0]]
['Infinite family:', [2, 0, 1, 3, 4], [2, 0, 1, 4, 3], [2, 1, 0, 3, 4], [2, 1, 0, 4, 3], [0, 1], [1, 0]]
['Infinite family:', [2, 0, 3, 1, 4], [2, 0, 4, 1, 3], [2, 1, 3, 0, 4], [2, 1, 4, 0, 3], [0, 1], [1, 0]]
['Infinite family:', [2, 0, 3, 4, 1], [2, 0, 4, 3, 1], [2, 1, 3, 4, 0], [2, 1, 4, 3, 0], [0, 1], [1, 0]]
['Infinite family:', [2, 0, 1, 3, 4], [2, 0, 4, 3, 1], [2, 3, 1, 0, 4], [2, 3, 4, 0, 1], [0, 1], [1, 0]]
['Infinite family:', [2, 0, 1, 4, 3], [2, 0, 4, 1, 3], [2, 3, 1, 4, 0], [2, 3, 4, 1, 0], [0, 1], [1, 0]]
['Infinite family:', [2, 0, 3, 1, 4], [2, 0, 3, 4, 1], [2, 3, 0, 1, 4], [2, 3, 0, 4, 1], [0, 1], [1, 0]]
['Infinite family:', [2, 0, 1, 3, 4], [2, 0, 4, 3, 1], [3, 2, 1, 0, 4], [3, 2, 4, 0, 1], [0, 1], [1, 0]]
['Infinite family:', [2, 0, 1, 4, 3], [2, 0, 4, 1, 3], [3, 2, 1, 4, 0], [3, 2, 4, 1, 0], [0, 1], [1, 0]]
['Infinite family:', [2, 0, 3, 1, 4], [2, 0, 3, 4, 1], [3, 2, 0, 1, 4], [3, 2, 0, 4, 1], [0, 1], [1, 0]]
['Infinite family:', [2, 0, 1, 3, 4], [2, 0, 3, 1, 4], [2, 4, 1, 3, 0], [2, 4, 3, 1, 0], [0, 1], [1, 0]]
['Infinite family:', [2, 0, 1, 4, 3], [2, 0, 3, 4, 1], [2, 4, 1, 0, 3], [2, 4, 3, 0, 1], [0, 1], [1, 0]]
['Infinite family:', [2, 0, 4, 1, 3], [2, 0, 4, 3, 1], [2, 4, 0, 1, 3], [2, 4, 0, 3, 1], [0, 1], [1, 0]]
['Infinite family:', [2, 0, 1, 3, 4], [2, 0, 3, 1, 4], [4, 2, 1, 3, 0], [4, 2, 3, 1, 0], [0, 1], [1, 0]]
['Infinite family:', [2, 0, 1, 4, 3], [2, 0, 3, 4, 1], [4, 2, 1, 0, 3], [4, 2, 3, 0, 1], [0, 1], [1, 0]]
['Infinite family:', [2, 0, 4, 1, 3], [2, 0, 4, 3, 1], [4, 2, 0, 1, 3], [4, 2, 0, 3, 1], [0, 1], [1, 0]]
['Infinite family:', [2, 0, 1, 3, 4], [2, 1, 0, 3, 4], [3, 0, 1, 2, 4], [3, 1, 0, 2, 4], [0, 1], [1, 0]]
['Infinite family:', [2, 0, 1, 3, 4], [2, 1, 0, 3, 4], [3, 0, 1, 4, 2], [3, 1, 0, 4, 2], [0, 1], [1, 0]]
['Infinite family:', [2, 0, 1, 4, 3], [2, 1, 0, 4, 3], [3, 0, 1, 2, 4], [3, 1, 0, 2, 4], [0, 1], [1, 0]]
['Infinite family:', [2, 0, 1, 4, 3], [2, 1, 0, 4, 3], [3, 0, 1, 4, 2], [3, 1, 0, 4, 2], [0, 1], [1, 0]]
['Infinite family:', [2, 0, 1, 3, 4], [2, 1, 4, 3, 0], [3, 0, 1, 2, 4], [3, 1, 4, 2, 0], [0, 1], [1, 0]]
['Infinite family:', [2, 0, 1, 4, 3], [2, 1, 4, 0, 3], [3, 0, 1, 4, 2], [3, 1, 4, 0, 2], [0, 1], [1, 0]]
['Infinite family:', [2, 0, 3, 1, 4], [2, 1, 3, 0, 4], [3, 0, 2, 1, 4], [3, 1, 2, 0, 4], [0, 1], [1, 0]]
['Infinite family:', [2, 0, 3, 1, 4], [2, 1, 3, 4, 0], [3, 0, 2, 1, 4], [3, 1, 2, 4, 0], [0, 1], [1, 0]]
['Infinite family:', [2, 0, 3, 4, 1], [2, 1, 3, 0, 4], [3, 0, 2, 4, 1], [3, 1, 2, 0, 4], [0, 1], [1, 0]]
['Infinite family:', [2, 0, 3, 4, 1], [2, 1, 3, 4, 0], [3, 0, 2, 4, 1], [3, 1, 2, 4, 0], [0, 1], [1, 0]]
['Infinite family:', [2, 0, 3, 1, 4], [2, 1, 3, 0, 4], [3, 0, 4, 1, 2], [3, 1, 4, 0, 2], [0, 1], [1, 0]]
['Infinite family:', [2, 0, 3, 4, 1], [2, 1, 3, 4, 0], [3, 0, 4, 2, 1], [3, 1, 4, 2, 0], [0, 1], [1, 0]]
['Infinite family:', [2, 0, 4, 1, 3], [2, 1, 0, 4, 3], [3, 0, 4, 1, 2], [3, 1, 0, 4, 2], [0, 1], [1, 0]]
['Infinite family:', [2, 0, 4, 3, 1], [2, 1, 0, 3, 4], [3, 0, 4, 2, 1], [3, 1, 0, 2, 4], [0, 1], [1, 0]]
['Infinite family:', [2, 0, 4, 1, 3], [2, 1, 4, 0, 3], [3, 0, 2, 1, 4], [3, 1, 2, 0, 4], [0, 1], [1, 0]]
['Infinite family:', [2, 0, 4, 3, 1], [2, 1, 4, 3, 0], [3, 0, 2, 4, 1], [3, 1, 2, 4, 0], [0, 1], [1, 0]]
['Infinite family:', [2, 0, 4, 1, 3], [2, 1, 4, 0, 3], [3, 0, 4, 1, 2], [3, 1, 4, 0, 2], [0, 1], [1, 0]]
['Infinite family:', [2, 0, 4, 3, 1], [2, 1, 4, 3, 0], [3, 0, 4, 2, 1], [3, 1, 4, 2, 0], [0, 1], [1, 0]]
['Infinite family:', [2, 0, 1, 3, 4], [2, 1, 0, 3, 4], [4, 0, 1, 2, 3], [4, 1, 0, 2, 3], [0, 1], [1, 0]]
['Infinite family:', [2, 0, 1, 3, 4], [2, 1, 0, 3, 4], [4, 0, 1, 3, 2], [4, 1, 0, 3, 2], [0, 1], [1, 0]]
['Infinite family:', [2, 0, 1, 4, 3], [2, 1, 0, 4, 3], [4, 0, 1, 2, 3], [4, 1, 0, 2, 3], [0, 1], [1, 0]]
['Infinite family:', [2, 0, 1, 4, 3], [2, 1, 0, 4, 3], [4, 0, 1, 3, 2], [4, 1, 0, 3, 2], [0, 1], [1, 0]]
['Infinite family:', [2, 0, 1, 3, 4], [2, 1, 3, 0, 4], [4, 0, 1, 3, 2], [4, 1, 3, 0, 2], [0, 1], [1, 0]]
['Infinite family:', [2, 0, 1, 4, 3], [2, 1, 3, 4, 0], [4, 0, 1, 2, 3], [4, 1, 3, 2, 0], [0, 1], [1, 0]]
['Infinite family:', [2, 0, 3, 1, 4], [2, 1, 0, 3, 4], [4, 0, 3, 1, 2], [4, 1, 0, 3, 2], [0, 1], [1, 0]]
['Infinite family:', [2, 0, 3, 4, 1], [2, 1, 0, 4, 3], [4, 0, 3, 2, 1], [4, 1, 0, 2, 3], [0, 1], [1, 0]]
['Infinite family:', [2, 0, 3, 1, 4], [2, 1, 3, 0, 4], [4, 0, 2, 1, 3], [4, 1, 2, 0, 3], [0, 1], [1, 0]]
['Infinite family:', [2, 0, 3, 4, 1], [2, 1, 3, 4, 0], [4, 0, 2, 3, 1], [4, 1, 2, 3, 0], [0, 1], [1, 0]]
['Infinite family:', [2, 0, 3, 1, 4], [2, 1, 3, 0, 4], [4, 0, 3, 1, 2], [4, 1, 3, 0, 2], [0, 1], [1, 0]]
['Infinite family:', [2, 0, 3, 4, 1], [2, 1, 3, 4, 0], [4, 0, 3, 2, 1], [4, 1, 3, 2, 0], [0, 1], [1, 0]]
['Infinite family:', [2, 0, 4, 1, 3], [2, 1, 4, 0, 3], [4, 0, 2, 1, 3], [4, 1, 2, 0, 3], [0, 1], [1, 0]]
['Infinite family:', [2, 0, 4, 1, 3], [2, 1, 4, 3, 0], [4, 0, 2, 1, 3], [4, 1, 2, 3, 0], [0, 1], [1, 0]]
['Infinite family:', [2, 0, 4, 3, 1], [2, 1, 4, 0, 3], [4, 0, 2, 3, 1], [4, 1, 2, 0, 3], [0, 1], [1, 0]]
['Infinite family:', [2, 0, 4, 3, 1], [2, 1, 4, 3, 0], [4, 0, 2, 3, 1], [4, 1, 2, 3, 0], [0, 1], [1, 0]]
['Infinite family:', [2, 0, 4, 1, 3], [2, 1, 4, 0, 3], [4, 0, 3, 1, 2], [4, 1, 3, 0, 2], [0, 1], [1, 0]]
['Infinite family:', [2, 0, 4, 3, 1], [2, 1, 4, 3, 0], [4, 0, 3, 2, 1], [4, 1, 3, 2, 0], [0, 1], [1, 0]]
['Infinite family:', [2, 0, 1, 3, 4], [2, 3, 0, 1, 4], [4, 0, 1, 3, 2], [4, 3, 0, 1, 2], [0, 1], [1, 0]]
['Infinite family:', [2, 0, 1, 4, 3], [2, 3, 0, 4, 1], [4, 0, 1, 2, 3], [4, 3, 0, 2, 1], [0, 1], [1, 0]]
['Infinite family:', [2, 0, 1, 3, 4], [2, 3, 1, 0, 4], [4, 0, 1, 3, 2], [4, 3, 1, 0, 2], [0, 1], [1, 0]]
['Infinite family:', [2, 0, 1, 4, 3], [2, 3, 1, 4, 0], [4, 0, 1, 2, 3], [4, 3, 1, 2, 0], [0, 1], [1, 0]]
['Infinite family:', [2, 0, 1, 3, 4], [2, 3, 1, 0, 4], [4, 0, 2, 3, 1], [4, 3, 2, 0, 1], [0, 1], [1, 0]]
['Infinite family:', [2, 0, 1, 4, 3], [2, 3, 1, 4, 0], [4, 0, 2, 1, 3], [4, 3, 2, 1, 0], [0, 1], [1, 0]]
['Infinite family:', [2, 0, 3, 1, 4], [2, 3, 0, 1, 4], [4, 0, 3, 1, 2], [4, 3, 0, 1, 2], [0, 1], [1, 0]]
['Infinite family:', [2, 0, 3, 1, 4], [2, 3, 0, 1, 4], [4, 0, 3, 2, 1], [4, 3, 0, 2, 1], [0, 1], [1, 0]]
['Infinite family:', [2, 0, 3, 4, 1], [2, 3, 0, 4, 1], [4, 0, 3, 1, 2], [4, 3, 0, 1, 2], [0, 1], [1, 0]]
['Infinite family:', [2, 0, 3, 4, 1], [2, 3, 0, 4, 1], [4, 0, 3, 2, 1], [4, 3, 0, 2, 1], [0, 1], [1, 0]]
['Infinite family:', [2, 0, 3, 1, 4], [2, 3, 1, 0, 4], [4, 0, 3, 1, 2], [4, 3, 1, 0, 2], [0, 1], [1, 0]]
['Infinite family:', [2, 0, 3, 4, 1], [2, 3, 1, 4, 0], [4, 0, 3, 2, 1], [4, 3, 1, 2, 0], [0, 1], [1, 0]]
['Infinite family:', [2, 0, 4, 1, 3], [2, 3, 4, 1, 0], [4, 0, 1, 2, 3], [4, 3, 1, 2, 0], [0, 1], [1, 0]]
['Infinite family:', [2, 0, 4, 3, 1], [2, 3, 4, 0, 1], [4, 0, 1, 3, 2], [4, 3, 1, 0, 2], [0, 1], [1, 0]]
['Infinite family:', [2, 0, 4, 1, 3], [2, 3, 4, 0, 1], [4, 0, 2, 1, 3], [4, 3, 2, 0, 1], [0, 1], [1, 0]]
['Infinite family:', [2, 0, 4, 1, 3], [2, 3, 4, 1, 0], [4, 0, 2, 1, 3], [4, 3, 2, 1, 0], [0, 1], [1, 0]]
['Infinite family:', [2, 0, 4, 3, 1], [2, 3, 4, 0, 1], [4, 0, 2, 3, 1], [4, 3, 2, 0, 1], [0, 1], [1, 0]]
['Infinite family:', [2, 0, 4, 3, 1], [2, 3, 4, 1, 0], [4, 0, 2, 3, 1], [4, 3, 2, 1, 0], [0, 1], [1, 0]]
['Infinite family:', [2, 0, 1, 3, 4], [2, 4, 0, 3, 1], [3, 0, 1, 2, 4], [3, 4, 0, 2, 1], [0, 1], [1, 0]]
['Infinite family:', [2, 0, 1, 4, 3], [2, 4, 0, 1, 3], [3, 0, 1, 4, 2], [3, 4, 0, 1, 2], [0, 1], [1, 0]]
['Infinite family:', [2, 0, 1, 3, 4], [2, 4, 1, 3, 0], [3, 0, 1, 2, 4], [3, 4, 1, 2, 0], [0, 1], [1, 0]]
['Infinite family:', [2, 0, 1, 4, 3], [2, 4, 1, 0, 3], [3, 0, 1, 4, 2], [3, 4, 1, 0, 2], [0, 1], [1, 0]]
['Infinite family:', [2, 0, 1, 3, 4], [2, 4, 1, 3, 0], [3, 0, 2, 1, 4], [3, 4, 2, 1, 0], [0, 1], [1, 0]]
['Infinite family:', [2, 0, 1, 4, 3], [2, 4, 1, 0, 3], [3, 0, 2, 4, 1], [3, 4, 2, 0, 1], [0, 1], [1, 0]]
['Infinite family:', [2, 0, 3, 1, 4], [2, 4, 3, 1, 0], [3, 0, 1, 2, 4], [3, 4, 1, 2, 0], [0, 1], [1, 0]]
['Infinite family:', [2, 0, 3, 4, 1], [2, 4, 3, 0, 1], [3, 0, 1, 4, 2], [3, 4, 1, 0, 2], [0, 1], [1, 0]]
['Infinite family:', [2, 0, 3, 1, 4], [2, 4, 3, 0, 1], [3, 0, 2, 1, 4], [3, 4, 2, 0, 1], [0, 1], [1, 0]]
['Infinite family:', [2, 0, 3, 1, 4], [2, 4, 3, 1, 0], [3, 0, 2, 1, 4], [3, 4, 2, 1, 0], [0, 1], [1, 0]]
['Infinite family:', [2, 0, 3, 4, 1], [2, 4, 3, 0, 1], [3, 0, 2, 4, 1], [3, 4, 2, 0, 1], [0, 1], [1, 0]]
['Infinite family:', [2, 0, 3, 4, 1], [2, 4, 3, 1, 0], [3, 0, 2, 4, 1], [3, 4, 2, 1, 0], [0, 1], [1, 0]]
['Infinite family:', [2, 0, 4, 1, 3], [2, 4, 0, 1, 3], [3, 0, 4, 1, 2], [3, 4, 0, 1, 2], [0, 1], [1, 0]]
['Infinite family:', [2, 0, 4, 1, 3], [2, 4, 0, 1, 3], [3, 0, 4, 2, 1], [3, 4, 0, 2, 1], [0, 1], [1, 0]]
['Infinite family:', [2, 0, 4, 3, 1], [2, 4, 0, 3, 1], [3, 0, 4, 1, 2], [3, 4, 0, 1, 2], [0, 1], [1, 0]]
['Infinite family:', [2, 0, 4, 3, 1], [2, 4, 0, 3, 1], [3, 0, 4, 2, 1], [3, 4, 0, 2, 1], [0, 1], [1, 0]]
['Infinite family:', [2, 0, 4, 1, 3], [2, 4, 1, 0, 3], [3, 0, 4, 1, 2], [3, 4, 1, 0, 2], [0, 1], [1, 0]]
['Infinite family:', [2, 0, 4, 3, 1], [2, 4, 1, 3, 0], [3, 0, 4, 2, 1], [3, 4, 1, 2, 0], [0, 1], [1, 0]]
['Infinite family:', [0, 3, 1, 2, 4], [0, 3, 1, 4, 2], [1, 0, 3, 2, 4], [1, 0, 3, 4, 2], [0, 1], [1, 0]]
['Infinite family:', [0, 3, 2, 1, 4], [0, 3, 4, 1, 2], [1, 0, 2, 3, 4], [1, 0, 4, 3, 2], [0, 1], [1, 0]]
['Infinite family:', [0, 3, 2, 4, 1], [0, 3, 4, 2, 1], [1, 0, 2, 4, 3], [1, 0, 4, 2, 3], [0, 1], [1, 0]]
['Infinite family:', [0, 3, 1, 2, 4], [0, 3, 4, 2, 1], [2, 0, 1, 3, 4], [2, 0, 4, 3, 1], [0, 1], [1, 0]]
['Infinite family:', [0, 3, 1, 4, 2], [0, 3, 4, 1, 2], [2, 0, 1, 4, 3], [2, 0, 4, 1, 3], [0, 1], [1, 0]]
['Infinite family:', [0, 3, 2, 1, 4], [0, 3, 2, 4, 1], [2, 0, 3, 1, 4], [2, 0, 3, 4, 1], [0, 1], [1, 0]]
['Infinite family:', [0, 3, 1, 2, 4], [0, 3, 1, 4, 2], [3, 0, 1, 2, 4], [3, 0, 1, 4, 2], [0, 1], [1, 0]]
['Infinite family:', [0, 3, 1, 2, 4], [0, 3, 2, 1, 4], [3, 0, 1, 2, 4], [3, 0, 2, 1, 4], [0, 1], [1, 0]]
['Infinite family:', [0, 3, 1, 2, 4], [0, 3, 2, 4, 1], [3, 0, 1, 2, 4], [3, 0, 2, 4, 1], [0, 1], [1, 0]]
['Infinite family:', [0, 3, 1, 4, 2], [0, 3, 2, 1, 4], [3, 0, 1, 4, 2], [3, 0, 2, 1, 4], [0, 1], [1, 0]]
['Infinite family:', [0, 3, 1, 4, 2], [0, 3, 2, 4, 1], [3, 0, 1, 4, 2], [3, 0, 2, 4, 1], [0, 1], [1, 0]]
['Infinite family:', [0, 3, 1, 2, 4], [0, 3, 4, 1, 2], [3, 0, 1, 2, 4], [3, 0, 4, 1, 2], [0, 1], [1, 0]]
['Infinite family:', [0, 3, 1, 2, 4], [0, 3, 4, 2, 1], [3, 0, 1, 2, 4], [3, 0, 4, 2, 1], [0, 1], [1, 0]]
['Infinite family:', [0, 3, 1, 4, 2], [0, 3, 4, 1, 2], [3, 0, 1, 4, 2], [3, 0, 4, 1, 2], [0, 1], [1, 0]]
['Infinite family:', [0, 3, 1, 4, 2], [0, 3, 4, 2, 1], [3, 0, 1, 4, 2], [3, 0, 4, 2, 1], [0, 1], [1, 0]]
['Infinite family:', [0, 3, 2, 1, 4], [0, 3, 2, 4, 1], [3, 0, 2, 1, 4], [3, 0, 2, 4, 1], [0, 1], [1, 0]]
['Infinite family:', [0, 3, 2, 1, 4], [0, 3, 4, 1, 2], [3, 0, 2, 1, 4], [3, 0, 4, 1, 2], [0, 1], [1, 0]]
['Infinite family:', [0, 3, 2, 1, 4], [0, 3, 4, 2, 1], [3, 0, 2, 1, 4], [3, 0, 4, 2, 1], [0, 1], [1, 0]]
['Infinite family:', [0, 3, 2, 4, 1], [0, 3, 4, 1, 2], [3, 0, 2, 4, 1], [3, 0, 4, 1, 2], [0, 1], [1, 0]]
['Infinite family:', [0, 3, 2, 4, 1], [0, 3, 4, 2, 1], [3, 0, 2, 4, 1], [3, 0, 4, 2, 1], [0, 1], [1, 0]]
['Infinite family:', [0, 3, 4, 1, 2], [0, 3, 4, 2, 1], [3, 0, 4, 1, 2], [3, 0, 4, 2, 1], [0, 1], [1, 0]]
['Infinite family:', [0, 3, 1, 2, 4], [0, 3, 2, 1, 4], [0, 4, 1, 2, 3], [0, 4, 2, 1, 3], [0, 1], [1, 0]]
['Infinite family:', [0, 3, 1, 4, 2], [0, 3, 2, 4, 1], [0, 4, 1, 3, 2], [0, 4, 2, 3, 1], [0, 1], [1, 0]]
['Infinite family:', [0, 3, 4, 1, 2], [0, 3, 4, 2, 1], [0, 4, 3, 1, 2], [0, 4, 3, 2, 1], [0, 1], [1, 0]]
['Infinite family:', [0, 3, 1, 2, 4], [0, 3, 2, 1, 4], [4, 0, 1, 2, 3], [4, 0, 2, 1, 3], [0, 1], [1, 0]]
['Infinite family:', [0, 3, 1, 4, 2], [0, 3, 2, 4, 1], [4, 0, 1, 3, 2], [4, 0, 2, 3, 1], [0, 1], [1, 0]]
['Infinite family:', [0, 3, 4, 1, 2], [0, 3, 4, 2, 1], [4, 0, 3, 1, 2], [4, 0, 3, 2, 1], [0, 1], [1, 0]]
['Infinite family:', [0, 3, 1, 2, 4], [0, 3, 1, 4, 2], [1, 3, 0, 2, 4], [1, 3, 0, 4, 2], [0, 1], [1, 0]]
['Infinite family:', [0, 3, 2, 1, 4], [0, 3, 4, 1, 2], [1, 3, 2, 0, 4], [1, 3, 4, 0, 2], [0, 1], [1, 0]]
['Infinite family:', [0, 3, 2, 4, 1], [0, 3, 4, 2, 1], [1, 3, 2, 4, 0], [1, 3, 4, 2, 0], [0, 1], [1, 0]]
['Infinite family:', [0, 3, 1, 2, 4], [0, 3, 1, 4, 2], [3, 1, 0, 2, 4], [3, 1, 0, 4, 2], [0, 1], [1, 0]]
['Infinite family:', [0, 3, 2, 1, 4], [0, 3, 4, 1, 2], [3, 1, 2, 0, 4], [3, 1, 4, 0, 2], [0, 1], [1, 0]]
['Infinite family:', [0, 3, 2, 4, 1], [0, 3, 4, 2, 1], [3, 1, 2, 4, 0], [3, 1, 4, 2, 0], [0, 1], [1, 0]]
['Infinite family:', [0, 3, 1, 2, 4], [0, 3, 4, 2, 1], [2, 3, 1, 0, 4], [2, 3, 4, 0, 1], [0, 1], [1, 0]]
['Infinite family:', [0, 3, 1, 4, 2], [0, 3, 4, 1, 2], [2, 3, 1, 4, 0], [2, 3, 4, 1, 0], [0, 1], [1, 0]]
['Infinite family:', [0, 3, 2, 1, 4], [0, 3, 2, 4, 1], [2, 3, 0, 1, 4], [2, 3, 0, 4, 1], [0, 1], [1, 0]]
['Infinite family:', [0, 3, 1, 2, 4], [0, 3, 4, 2, 1], [3, 2, 1, 0, 4], [3, 2, 4, 0, 1], [0, 1], [1, 0]]
['Infinite family:', [0, 3, 1, 4, 2], [0, 3, 4, 1, 2], [3, 2, 1, 4, 0], [3, 2, 4, 1, 0], [0, 1], [1, 0]]
['Infinite family:', [0, 3, 2, 1, 4], [0, 3, 2, 4, 1], [3, 2, 0, 1, 4], [3, 2, 0, 4, 1], [0, 1], [1, 0]]
['Infinite family:', [0, 3, 1, 2, 4], [0, 3, 2, 1, 4], [3, 4, 1, 2, 0], [3, 4, 2, 1, 0], [0, 1], [1, 0]]
['Infinite family:', [0, 3, 1, 4, 2], [0, 3, 2, 4, 1], [3, 4, 1, 0, 2], [3, 4, 2, 0, 1], [0, 1], [1, 0]]
['Infinite family:', [0, 3, 4, 1, 2], [0, 3, 4, 2, 1], [3, 4, 0, 1, 2], [3, 4, 0, 2, 1], [0, 1], [1, 0]]
['Infinite family:', [0, 3, 1, 2, 4], [0, 3, 2, 1, 4], [4, 3, 1, 2, 0], [4, 3, 2, 1, 0], [0, 1], [1, 0]]
['Infinite family:', [0, 3, 1, 4, 2], [0, 3, 2, 4, 1], [4, 3, 1, 0, 2], [4, 3, 2, 0, 1], [0, 1], [1, 0]]
['Infinite family:', [0, 3, 4, 1, 2], [0, 3, 4, 2, 1], [4, 3, 0, 1, 2], [4, 3, 0, 2, 1], [0, 1], [1, 0]]
['Infinite family:', [0, 3, 1, 2, 4], [0, 4, 1, 2, 3], [1, 3, 0, 2, 4], [1, 4, 0, 2, 3], [0, 1], [1, 0]]
['Infinite family:', [0, 3, 1, 2, 4], [0, 4, 1, 3, 2], [1, 3, 0, 2, 4], [1, 4, 0, 3, 2], [0, 1], [1, 0]]
['Infinite family:', [0, 3, 1, 4, 2], [0, 4, 1, 2, 3], [1, 3, 0, 4, 2], [1, 4, 0, 2, 3], [0, 1], [1, 0]]
['Infinite family:', [0, 3, 1, 4, 2], [0, 4, 1, 3, 2], [1, 3, 0, 4, 2], [1, 4, 0, 3, 2], [0, 1], [1, 0]]
['Infinite family:', [0, 3, 1, 2, 4], [0, 4, 1, 2, 3], [1, 3, 2, 0, 4], [1, 4, 2, 0, 3], [0, 1], [1, 0]]
['Infinite family:', [0, 3, 1, 4, 2], [0, 4, 1, 3, 2], [1, 3, 2, 4, 0], [1, 4, 2, 3, 0], [0, 1], [1, 0]]
['Infinite family:', [0, 3, 2, 1, 4], [0, 4, 2, 1, 3], [1, 3, 0, 2, 4], [1, 4, 0, 2, 3], [0, 1], [1, 0]]
['Infinite family:', [0, 3, 2, 4, 1], [0, 4, 2, 3, 1], [1, 3, 0, 4, 2], [1, 4, 0, 3, 2], [0, 1], [1, 0]]
['Infinite family:', [0, 3, 2, 1, 4], [0, 4, 2, 1, 3], [1, 3, 2, 0, 4], [1, 4, 2, 0, 3], [0, 1], [1, 0]]
['Infinite family:', [0, 3, 2, 4, 1], [0, 4, 2, 3, 1], [1, 3, 2, 4, 0], [1, 4, 2, 3, 0], [0, 1], [1, 0]]
['Infinite family:', [0, 3, 2, 1, 4], [0, 4, 3, 1, 2], [1, 3, 2, 0, 4], [1, 4, 3, 0, 2], [0, 1], [1, 0]]
['Infinite family:', [0, 3, 2, 4, 1], [0, 4, 3, 2, 1], [1, 3, 2, 4, 0], [1, 4, 3, 2, 0], [0, 1], [1, 0]]
['Infinite family:', [0, 3, 4, 1, 2], [0, 4, 2, 1, 3], [1, 3, 4, 0, 2], [1, 4, 2, 0, 3], [0, 1], [1, 0]]
['Infinite family:', [0, 3, 4, 2, 1], [0, 4, 2, 3, 1], [1, 3, 4, 2, 0], [1, 4, 2, 3, 0], [0, 1], [1, 0]]
['Infinite family:', [0, 3, 4, 1, 2], [0, 4, 3, 1, 2], [1, 3, 4, 0, 2], [1, 4, 3, 0, 2], [0, 1], [1, 0]]
['Infinite family:', [0, 3, 4, 1, 2], [0, 4, 3, 1, 2], [1, 3, 4, 2, 0], [1, 4, 3, 2, 0], [0, 1], [1, 0]]
['Infinite family:', [0, 3, 4, 2, 1], [0, 4, 3, 2, 1], [1, 3, 4, 0, 2], [1, 4, 3, 0, 2], [0, 1], [1, 0]]
['Infinite family:', [0, 3, 4, 2, 1], [0, 4, 3, 2, 1], [1, 3, 4, 2, 0], [1, 4, 3, 2, 0], [0, 1], [1, 0]]
['Infinite family:', [0, 3, 1, 2, 4], [0, 4, 1, 2, 3], [2, 3, 0, 1, 4], [2, 4, 0, 1, 3], [0, 1], [1, 0]]
['Infinite family:', [0, 3, 1, 4, 2], [0, 4, 1, 3, 2], [2, 3, 0, 4, 1], [2, 4, 0, 3, 1], [0, 1], [1, 0]]
['Infinite family:', [0, 3, 1, 2, 4], [0, 4, 1, 2, 3], [2, 3, 1, 0, 4], [2, 4, 1, 0, 3], [0, 1], [1, 0]]
['Infinite family:', [0, 3, 1, 4, 2], [0, 4, 1, 3, 2], [2, 3, 1, 4, 0], [2, 4, 1, 3, 0], [0, 1], [1, 0]]
['Infinite family:', [0, 3, 1, 2, 4], [0, 4, 3, 2, 1], [2, 3, 1, 0, 4], [2, 4, 3, 0, 1], [0, 1], [1, 0]]
['Infinite family:', [0, 3, 1, 4, 2], [0, 4, 3, 1, 2], [2, 3, 1, 4, 0], [2, 4, 3, 1, 0], [0, 1], [1, 0]]
['Infinite family:', [0, 3, 2, 1, 4], [0, 4, 2, 1, 3], [2, 3, 0, 1, 4], [2, 4, 0, 1, 3], [0, 1], [1, 0]]
['Infinite family:', [0, 3, 2, 1, 4], [0, 4, 2, 3, 1], [2, 3, 0, 1, 4], [2, 4, 0, 3, 1], [0, 1], [1, 0]]
['Infinite family:', [0, 3, 2, 4, 1], [0, 4, 2, 1, 3], [2, 3, 0, 4, 1], [2, 4, 0, 1, 3], [0, 1], [1, 0]]
['Infinite family:', [0, 3, 2, 4, 1], [0, 4, 2, 3, 1], [2, 3, 0, 4, 1], [2, 4, 0, 3, 1], [0, 1], [1, 0]]
['Infinite family:', [0, 3, 2, 1, 4], [0, 4, 2, 1, 3], [2, 3, 1, 0, 4], [2, 4, 1, 0, 3], [0, 1], [1, 0]]
['Infinite family:', [0, 3, 2, 4, 1], [0, 4, 2, 3, 1], [2, 3, 1, 4, 0], [2, 4, 1, 3, 0], [0, 1], [1, 0]]
['Infinite family:', [0, 3, 4, 1, 2], [0, 4, 1, 3, 2], [2, 3, 4, 1, 0], [2, 4, 1, 3, 0], [0, 1], [1, 0]]
['Infinite family:', [0, 3, 4, 2, 1], [0, 4, 1, 2, 3], [2, 3, 4, 0, 1], [2, 4, 1, 0, 3], [0, 1], [1, 0]]
['Infinite family:', [0, 3, 4, 1, 2], [0, 4, 3, 1, 2], [2, 3, 4, 0, 1], [2, 4, 3, 0, 1], [0, 1], [1, 0]]
['Infinite family:', [0, 3, 4, 1, 2], [0, 4, 3, 1, 2], [2, 3, 4, 1, 0], [2, 4, 3, 1, 0], [0, 1], [1, 0]]
['Infinite family:', [0, 3, 4, 2, 1], [0, 4, 3, 2, 1], [2, 3, 4, 0, 1], [2, 4, 3, 0, 1], [0, 1], [1, 0]]
['Infinite family:', [0, 3, 4, 2, 1], [0, 4, 3, 2, 1], [2, 3, 4, 1, 0], [2, 4, 3, 1, 0], [0, 1], [1, 0]]
['Infinite family:', [3, 0, 1, 2, 4], [3, 0, 2, 1, 4], [4, 0, 1, 2, 3], [4, 0, 2, 1, 3], [0, 1], [1, 0]]
['Infinite family:', [3, 0, 1, 4, 2], [3, 0, 2, 4, 1], [4, 0, 1, 3, 2], [4, 0, 2, 3, 1], [0, 1], [1, 0]]
['Infinite family:', [3, 0, 4, 1, 2], [3, 0, 4, 2, 1], [4, 0, 3, 1, 2], [4, 0, 3, 2, 1], [0, 1], [1, 0]]
['Infinite family:', [3, 0, 1, 2, 4], [3, 0, 1, 4, 2], [3, 1, 0, 2, 4], [3, 1, 0, 4, 2], [0, 1], [1, 0]]
['Infinite family:', [3, 0, 2, 1, 4], [3, 0, 4, 1, 2], [3, 1, 2, 0, 4], [3, 1, 4, 0, 2], [0, 1], [1, 0]]
['Infinite family:', [3, 0, 2, 4, 1], [3, 0, 4, 2, 1], [3, 1, 2, 4, 0], [3, 1, 4, 2, 0], [0, 1], [1, 0]]
['Infinite family:', [3, 0, 1, 2, 4], [3, 0, 4, 2, 1], [3, 2, 1, 0, 4], [3, 2, 4, 0, 1], [0, 1], [1, 0]]
['Infinite family:', [3, 0, 1, 4, 2], [3, 0, 4, 1, 2], [3, 2, 1, 4, 0], [3, 2, 4, 1, 0], [0, 1], [1, 0]]
['Infinite family:', [3, 0, 2, 1, 4], [3, 0, 2, 4, 1], [3, 2, 0, 1, 4], [3, 2, 0, 4, 1], [0, 1], [1, 0]]
['Infinite family:', [3, 0, 1, 2, 4], [3, 0, 2, 1, 4], [3, 4, 1, 2, 0], [3, 4, 2, 1, 0], [0, 1], [1, 0]]
['Infinite family:', [3, 0, 1, 4, 2], [3, 0, 2, 4, 1], [3, 4, 1, 0, 2], [3, 4, 2, 0, 1], [0, 1], [1, 0]]
['Infinite family:', [3, 0, 4, 1, 2], [3, 0, 4, 2, 1], [3, 4, 0, 1, 2], [3, 4, 0, 2, 1], [0, 1], [1, 0]]
['Infinite family:', [3, 0, 1, 2, 4], [3, 0, 2, 1, 4], [4, 3, 1, 2, 0], [4, 3, 2, 1, 0], [0, 1], [1, 0]]
['Infinite family:', [3, 0, 1, 4, 2], [3, 0, 2, 4, 1], [4, 3, 1, 0, 2], [4, 3, 2, 0, 1], [0, 1], [1, 0]]
['Infinite family:', [3, 0, 4, 1, 2], [3, 0, 4, 2, 1], [4, 3, 0, 1, 2], [4, 3, 0, 2, 1], [0, 1], [1, 0]]
['Infinite family:', [3, 0, 1, 2, 4], [3, 1, 0, 2, 4], [4, 0, 1, 2, 3], [4, 1, 0, 2, 3], [0, 1], [1, 0]]
['Infinite family:', [3, 0, 1, 2, 4], [3, 1, 0, 2, 4], [4, 0, 1, 3, 2], [4, 1, 0, 3, 2], [0, 1], [1, 0]]
['Infinite family:', [3, 0, 1, 4, 2], [3, 1, 0, 4, 2], [4, 0, 1, 2, 3], [4, 1, 0, 2, 3], [0, 1], [1, 0]]
['Infinite family:', [3, 0, 1, 4, 2], [3, 1, 0, 4, 2], [4, 0, 1, 3, 2], [4, 1, 0, 3, 2], [0, 1], [1, 0]]
['Infinite family:', [3, 0, 1, 2, 4], [3, 1, 2, 0, 4], [4, 0, 1, 2, 3], [4, 1, 2, 0, 3], [0, 1], [1, 0]]
['Infinite family:', [3, 0, 1, 4, 2], [3, 1, 2, 4, 0], [4, 0, 1, 3, 2], [4, 1, 2, 3, 0], [0, 1], [1, 0]]
['Infinite family:', [3, 0, 2, 1, 4], [3, 1, 0, 2, 4], [4, 0, 2, 1, 3], [4, 1, 0, 2, 3], [0, 1], [1, 0]]
['Infinite family:', [3, 0, 2, 4, 1], [3, 1, 0, 4, 2], [4, 0, 2, 3, 1], [4, 1, 0, 3, 2], [0, 1], [1, 0]]
['Infinite family:', [3, 0, 2, 1, 4], [3, 1, 2, 0, 4], [4, 0, 2, 1, 3], [4, 1, 2, 0, 3], [0, 1], [1, 0]]
['Infinite family:', [3, 0, 2, 4, 1], [3, 1, 2, 4, 0], [4, 0, 2, 3, 1], [4, 1, 2, 3, 0], [0, 1], [1, 0]]
['Infinite family:', [3, 0, 2, 1, 4], [3, 1, 2, 0, 4], [4, 0, 3, 1, 2], [4, 1, 3, 0, 2], [0, 1], [1, 0]]
['Infinite family:', [3, 0, 2, 4, 1], [3, 1, 2, 4, 0], [4, 0, 3, 2, 1], [4, 1, 3, 2, 0], [0, 1], [1, 0]]
['Infinite family:', [3, 0, 4, 1, 2], [3, 1, 4, 0, 2], [4, 0, 2, 1, 3], [4, 1, 2, 0, 3], [0, 1], [1, 0]]
['Infinite family:', [3, 0, 4, 2, 1], [3, 1, 4, 2, 0], [4, 0, 2, 3, 1], [4, 1, 2, 3, 0], [0, 1], [1, 0]]
['Infinite family:', [3, 0, 4, 1, 2], [3, 1, 4, 0, 2], [4, 0, 3, 1, 2], [4, 1, 3, 0, 2], [0, 1], [1, 0]]
['Infinite family:', [3, 0, 4, 1, 2], [3, 1, 4, 2, 0], [4, 0, 3, 1, 2], [4, 1, 3, 2, 0], [0, 1], [1, 0]]
['Infinite family:', [3, 0, 4, 2, 1], [3, 1, 4, 0, 2], [4, 0, 3, 2, 1], [4, 1, 3, 0, 2], [0, 1], [1, 0]]
['Infinite family:', [3, 0, 4, 2, 1], [3, 1, 4, 2, 0], [4, 0, 3, 2, 1], [4, 1, 3, 2, 0], [0, 1], [1, 0]]
['Infinite family:', [3, 0, 1, 2, 4], [3, 2, 0, 1, 4], [4, 0, 1, 2, 3], [4, 2, 0, 1, 3], [0, 1], [1, 0]]
['Infinite family:', [3, 0, 1, 4, 2], [3, 2, 0, 4, 1], [4, 0, 1, 3, 2], [4, 2, 0, 3, 1], [0, 1], [1, 0]]
['Infinite family:', [3, 0, 1, 2, 4], [3, 2, 1, 0, 4], [4, 0, 1, 2, 3], [4, 2, 1, 0, 3], [0, 1], [1, 0]]
['Infinite family:', [3, 0, 1, 4, 2], [3, 2, 1, 4, 0], [4, 0, 1, 3, 2], [4, 2, 1, 3, 0], [0, 1], [1, 0]]
['Infinite family:', [3, 0, 1, 2, 4], [3, 2, 1, 0, 4], [4, 0, 3, 2, 1], [4, 2, 3, 0, 1], [0, 1], [1, 0]]
['Infinite family:', [3, 0, 1, 4, 2], [3, 2, 1, 4, 0], [4, 0, 3, 1, 2], [4, 2, 3, 1, 0], [0, 1], [1, 0]]
['Infinite family:', [3, 0, 2, 1, 4], [3, 2, 0, 1, 4], [4, 0, 2, 1, 3], [4, 2, 0, 1, 3], [0, 1], [1, 0]]
['Infinite family:', [3, 0, 2, 1, 4], [3, 2, 0, 1, 4], [4, 0, 2, 3, 1], [4, 2, 0, 3, 1], [0, 1], [1, 0]]
['Infinite family:', [3, 0, 2, 4, 1], [3, 2, 0, 4, 1], [4, 0, 2, 1, 3], [4, 2, 0, 1, 3], [0, 1], [1, 0]]
['Infinite family:', [3, 0, 2, 4, 1], [3, 2, 0, 4, 1], [4, 0, 2, 3, 1], [4, 2, 0, 3, 1], [0, 1], [1, 0]]
['Infinite family:', [3, 0, 2, 1, 4], [3, 2, 1, 0, 4], [4, 0, 2, 1, 3], [4, 2, 1, 0, 3], [0, 1], [1, 0]]
['Infinite family:', [3, 0, 2, 4, 1], [3, 2, 1, 4, 0], [4, 0, 2, 3, 1], [4, 2, 1, 3, 0], [0, 1], [1, 0]]
['Infinite family:', [3, 0, 4, 1, 2], [3, 2, 4, 1, 0], [4, 0, 1, 3, 2], [4, 2, 1, 3, 0], [0, 1], [1, 0]]
['Infinite family:', [3, 0, 4, 2, 1], [3, 2, 4, 0, 1], [4, 0, 1, 2, 3], [4, 2, 1, 0, 3], [0, 1], [1, 0]]
['Infinite family:', [3, 0, 4, 1, 2], [3, 2, 4, 0, 1], [4, 0, 3, 1, 2], [4, 2, 3, 0, 1], [0, 1], [1, 0]]
['Infinite family:', [3, 0, 4, 1, 2], [3, 2, 4, 1, 0], [4, 0, 3, 1, 2], [4, 2, 3, 1, 0], [0, 1], [1, 0]]
['Infinite family:', [3, 0, 4, 2, 1], [3, 2, 4, 0, 1], [4, 0, 3, 2, 1], [4, 2, 3, 0, 1], [0, 1], [1, 0]]
['Infinite family:', [3, 0, 4, 2, 1], [3, 2, 4, 1, 0], [4, 0, 3, 2, 1], [4, 2, 3, 1, 0], [0, 1], [1, 0]]
['Infinite family:', [0, 4, 1, 2, 3], [0, 4, 1, 3, 2], [1, 0, 4, 2, 3], [1, 0, 4, 3, 2], [0, 1], [1, 0]]
['Infinite family:', [0, 4, 2, 1, 3], [0, 4, 3, 1, 2], [1, 0, 2, 4, 3], [1, 0, 3, 4, 2], [0, 1], [1, 0]]
['Infinite family:', [0, 4, 2, 3, 1], [0, 4, 3, 2, 1], [1, 0, 2, 3, 4], [1, 0, 3, 2, 4], [0, 1], [1, 0]]
['Infinite family:', [0, 4, 1, 2, 3], [0, 4, 3, 2, 1], [2, 0, 1, 4, 3], [2, 0, 3, 4, 1], [0, 1], [1, 0]]
['Infinite family:', [0, 4, 1, 3, 2], [0, 4, 3, 1, 2], [2, 0, 1, 3, 4], [2, 0, 3, 1, 4], [0, 1], [1, 0]]
['Infinite family:', [0, 4, 2, 1, 3], [0, 4, 2, 3, 1], [2, 0, 4, 1, 3], [2, 0, 4, 3, 1], [0, 1], [1, 0]]
['Infinite family:', [0, 4, 1, 2, 3], [0, 4, 2, 1, 3], [3, 0, 1, 2, 4], [3, 0, 2, 1, 4], [0, 1], [1, 0]]
['Infinite family:', [0, 4, 1, 3, 2], [0, 4, 2, 3, 1], [3, 0, 1, 4, 2], [3, 0, 2, 4, 1], [0, 1], [1, 0]]
['Infinite family:', [0, 4, 3, 1, 2], [0, 4, 3, 2, 1], [3, 0, 4, 1, 2], [3, 0, 4, 2, 1], [0, 1], [1, 0]]
['Infinite family:', [0, 4, 1, 2, 3], [0, 4, 1, 3, 2], [4, 0, 1, 2, 3], [4, 0, 1, 3, 2], [0, 1], [1, 0]]
['Infinite family:', [0, 4, 1, 2, 3], [0, 4, 2, 1, 3], [4, 0, 1, 2, 3], [4, 0, 2, 1, 3], [0, 1], [1, 0]]
['Infinite family:', [0, 4, 1, 2, 3], [0, 4, 2, 3, 1], [4, 0, 1, 2, 3], [4, 0, 2, 3, 1], [0, 1], [1, 0]]
['Infinite family:', [0, 4, 1, 3, 2], [0, 4, 2, 1, 3], [4, 0, 1, 3, 2], [4, 0, 2, 1, 3], [0, 1], [1, 0]]
['Infinite family:', [0, 4, 1, 3, 2], [0, 4, 2, 3, 1], [4, 0, 1, 3, 2], [4, 0, 2, 3, 1], [0, 1], [1, 0]]
['Infinite family:', [0, 4, 1, 2, 3], [0, 4, 3, 1, 2], [4, 0, 1, 2, 3], [4, 0, 3, 1, 2], [0, 1], [1, 0]]
['Infinite family:', [0, 4, 1, 2, 3], [0, 4, 3, 2, 1], [4, 0, 1, 2, 3], [4, 0, 3, 2, 1], [0, 1], [1, 0]]
['Infinite family:', [0, 4, 1, 3, 2], [0, 4, 3, 1, 2], [4, 0, 1, 3, 2], [4, 0, 3, 1, 2], [0, 1], [1, 0]]
['Infinite family:', [0, 4, 1, 3, 2], [0, 4, 3, 2, 1], [4, 0, 1, 3, 2], [4, 0, 3, 2, 1], [0, 1], [1, 0]]
['Infinite family:', [0, 4, 2, 1, 3], [0, 4, 2, 3, 1], [4, 0, 2, 1, 3], [4, 0, 2, 3, 1], [0, 1], [1, 0]]
['Infinite family:', [0, 4, 2, 1, 3], [0, 4, 3, 1, 2], [4, 0, 2, 1, 3], [4, 0, 3, 1, 2], [0, 1], [1, 0]]
['Infinite family:', [0, 4, 2, 1, 3], [0, 4, 3, 2, 1], [4, 0, 2, 1, 3], [4, 0, 3, 2, 1], [0, 1], [1, 0]]
['Infinite family:', [0, 4, 2, 3, 1], [0, 4, 3, 1, 2], [4, 0, 2, 3, 1], [4, 0, 3, 1, 2], [0, 1], [1, 0]]
['Infinite family:', [0, 4, 2, 3, 1], [0, 4, 3, 2, 1], [4, 0, 2, 3, 1], [4, 0, 3, 2, 1], [0, 1], [1, 0]]
['Infinite family:', [0, 4, 3, 1, 2], [0, 4, 3, 2, 1], [4, 0, 3, 1, 2], [4, 0, 3, 2, 1], [0, 1], [1, 0]]
['Infinite family:', [0, 4, 1, 2, 3], [0, 4, 1, 3, 2], [1, 4, 0, 2, 3], [1, 4, 0, 3, 2], [0, 1], [1, 0]]
['Infinite family:', [0, 4, 2, 1, 3], [0, 4, 3, 1, 2], [1, 4, 2, 0, 3], [1, 4, 3, 0, 2], [0, 1], [1, 0]]
['Infinite family:', [0, 4, 2, 3, 1], [0, 4, 3, 2, 1], [1, 4, 2, 3, 0], [1, 4, 3, 2, 0], [0, 1], [1, 0]]
['Infinite family:', [0, 4, 1, 2, 3], [0, 4, 1, 3, 2], [4, 1, 0, 2, 3], [4, 1, 0, 3, 2], [0, 1], [1, 0]]
['Infinite family:', [0, 4, 2, 1, 3], [0, 4, 3, 1, 2], [4, 1, 2, 0, 3], [4, 1, 3, 0, 2], [0, 1], [1, 0]]
['Infinite family:', [0, 4, 2, 3, 1], [0, 4, 3, 2, 1], [4, 1, 2, 3, 0], [4, 1, 3, 2, 0], [0, 1], [1, 0]]
['Infinite family:', [0, 4, 1, 2, 3], [0, 4, 3, 2, 1], [2, 4, 1, 0, 3], [2, 4, 3, 0, 1], [0, 1], [1, 0]]
['Infinite family:', [0, 4, 1, 3, 2], [0, 4, 3, 1, 2], [2, 4, 1, 3, 0], [2, 4, 3, 1, 0], [0, 1], [1, 0]]
['Infinite family:', [0, 4, 2, 1, 3], [0, 4, 2, 3, 1], [2, 4, 0, 1, 3], [2, 4, 0, 3, 1], [0, 1], [1, 0]]
['Infinite family:', [0, 4, 1, 2, 3], [0, 4, 3, 2, 1], [4, 2, 1, 0, 3], [4, 2, 3, 0, 1], [0, 1], [1, 0]]
['Infinite family:', [0, 4, 1, 3, 2], [0, 4, 3, 1, 2], [4, 2, 1, 3, 0], [4, 2, 3, 1, 0], [0, 1], [1, 0]]
['Infinite family:', [0, 4, 2, 1, 3], [0, 4, 2, 3, 1], [4, 2, 0, 1, 3], [4, 2, 0, 3, 1], [0, 1], [1, 0]]
['Infinite family:', [0, 4, 1, 2, 3], [0, 4, 2, 1, 3], [3, 4, 1, 2, 0], [3, 4, 2, 1, 0], [0, 1], [1, 0]]
['Infinite family:', [0, 4, 1, 3, 2], [0, 4, 2, 3, 1], [3, 4, 1, 0, 2], [3, 4, 2, 0, 1], [0, 1], [1, 0]]
['Infinite family:', [0, 4, 3, 1, 2], [0, 4, 3, 2, 1], [3, 4, 0, 1, 2], [3, 4, 0, 2, 1], [0, 1], [1, 0]]
['Infinite family:', [0, 4, 1, 2, 3], [0, 4, 2, 1, 3], [4, 3, 1, 2, 0], [4, 3, 2, 1, 0], [0, 1], [1, 0]]
['Infinite family:', [0, 4, 1, 3, 2], [0, 4, 2, 3, 1], [4, 3, 1, 0, 2], [4, 3, 2, 0, 1], [0, 1], [1, 0]]
['Infinite family:', [0, 4, 3, 1, 2], [0, 4, 3, 2, 1], [4, 3, 0, 1, 2], [4, 3, 0, 2, 1], [0, 1], [1, 0]]
['Infinite family:', [4, 0, 1, 2, 3], [4, 0, 1, 3, 2], [4, 1, 0, 2, 3], [4, 1, 0, 3, 2], [0, 1], [1, 0]]
['Infinite family:', [4, 0, 2, 1, 3], [4, 0, 3, 1, 2], [4, 1, 2, 0, 3], [4, 1, 3, 0, 2], [0, 1], [1, 0]]
['Infinite family:', [4, 0, 2, 3, 1], [4, 0, 3, 2, 1], [4, 1, 2, 3, 0], [4, 1, 3, 2, 0], [0, 1], [1, 0]]
['Infinite family:', [4, 0, 1, 2, 3], [4, 0, 3, 2, 1], [4, 2, 1, 0, 3], [4, 2, 3, 0, 1], [0, 1], [1, 0]]
['Infinite family:', [4, 0, 1, 3, 2], [4, 0, 3, 1, 2], [4, 2, 1, 3, 0], [4, 2, 3, 1, 0], [0, 1], [1, 0]]
['Infinite family:', [4, 0, 2, 1, 3], [4, 0, 2, 3, 1], [4, 2, 0, 1, 3], [4, 2, 0, 3, 1], [0, 1], [1, 0]]
['Infinite family:', [4, 0, 1, 2, 3], [4, 0, 2, 1, 3], [4, 3, 1, 2, 0], [4, 3, 2, 1, 0], [0, 1], [1, 0]]
['Infinite family:', [4, 0, 1, 3, 2], [4, 0, 2, 3, 1], [4, 3, 1, 0, 2], [4, 3, 2, 0, 1], [0, 1], [1, 0]]
['Infinite family:', [4, 0, 3, 1, 2], [4, 0, 3, 2, 1], [4, 3, 0, 1, 2], [4, 3, 0, 2, 1], [0, 1], [1, 0]]
['Infinite family:', [1, 2, 0, 3, 4], [1, 2, 0, 4, 3], [2, 0, 1, 3, 4], [2, 0, 1, 4, 3], [0, 1], [1, 0]]
['Infinite family:', [1, 2, 3, 0, 4], [1, 2, 4, 0, 3], [2, 0, 3, 1, 4], [2, 0, 4, 1, 3], [0, 1], [1, 0]]
['Infinite family:', [1, 2, 3, 4, 0], [1, 2, 4, 3, 0], [2, 0, 3, 4, 1], [2, 0, 4, 3, 1], [0, 1], [1, 0]]
['Infinite family:', [1, 2, 0, 3, 4], [1, 2, 0, 4, 3], [2, 1, 0, 3, 4], [2, 1, 0, 4, 3], [0, 1], [1, 0]]
['Infinite family:', [1, 2, 0, 3, 4], [1, 2, 3, 0, 4], [2, 1, 0, 3, 4], [2, 1, 3, 0, 4], [0, 1], [1, 0]]
['Infinite family:', [1, 2, 0, 3, 4], [1, 2, 3, 4, 0], [2, 1, 0, 3, 4], [2, 1, 3, 4, 0], [0, 1], [1, 0]]
['Infinite family:', [1, 2, 0, 4, 3], [1, 2, 3, 0, 4], [2, 1, 0, 4, 3], [2, 1, 3, 0, 4], [0, 1], [1, 0]]
['Infinite family:', [1, 2, 0, 4, 3], [1, 2, 3, 4, 0], [2, 1, 0, 4, 3], [2, 1, 3, 4, 0], [0, 1], [1, 0]]
['Infinite family:', [1, 2, 0, 3, 4], [1, 2, 4, 0, 3], [2, 1, 0, 3, 4], [2, 1, 4, 0, 3], [0, 1], [1, 0]]
['Infinite family:', [1, 2, 0, 3, 4], [1, 2, 4, 3, 0], [2, 1, 0, 3, 4], [2, 1, 4, 3, 0], [0, 1], [1, 0]]
['Infinite family:', [1, 2, 0, 4, 3], [1, 2, 4, 0, 3], [2, 1, 0, 4, 3], [2, 1, 4, 0, 3], [0, 1], [1, 0]]
['Infinite family:', [1, 2, 0, 4, 3], [1, 2, 4, 3, 0], [2, 1, 0, 4, 3], [2, 1, 4, 3, 0], [0, 1], [1, 0]]
['Infinite family:', [1, 2, 3, 0, 4], [1, 2, 3, 4, 0], [2, 1, 3, 0, 4], [2, 1, 3, 4, 0], [0, 1], [1, 0]]
['Infinite family:', [1, 2, 3, 0, 4], [1, 2, 4, 0, 3], [2, 1, 3, 0, 4], [2, 1, 4, 0, 3], [0, 1], [1, 0]]
['Infinite family:', [1, 2, 3, 0, 4], [1, 2, 4, 3, 0], [2, 1, 3, 0, 4], [2, 1, 4, 3, 0], [0, 1], [1, 0]]
['Infinite family:', [1, 2, 3, 4, 0], [1, 2, 4, 0, 3], [2, 1, 3, 4, 0], [2, 1, 4, 0, 3], [0, 1], [1, 0]]
['Infinite family:', [1, 2, 3, 4, 0], [1, 2, 4, 3, 0], [2, 1, 3, 4, 0], [2, 1, 4, 3, 0], [0, 1], [1, 0]]
['Infinite family:', [1, 2, 4, 0, 3], [1, 2, 4, 3, 0], [2, 1, 4, 0, 3], [2, 1, 4, 3, 0], [0, 1], [1, 0]]
['Infinite family:', [1, 2, 0, 3, 4], [1, 2, 4, 3, 0], [1, 3, 0, 2, 4], [1, 3, 4, 2, 0], [0, 1], [1, 0]]
['Infinite family:', [1, 2, 0, 4, 3], [1, 2, 4, 0, 3], [1, 3, 0, 4, 2], [1, 3, 4, 0, 2], [0, 1], [1, 0]]
['Infinite family:', [1, 2, 3, 0, 4], [1, 2, 3, 4, 0], [1, 3, 2, 0, 4], [1, 3, 2, 4, 0], [0, 1], [1, 0]]
['Infinite family:', [1, 2, 0, 3, 4], [1, 2, 4, 3, 0], [3, 1, 0, 2, 4], [3, 1, 4, 2, 0], [0, 1], [1, 0]]
['Infinite family:', [1, 2, 0, 4, 3], [1, 2, 4, 0, 3], [3, 1, 0, 4, 2], [3, 1, 4, 0, 2], [0, 1], [1, 0]]
['Infinite family:', [1, 2, 3, 0, 4], [1, 2, 3, 4, 0], [3, 1, 2, 0, 4], [3, 1, 2, 4, 0], [0, 1], [1, 0]]
['Infinite family:', [1, 2, 0, 3, 4], [1, 2, 3, 0, 4], [1, 4, 0, 3, 2], [1, 4, 3, 0, 2], [0, 1], [1, 0]]
['Infinite family:', [1, 2, 0, 4, 3], [1, 2, 3, 4, 0], [1, 4, 0, 2, 3], [1, 4, 3, 2, 0], [0, 1], [1, 0]]
['Infinite family:', [1, 2, 4, 0, 3], [1, 2, 4, 3, 0], [1, 4, 2, 0, 3], [1, 4, 2, 3, 0], [0, 1], [1, 0]]
['Infinite family:', [1, 2, 0, 3, 4], [1, 2, 3, 0, 4], [4, 1, 0, 3, 2], [4, 1, 3, 0, 2], [0, 1], [1, 0]]
['Infinite family:', [1, 2, 0, 4, 3], [1, 2, 3, 4, 0], [4, 1, 0, 2, 3], [4, 1, 3, 2, 0], [0, 1], [1, 0]]
['Infinite family:', [1, 2, 4, 0, 3], [1, 2, 4, 3, 0], [4, 1, 2, 0, 3], [4, 1, 2, 3, 0], [0, 1], [1, 0]]
['Infinite family:', [1, 2, 0, 3, 4], [1, 2, 4, 3, 0], [2, 3, 0, 1, 4], [2, 3, 4, 1, 0], [0, 1], [1, 0]]
['Infinite family:', [1, 2, 0, 4, 3], [1, 2, 4, 0, 3], [2, 3, 0, 4, 1], [2, 3, 4, 0, 1], [0, 1], [1, 0]]
['Infinite family:', [1, 2, 3, 0, 4], [1, 2, 3, 4, 0], [2, 3, 1, 0, 4], [2, 3, 1, 4, 0], [0, 1], [1, 0]]
['Infinite family:', [1, 2, 0, 3, 4], [1, 2, 4, 3, 0], [3, 2, 0, 1, 4], [3, 2, 4, 1, 0], [0, 1], [1, 0]]
['Infinite family:', [1, 2, 0, 4, 3], [1, 2, 4, 0, 3], [3, 2, 0, 4, 1], [3, 2, 4, 0, 1], [0, 1], [1, 0]]
['Infinite family:', [1, 2, 3, 0, 4], [1, 2, 3, 4, 0], [3, 2, 1, 0, 4], [3, 2, 1, 4, 0], [0, 1], [1, 0]]
['Infinite family:', [1, 2, 0, 3, 4], [1, 2, 3, 0, 4], [2, 4, 0, 3, 1], [2, 4, 3, 0, 1], [0, 1], [1, 0]]
['Infinite family:', [1, 2, 0, 4, 3], [1, 2, 3, 4, 0], [2, 4, 0, 1, 3], [2, 4, 3, 1, 0], [0, 1], [1, 0]]
['Infinite family:', [1, 2, 4, 0, 3], [1, 2, 4, 3, 0], [2, 4, 1, 0, 3], [2, 4, 1, 3, 0], [0, 1], [1, 0]]
['Infinite family:', [1, 2, 0, 3, 4], [1, 2, 3, 0, 4], [4, 2, 0, 3, 1], [4, 2, 3, 0, 1], [0, 1], [1, 0]]
['Infinite family:', [1, 2, 0, 4, 3], [1, 2, 3, 4, 0], [4, 2, 0, 1, 3], [4, 2, 3, 1, 0], [0, 1], [1, 0]]
['Infinite family:', [1, 2, 4, 0, 3], [1, 2, 4, 3, 0], [4, 2, 1, 0, 3], [4, 2, 1, 3, 0], [0, 1], [1, 0]]
['Infinite family:', [1, 2, 0, 3, 4], [1, 3, 0, 2, 4], [4, 2, 0, 3, 1], [4, 3, 0, 2, 1], [0, 1], [1, 0]]
['Infinite family:', [1, 2, 0, 4, 3], [1, 3, 0, 4, 2], [4, 2, 0, 1, 3], [4, 3, 0, 1, 2], [0, 1], [1, 0]]
['Infinite family:', [1, 2, 0, 3, 4], [1, 3, 0, 2, 4], [4, 2, 1, 3, 0], [4, 3, 1, 2, 0], [0, 1], [1, 0]]
['Infinite family:', [1, 2, 0, 4, 3], [1, 3, 0, 4, 2], [4, 2, 1, 0, 3], [4, 3, 1, 0, 2], [0, 1], [1, 0]]
['Infinite family:', [1, 2, 0, 3, 4], [1, 3, 2, 0, 4], [4, 2, 0, 3, 1], [4, 3, 2, 0, 1], [0, 1], [1, 0]]
['Infinite family:', [1, 2, 0, 4, 3], [1, 3, 2, 4, 0], [4, 2, 0, 1, 3], [4, 3, 2, 1, 0], [0, 1], [1, 0]]
['Infinite family:', [1, 2, 3, 0, 4], [1, 3, 0, 2, 4], [4, 2, 3, 0, 1], [4, 3, 0, 2, 1], [0, 1], [1, 0]]
['Infinite family:', [1, 2, 3, 4, 0], [1, 3, 0, 4, 2], [4, 2, 3, 1, 0], [4, 3, 0, 1, 2], [0, 1], [1, 0]]
['Infinite family:', [1, 2, 3, 0, 4], [1, 3, 2, 0, 4], [4, 2, 3, 0, 1], [4, 3, 2, 0, 1], [0, 1], [1, 0]]
['Infinite family:', [1, 2, 3, 0, 4], [1, 3, 2, 0, 4], [4, 2, 3, 1, 0], [4, 3, 2, 1, 0], [0, 1], [1, 0]]
['Infinite family:', [1, 2, 3, 4, 0], [1, 3, 2, 4, 0], [4, 2, 3, 0, 1], [4, 3, 2, 0, 1], [0, 1], [1, 0]]
['Infinite family:', [1, 2, 3, 4, 0], [1, 3, 2, 4, 0], [4, 2, 3, 1, 0], [4, 3, 2, 1, 0], [0, 1], [1, 0]]
['Infinite family:', [1, 2, 4, 0, 3], [1, 3, 4, 0, 2], [4, 2, 0, 1, 3], [4, 3, 0, 1, 2], [0, 1], [1, 0]]
['Infinite family:', [1, 2, 4, 3, 0], [1, 3, 4, 2, 0], [4, 2, 0, 3, 1], [4, 3, 0, 2, 1], [0, 1], [1, 0]]
['Infinite family:', [1, 2, 4, 0, 3], [1, 3, 4, 0, 2], [4, 2, 1, 0, 3], [4, 3, 1, 0, 2], [0, 1], [1, 0]]
['Infinite family:', [1, 2, 4, 0, 3], [1, 3, 4, 2, 0], [4, 2, 1, 0, 3], [4, 3, 1, 2, 0], [0, 1], [1, 0]]
['Infinite family:', [1, 2, 4, 3, 0], [1, 3, 4, 0, 2], [4, 2, 1, 3, 0], [4, 3, 1, 0, 2], [0, 1], [1, 0]]
['Infinite family:', [1, 2, 4, 3, 0], [1, 3, 4, 2, 0], [4, 2, 1, 3, 0], [4, 3, 1, 2, 0], [0, 1], [1, 0]]
['Infinite family:', [1, 2, 0, 3, 4], [1, 4, 0, 3, 2], [3, 2, 0, 1, 4], [3, 4, 0, 1, 2], [0, 1], [1, 0]]
['Infinite family:', [1, 2, 0, 4, 3], [1, 4, 0, 2, 3], [3, 2, 0, 4, 1], [3, 4, 0, 2, 1], [0, 1], [1, 0]]
['Infinite family:', [1, 2, 0, 3, 4], [1, 4, 0, 3, 2], [3, 2, 1, 0, 4], [3, 4, 1, 0, 2], [0, 1], [1, 0]]
['Infinite family:', [1, 2, 0, 4, 3], [1, 4, 0, 2, 3], [3, 2, 1, 4, 0], [3, 4, 1, 2, 0], [0, 1], [1, 0]]
['Infinite family:', [1, 2, 0, 3, 4], [1, 4, 2, 3, 0], [3, 2, 0, 1, 4], [3, 4, 2, 1, 0], [0, 1], [1, 0]]
['Infinite family:', [1, 2, 0, 4, 3], [1, 4, 2, 0, 3], [3, 2, 0, 4, 1], [3, 4, 2, 0, 1], [0, 1], [1, 0]]
['Infinite family:', [1, 2, 3, 0, 4], [1, 4, 3, 0, 2], [3, 2, 0, 1, 4], [3, 4, 0, 1, 2], [0, 1], [1, 0]]
['Infinite family:', [1, 2, 3, 4, 0], [1, 4, 3, 2, 0], [3, 2, 0, 4, 1], [3, 4, 0, 2, 1], [0, 1], [1, 0]]
['Infinite family:', [1, 2, 3, 0, 4], [1, 4, 3, 0, 2], [3, 2, 1, 0, 4], [3, 4, 1, 0, 2], [0, 1], [1, 0]]
['Infinite family:', [1, 2, 3, 0, 4], [1, 4, 3, 2, 0], [3, 2, 1, 0, 4], [3, 4, 1, 2, 0], [0, 1], [1, 0]]
['Infinite family:', [1, 2, 3, 4, 0], [1, 4, 3, 0, 2], [3, 2, 1, 4, 0], [3, 4, 1, 0, 2], [0, 1], [1, 0]]
['Infinite family:', [1, 2, 3, 4, 0], [1, 4, 3, 2, 0], [3, 2, 1, 4, 0], [3, 4, 1, 2, 0], [0, 1], [1, 0]]
['Infinite family:', [1, 2, 4, 0, 3], [1, 4, 0, 2, 3], [3, 2, 4, 0, 1], [3, 4, 0, 2, 1], [0, 1], [1, 0]]
['Infinite family:', [1, 2, 4, 3, 0], [1, 4, 0, 3, 2], [3, 2, 4, 1, 0], [3, 4, 0, 1, 2], [0, 1], [1, 0]]
['Infinite family:', [1, 2, 4, 0, 3], [1, 4, 2, 0, 3], [3, 2, 4, 0, 1], [3, 4, 2, 0, 1], [0, 1], [1, 0]]
['Infinite family:', [1, 2, 4, 0, 3], [1, 4, 2, 0, 3], [3, 2, 4, 1, 0], [3, 4, 2, 1, 0], [0, 1], [1, 0]]
['Infinite family:', [1, 2, 4, 3, 0], [1, 4, 2, 3, 0], [3, 2, 4, 0, 1], [3, 4, 2, 0, 1], [0, 1], [1, 0]]
['Infinite family:', [1, 2, 4, 3, 0], [1, 4, 2, 3, 0], [3, 2, 4, 1, 0], [3, 4, 2, 1, 0], [0, 1], [1, 0]]
['Infinite family:', [2, 1, 0, 3, 4], [2, 1, 4, 3, 0], [3, 1, 0, 2, 4], [3, 1, 4, 2, 0], [0, 1], [1, 0]]
['Infinite family:', [2, 1, 0, 4, 3], [2, 1, 4, 0, 3], [3, 1, 0, 4, 2], [3, 1, 4, 0, 2], [0, 1], [1, 0]]
['Infinite family:', [2, 1, 3, 0, 4], [2, 1, 3, 4, 0], [3, 1, 2, 0, 4], [3, 1, 2, 4, 0], [0, 1], [1, 0]]
['Infinite family:', [2, 1, 0, 3, 4], [2, 1, 3, 0, 4], [4, 1, 0, 3, 2], [4, 1, 3, 0, 2], [0, 1], [1, 0]]
['Infinite family:', [2, 1, 0, 4, 3], [2, 1, 3, 4, 0], [4, 1, 0, 2, 3], [4, 1, 3, 2, 0], [0, 1], [1, 0]]
['Infinite family:', [2, 1, 4, 0, 3], [2, 1, 4, 3, 0], [4, 1, 2, 0, 3], [4, 1, 2, 3, 0], [0, 1], [1, 0]]
['Infinite family:', [2, 1, 0, 3, 4], [2, 1, 4, 3, 0], [2, 3, 0, 1, 4], [2, 3, 4, 1, 0], [0, 1], [1, 0]]
['Infinite family:', [2, 1, 0, 4, 3], [2, 1, 4, 0, 3], [2, 3, 0, 4, 1], [2, 3, 4, 0, 1], [0, 1], [1, 0]]
['Infinite family:', [2, 1, 3, 0, 4], [2, 1, 3, 4, 0], [2, 3, 1, 0, 4], [2, 3, 1, 4, 0], [0, 1], [1, 0]]
['Infinite family:', [2, 1, 0, 3, 4], [2, 1, 4, 3, 0], [3, 2, 0, 1, 4], [3, 2, 4, 1, 0], [0, 1], [1, 0]]
['Infinite family:', [2, 1, 0, 4, 3], [2, 1, 4, 0, 3], [3, 2, 0, 4, 1], [3, 2, 4, 0, 1], [0, 1], [1, 0]]
['Infinite family:', [2, 1, 3, 0, 4], [2, 1, 3, 4, 0], [3, 2, 1, 0, 4], [3, 2, 1, 4, 0], [0, 1], [1, 0]]
['Infinite family:', [2, 1, 0, 3, 4], [2, 1, 3, 0, 4], [2, 4, 0, 3, 1], [2, 4, 3, 0, 1], [0, 1], [1, 0]]
['Infinite family:', [2, 1, 0, 4, 3], [2, 1, 3, 4, 0], [2, 4, 0, 1, 3], [2, 4, 3, 1, 0], [0, 1], [1, 0]]
['Infinite family:', [2, 1, 4, 0, 3], [2, 1, 4, 3, 0], [2, 4, 1, 0, 3], [2, 4, 1, 3, 0], [0, 1], [1, 0]]
['Infinite family:', [2, 1, 0, 3, 4], [2, 1, 3, 0, 4], [4, 2, 0, 3, 1], [4, 2, 3, 0, 1], [0, 1], [1, 0]]
['Infinite family:', [2, 1, 0, 4, 3], [2, 1, 3, 4, 0], [4, 2, 0, 1, 3], [4, 2, 3, 1, 0], [0, 1], [1, 0]]
['Infinite family:', [2, 1, 4, 0, 3], [2, 1, 4, 3, 0], [4, 2, 1, 0, 3], [4, 2, 1, 3, 0], [0, 1], [1, 0]]
['Infinite family:', [2, 1, 0, 3, 4], [2, 3, 0, 1, 4], [4, 1, 0, 3, 2], [4, 3, 0, 1, 2], [0, 1], [1, 0]]
['Infinite family:', [2, 1, 0, 4, 3], [2, 3, 0, 4, 1], [4, 1, 0, 2, 3], [4, 3, 0, 2, 1], [0, 1], [1, 0]]
['Infinite family:', [2, 1, 0, 3, 4], [2, 3, 0, 1, 4], [4, 1, 2, 3, 0], [4, 3, 2, 1, 0], [0, 1], [1, 0]]
['Infinite family:', [2, 1, 0, 4, 3], [2, 3, 0, 4, 1], [4, 1, 2, 0, 3], [4, 3, 2, 0, 1], [0, 1], [1, 0]]
['Infinite family:', [2, 1, 0, 3, 4], [2, 3, 1, 0, 4], [4, 1, 0, 3, 2], [4, 3, 1, 0, 2], [0, 1], [1, 0]]
['Infinite family:', [2, 1, 0, 4, 3], [2, 3, 1, 4, 0], [4, 1, 0, 2, 3], [4, 3, 1, 2, 0], [0, 1], [1, 0]]
['Infinite family:', [2, 1, 3, 0, 4], [2, 3, 0, 1, 4], [4, 1, 3, 0, 2], [4, 3, 0, 1, 2], [0, 1], [1, 0]]
['Infinite family:', [2, 1, 3, 4, 0], [2, 3, 0, 4, 1], [4, 1, 3, 2, 0], [4, 3, 0, 2, 1], [0, 1], [1, 0]]
['Infinite family:', [2, 1, 3, 0, 4], [2, 3, 1, 0, 4], [4, 1, 3, 0, 2], [4, 3, 1, 0, 2], [0, 1], [1, 0]]
['Infinite family:', [2, 1, 3, 0, 4], [2, 3, 1, 0, 4], [4, 1, 3, 2, 0], [4, 3, 1, 2, 0], [0, 1], [1, 0]]
['Infinite family:', [2, 1, 3, 4, 0], [2, 3, 1, 4, 0], [4, 1, 3, 0, 2], [4, 3, 1, 0, 2], [0, 1], [1, 0]]
['Infinite family:', [2, 1, 3, 4, 0], [2, 3, 1, 4, 0], [4, 1, 3, 2, 0], [4, 3, 1, 2, 0], [0, 1], [1, 0]]
['Infinite family:', [2, 1, 4, 0, 3], [2, 3, 4, 0, 1], [4, 1, 0, 2, 3], [4, 3, 0, 2, 1], [0, 1], [1, 0]]
['Infinite family:', [2, 1, 4, 3, 0], [2, 3, 4, 1, 0], [4, 1, 0, 3, 2], [4, 3, 0, 1, 2], [0, 1], [1, 0]]
['Infinite family:', [2, 1, 4, 0, 3], [2, 3, 4, 0, 1], [4, 1, 2, 0, 3], [4, 3, 2, 0, 1], [0, 1], [1, 0]]
['Infinite family:', [2, 1, 4, 0, 3], [2, 3, 4, 1, 0], [4, 1, 2, 0, 3], [4, 3, 2, 1, 0], [0, 1], [1, 0]]
['Infinite family:', [2, 1, 4, 3, 0], [2, 3, 4, 0, 1], [4, 1, 2, 3, 0], [4, 3, 2, 0, 1], [0, 1], [1, 0]]
['Infinite family:', [2, 1, 4, 3, 0], [2, 3, 4, 1, 0], [4, 1, 2, 3, 0], [4, 3, 2, 1, 0], [0, 1], [1, 0]]
['Infinite family:', [2, 1, 0, 3, 4], [2, 4, 0, 3, 1], [3, 1, 0, 2, 4], [3, 4, 0, 2, 1], [0, 1], [1, 0]]
['Infinite family:', [2, 1, 0, 4, 3], [2, 4, 0, 1, 3], [3, 1, 0, 4, 2], [3, 4, 0, 1, 2], [0, 1], [1, 0]]
['Infinite family:', [2, 1, 0, 3, 4], [2, 4, 0, 3, 1], [3, 1, 2, 0, 4], [3, 4, 2, 0, 1], [0, 1], [1, 0]]
['Infinite family:', [2, 1, 0, 4, 3], [2, 4, 0, 1, 3], [3, 1, 2, 4, 0], [3, 4, 2, 1, 0], [0, 1], [1, 0]]
['Infinite family:', [2, 1, 0, 3, 4], [2, 4, 1, 3, 0], [3, 1, 0, 2, 4], [3, 4, 1, 2, 0], [0, 1], [1, 0]]
['Infinite family:', [2, 1, 0, 4, 3], [2, 4, 1, 0, 3], [3, 1, 0, 4, 2], [3, 4, 1, 0, 2], [0, 1], [1, 0]]
['Infinite family:', [2, 1, 3, 0, 4], [2, 4, 3, 0, 1], [3, 1, 0, 2, 4], [3, 4, 0, 2, 1], [0, 1], [1, 0]]
['Infinite family:', [2, 1, 3, 4, 0], [2, 4, 3, 1, 0], [3, 1, 0, 4, 2], [3, 4, 0, 1, 2], [0, 1], [1, 0]]
['Infinite family:', [2, 1, 3, 0, 4], [2, 4, 3, 0, 1], [3, 1, 2, 0, 4], [3, 4, 2, 0, 1], [0, 1], [1, 0]]
['Infinite family:', [2, 1, 3, 0, 4], [2, 4, 3, 1, 0], [3, 1, 2, 0, 4], [3, 4, 2, 1, 0], [0, 1], [1, 0]]
['Infinite family:', [2, 1, 3, 4, 0], [2, 4, 3, 0, 1], [3, 1, 2, 4, 0], [3, 4, 2, 0, 1], [0, 1], [1, 0]]
['Infinite family:', [2, 1, 3, 4, 0], [2, 4, 3, 1, 0], [3, 1, 2, 4, 0], [3, 4, 2, 1, 0], [0, 1], [1, 0]]
['Infinite family:', [2, 1, 4, 0, 3], [2, 4, 0, 1, 3], [3, 1, 4, 0, 2], [3, 4, 0, 1, 2], [0, 1], [1, 0]]
['Infinite family:', [2, 1, 4, 3, 0], [2, 4, 0, 3, 1], [3, 1, 4, 2, 0], [3, 4, 0, 2, 1], [0, 1], [1, 0]]
['Infinite family:', [2, 1, 4, 0, 3], [2, 4, 1, 0, 3], [3, 1, 4, 0, 2], [3, 4, 1, 0, 2], [0, 1], [1, 0]]
['Infinite family:', [2, 1, 4, 0, 3], [2, 4, 1, 0, 3], [3, 1, 4, 2, 0], [3, 4, 1, 2, 0], [0, 1], [1, 0]]
['Infinite family:', [2, 1, 4, 3, 0], [2, 4, 1, 3, 0], [3, 1, 4, 0, 2], [3, 4, 1, 0, 2], [0, 1], [1, 0]]
['Infinite family:', [2, 1, 4, 3, 0], [2, 4, 1, 3, 0], [3, 1, 4, 2, 0], [3, 4, 1, 2, 0], [0, 1], [1, 0]]
['Infinite family:', [1, 3, 0, 2, 4], [1, 3, 0, 4, 2], [3, 0, 1, 2, 4], [3, 0, 1, 4, 2], [0, 1], [1, 0]]
['Infinite family:', [1, 3, 2, 0, 4], [1, 3, 4, 0, 2], [3, 0, 2, 1, 4], [3, 0, 4, 1, 2], [0, 1], [1, 0]]
['Infinite family:', [1, 3, 2, 4, 0], [1, 3, 4, 2, 0], [3, 0, 2, 4, 1], [3, 0, 4, 2, 1], [0, 1], [1, 0]]
['Infinite family:', [1, 3, 0, 2, 4], [1, 3, 4, 2, 0], [2, 1, 0, 3, 4], [2, 1, 4, 3, 0], [0, 1], [1, 0]]
['Infinite family:', [1, 3, 0, 4, 2], [1, 3, 4, 0, 2], [2, 1, 0, 4, 3], [2, 1, 4, 0, 3], [0, 1], [1, 0]]
['Infinite family:', [1, 3, 2, 0, 4], [1, 3, 2, 4, 0], [2, 1, 3, 0, 4], [2, 1, 3, 4, 0], [0, 1], [1, 0]]
['Infinite family:', [1, 3, 0, 2, 4], [1, 3, 0, 4, 2], [3, 1, 0, 2, 4], [3, 1, 0, 4, 2], [0, 1], [1, 0]]
['Infinite family:', [1, 3, 0, 2, 4], [1, 3, 2, 0, 4], [3, 1, 0, 2, 4], [3, 1, 2, 0, 4], [0, 1], [1, 0]]
['Infinite family:', [1, 3, 0, 2, 4], [1, 3, 2, 4, 0], [3, 1, 0, 2, 4], [3, 1, 2, 4, 0], [0, 1], [1, 0]]
['Infinite family:', [1, 3, 0, 4, 2], [1, 3, 2, 0, 4], [3, 1, 0, 4, 2], [3, 1, 2, 0, 4], [0, 1], [1, 0]]
['Infinite family:', [1, 3, 0, 4, 2], [1, 3, 2, 4, 0], [3, 1, 0, 4, 2], [3, 1, 2, 4, 0], [0, 1], [1, 0]]
['Infinite family:', [1, 3, 0, 2, 4], [1, 3, 4, 0, 2], [3, 1, 0, 2, 4], [3, 1, 4, 0, 2], [0, 1], [1, 0]]
['Infinite family:', [1, 3, 0, 2, 4], [1, 3, 4, 2, 0], [3, 1, 0, 2, 4], [3, 1, 4, 2, 0], [0, 1], [1, 0]]
['Infinite family:', [1, 3, 0, 4, 2], [1, 3, 4, 0, 2], [3, 1, 0, 4, 2], [3, 1, 4, 0, 2], [0, 1], [1, 0]]
['Infinite family:', [1, 3, 0, 4, 2], [1, 3, 4, 2, 0], [3, 1, 0, 4, 2], [3, 1, 4, 2, 0], [0, 1], [1, 0]]
['Infinite family:', [1, 3, 2, 0, 4], [1, 3, 2, 4, 0], [3, 1, 2, 0, 4], [3, 1, 2, 4, 0], [0, 1], [1, 0]]
['Infinite family:', [1, 3, 2, 0, 4], [1, 3, 4, 0, 2], [3, 1, 2, 0, 4], [3, 1, 4, 0, 2], [0, 1], [1, 0]]
['Infinite family:', [1, 3, 2, 0, 4], [1, 3, 4, 2, 0], [3, 1, 2, 0, 4], [3, 1, 4, 2, 0], [0, 1], [1, 0]]
['Infinite family:', [1, 3, 2, 4, 0], [1, 3, 4, 0, 2], [3, 1, 2, 4, 0], [3, 1, 4, 0, 2], [0, 1], [1, 0]]
['Infinite family:', [1, 3, 2, 4, 0], [1, 3, 4, 2, 0], [3, 1, 2, 4, 0], [3, 1, 4, 2, 0], [0, 1], [1, 0]]
['Infinite family:', [1, 3, 4, 0, 2], [1, 3, 4, 2, 0], [3, 1, 4, 0, 2], [3, 1, 4, 2, 0], [0, 1], [1, 0]]
['Infinite family:', [1, 3, 0, 2, 4], [1, 3, 2, 0, 4], [1, 4, 0, 2, 3], [1, 4, 2, 0, 3], [0, 1], [1, 0]]
['Infinite family:', [1, 3, 0, 4, 2], [1, 3, 2, 4, 0], [1, 4, 0, 3, 2], [1, 4, 2, 3, 0], [0, 1], [1, 0]]
['Infinite family:', [1, 3, 4, 0, 2], [1, 3, 4, 2, 0], [1, 4, 3, 0, 2], [1, 4, 3, 2, 0], [0, 1], [1, 0]]
['Infinite family:', [1, 3, 0, 2, 4], [1, 3, 2, 0, 4], [4, 1, 0, 2, 3], [4, 1, 2, 0, 3], [0, 1], [1, 0]]
['Infinite family:', [1, 3, 0, 4, 2], [1, 3, 2, 4, 0], [4, 1, 0, 3, 2], [4, 1, 2, 3, 0], [0, 1], [1, 0]]
['Infinite family:', [1, 3, 4, 0, 2], [1, 3, 4, 2, 0], [4, 1, 3, 0, 2], [4, 1, 3, 2, 0], [0, 1], [1, 0]]
['Infinite family:', [1, 3, 0, 2, 4], [1, 3, 4, 2, 0], [2, 3, 0, 1, 4], [2, 3, 4, 1, 0], [0, 1], [1, 0]]
['Infinite family:', [1, 3, 0, 4, 2], [1, 3, 4, 0, 2], [2, 3, 0, 4, 1], [2, 3, 4, 0, 1], [0, 1], [1, 0]]
['Infinite family:', [1, 3, 2, 0, 4], [1, 3, 2, 4, 0], [2, 3, 1, 0, 4], [2, 3, 1, 4, 0], [0, 1], [1, 0]]
['Infinite family:', [1, 3, 0, 2, 4], [1, 3, 4, 2, 0], [3, 2, 0, 1, 4], [3, 2, 4, 1, 0], [0, 1], [1, 0]]
['Infinite family:', [1, 3, 0, 4, 2], [1, 3, 4, 0, 2], [3, 2, 0, 4, 1], [3, 2, 4, 0, 1], [0, 1], [1, 0]]
['Infinite family:', [1, 3, 2, 0, 4], [1, 3, 2, 4, 0], [3, 2, 1, 0, 4], [3, 2, 1, 4, 0], [0, 1], [1, 0]]
['Infinite family:', [1, 3, 0, 2, 4], [1, 3, 2, 0, 4], [3, 4, 0, 2, 1], [3, 4, 2, 0, 1], [0, 1], [1, 0]]
['Infinite family:', [1, 3, 0, 4, 2], [1, 3, 2, 4, 0], [3, 4, 0, 1, 2], [3, 4, 2, 1, 0], [0, 1], [1, 0]]
['Infinite family:', [1, 3, 4, 0, 2], [1, 3, 4, 2, 0], [3, 4, 1, 0, 2], [3, 4, 1, 2, 0], [0, 1], [1, 0]]
['Infinite family:', [1, 3, 0, 2, 4], [1, 3, 2, 0, 4], [4, 3, 0, 2, 1], [4, 3, 2, 0, 1], [0, 1], [1, 0]]
['Infinite family:', [1, 3, 0, 4, 2], [1, 3, 2, 4, 0], [4, 3, 0, 1, 2], [4, 3, 2, 1, 0], [0, 1], [1, 0]]
['Infinite family:', [1, 3, 4, 0, 2], [1, 3, 4, 2, 0], [4, 3, 1, 0, 2], [4, 3, 1, 2, 0], [0, 1], [1, 0]]
['Infinite family:', [1, 3, 0, 2, 4], [1, 4, 0, 2, 3], [2, 3, 0, 1, 4], [2, 4, 0, 1, 3], [0, 1], [1, 0]]
['Infinite family:', [1, 3, 0, 4, 2], [1, 4, 0, 3, 2], [2, 3, 0, 4, 1], [2, 4, 0, 3, 1], [0, 1], [1, 0]]
['Infinite family:', [1, 3, 0, 2, 4], [1, 4, 0, 2, 3], [2, 3, 1, 0, 4], [2, 4, 1, 0, 3], [0, 1], [1, 0]]
['Infinite family:', [1, 3, 0, 4, 2], [1, 4, 0, 3, 2], [2, 3, 1, 4, 0], [2, 4, 1, 3, 0], [0, 1], [1, 0]]
['Infinite family:', [1, 3, 0, 2, 4], [1, 4, 3, 2, 0], [2, 3, 0, 1, 4], [2, 4, 3, 1, 0], [0, 1], [1, 0]]
['Infinite family:', [1, 3, 0, 4, 2], [1, 4, 3, 0, 2], [2, 3, 0, 4, 1], [2, 4, 3, 0, 1], [0, 1], [1, 0]]
['Infinite family:', [1, 3, 2, 0, 4], [1, 4, 2, 0, 3], [2, 3, 0, 1, 4], [2, 4, 0, 1, 3], [0, 1], [1, 0]]
['Infinite family:', [1, 3, 2, 4, 0], [1, 4, 2, 3, 0], [2, 3, 0, 4, 1], [2, 4, 0, 3, 1], [0, 1], [1, 0]]
['Infinite family:', [1, 3, 2, 0, 4], [1, 4, 2, 0, 3], [2, 3, 1, 0, 4], [2, 4, 1, 0, 3], [0, 1], [1, 0]]
['Infinite family:', [1, 3, 2, 0, 4], [1, 4, 2, 3, 0], [2, 3, 1, 0, 4], [2, 4, 1, 3, 0], [0, 1], [1, 0]]
['Infinite family:', [1, 3, 2, 4, 0], [1, 4, 2, 0, 3], [2, 3, 1, 4, 0], [2, 4, 1, 0, 3], [0, 1], [1, 0]]
['Infinite family:', [1, 3, 2, 4, 0], [1, 4, 2, 3, 0], [2, 3, 1, 4, 0], [2, 4, 1, 3, 0], [0, 1], [1, 0]]
['Infinite family:', [1, 3, 4, 0, 2], [1, 4, 0, 3, 2], [2, 3, 4, 0, 1], [2, 4, 0, 3, 1], [0, 1], [1, 0]]
['Infinite family:', [1, 3, 4, 2, 0], [1, 4, 0, 2, 3], [2, 3, 4, 1, 0], [2, 4, 0, 1, 3], [0, 1], [1, 0]]
['Infinite family:', [1, 3, 4, 0, 2], [1, 4, 3, 0, 2], [2, 3, 4, 0, 1], [2, 4, 3, 0, 1], [0, 1], [1, 0]]
['Infinite family:', [1, 3, 4, 0, 2], [1, 4, 3, 0, 2], [2, 3, 4, 1, 0], [2, 4, 3, 1, 0], [0, 1], [1, 0]]
['Infinite family:', [1, 3, 4, 2, 0], [1, 4, 3, 2, 0], [2, 3, 4, 0, 1], [2, 4, 3, 0, 1], [0, 1], [1, 0]]
['Infinite family:', [1, 3, 4, 2, 0], [1, 4, 3, 2, 0], [2, 3, 4, 1, 0], [2, 4, 3, 1, 0], [0, 1], [1, 0]]
['Infinite family:', [3, 1, 0, 2, 4], [3, 1, 2, 0, 4], [4, 1, 0, 2, 3], [4, 1, 2, 0, 3], [0, 1], [1, 0]]
['Infinite family:', [3, 1, 0, 4, 2], [3, 1, 2, 4, 0], [4, 1, 0, 3, 2], [4, 1, 2, 3, 0], [0, 1], [1, 0]]
['Infinite family:', [3, 1, 4, 0, 2], [3, 1, 4, 2, 0], [4, 1, 3, 0, 2], [4, 1, 3, 2, 0], [0, 1], [1, 0]]
['Infinite family:', [3, 1, 0, 2, 4], [3, 1, 4, 2, 0], [3, 2, 0, 1, 4], [3, 2, 4, 1, 0], [0, 1], [1, 0]]
['Infinite family:', [3, 1, 0, 4, 2], [3, 1, 4, 0, 2], [3, 2, 0, 4, 1], [3, 2, 4, 0, 1], [0, 1], [1, 0]]
['Infinite family:', [3, 1, 2, 0, 4], [3, 1, 2, 4, 0], [3, 2, 1, 0, 4], [3, 2, 1, 4, 0], [0, 1], [1, 0]]
['Infinite family:', [3, 1, 0, 2, 4], [3, 1, 2, 0, 4], [3, 4, 0, 2, 1], [3, 4, 2, 0, 1], [0, 1], [1, 0]]
['Infinite family:', [3, 1, 0, 4, 2], [3, 1, 2, 4, 0], [3, 4, 0, 1, 2], [3, 4, 2, 1, 0], [0, 1], [1, 0]]
['Infinite family:', [3, 1, 4, 0, 2], [3, 1, 4, 2, 0], [3, 4, 1, 0, 2], [3, 4, 1, 2, 0], [0, 1], [1, 0]]
['Infinite family:', [3, 1, 0, 2, 4], [3, 1, 2, 0, 4], [4, 3, 0, 2, 1], [4, 3, 2, 0, 1], [0, 1], [1, 0]]
['Infinite family:', [3, 1, 0, 4, 2], [3, 1, 2, 4, 0], [4, 3, 0, 1, 2], [4, 3, 2, 1, 0], [0, 1], [1, 0]]
['Infinite family:', [3, 1, 4, 0, 2], [3, 1, 4, 2, 0], [4, 3, 1, 0, 2], [4, 3, 1, 2, 0], [0, 1], [1, 0]]
['Infinite family:', [3, 1, 0, 2, 4], [3, 2, 0, 1, 4], [4, 1, 0, 2, 3], [4, 2, 0, 1, 3], [0, 1], [1, 0]]
['Infinite family:', [3, 1, 0, 4, 2], [3, 2, 0, 4, 1], [4, 1, 0, 3, 2], [4, 2, 0, 3, 1], [0, 1], [1, 0]]
['Infinite family:', [3, 1, 0, 2, 4], [3, 2, 0, 1, 4], [4, 1, 3, 2, 0], [4, 2, 3, 1, 0], [0, 1], [1, 0]]
['Infinite family:', [3, 1, 0, 4, 2], [3, 2, 0, 4, 1], [4, 1, 3, 0, 2], [4, 2, 3, 0, 1], [0, 1], [1, 0]]
['Infinite family:', [3, 1, 0, 2, 4], [3, 2, 1, 0, 4], [4, 1, 0, 2, 3], [4, 2, 1, 0, 3], [0, 1], [1, 0]]
['Infinite family:', [3, 1, 0, 4, 2], [3, 2, 1, 4, 0], [4, 1, 0, 3, 2], [4, 2, 1, 3, 0], [0, 1], [1, 0]]
['Infinite family:', [3, 1, 2, 0, 4], [3, 2, 0, 1, 4], [4, 1, 2, 0, 3], [4, 2, 0, 1, 3], [0, 1], [1, 0]]
['Infinite family:', [3, 1, 2, 4, 0], [3, 2, 0, 4, 1], [4, 1, 2, 3, 0], [4, 2, 0, 3, 1], [0, 1], [1, 0]]
['Infinite family:', [3, 1, 2, 0, 4], [3, 2, 1, 0, 4], [4, 1, 2, 0, 3], [4, 2, 1, 0, 3], [0, 1], [1, 0]]
['Infinite family:', [3, 1, 2, 0, 4], [3, 2, 1, 0, 4], [4, 1, 2, 3, 0], [4, 2, 1, 3, 0], [0, 1], [1, 0]]
['Infinite family:', [3, 1, 2, 4, 0], [3, 2, 1, 4, 0], [4, 1, 2, 0, 3], [4, 2, 1, 0, 3], [0, 1], [1, 0]]
['Infinite family:', [3, 1, 2, 4, 0], [3, 2, 1, 4, 0], [4, 1, 2, 3, 0], [4, 2, 1, 3, 0], [0, 1], [1, 0]]
['Infinite family:', [3, 1, 4, 0, 2], [3, 2, 4, 0, 1], [4, 1, 0, 3, 2], [4, 2, 0, 3, 1], [0, 1], [1, 0]]
['Infinite family:', [3, 1, 4, 2, 0], [3, 2, 4, 1, 0], [4, 1, 0, 2, 3], [4, 2, 0, 1, 3], [0, 1], [1, 0]]
['Infinite family:', [3, 1, 4, 0, 2], [3, 2, 4, 0, 1], [4, 1, 3, 0, 2], [4, 2, 3, 0, 1], [0, 1], [1, 0]]
['Infinite family:', [3, 1, 4, 0, 2], [3, 2, 4, 1, 0], [4, 1, 3, 0, 2], [4, 2, 3, 1, 0], [0, 1], [1, 0]]
['Infinite family:', [3, 1, 4, 2, 0], [3, 2, 4, 0, 1], [4, 1, 3, 2, 0], [4, 2, 3, 0, 1], [0, 1], [1, 0]]
['Infinite family:', [3, 1, 4, 2, 0], [3, 2, 4, 1, 0], [4, 1, 3, 2, 0], [4, 2, 3, 1, 0], [0, 1], [1, 0]]
['Infinite family:', [1, 4, 0, 2, 3], [1, 4, 0, 3, 2], [4, 0, 1, 2, 3], [4, 0, 1, 3, 2], [0, 1], [1, 0]]
['Infinite family:', [1, 4, 2, 0, 3], [1, 4, 3, 0, 2], [4, 0, 2, 1, 3], [4, 0, 3, 1, 2], [0, 1], [1, 0]]
['Infinite family:', [1, 4, 2, 3, 0], [1, 4, 3, 2, 0], [4, 0, 2, 3, 1], [4, 0, 3, 2, 1], [0, 1], [1, 0]]
['Infinite family:', [1, 4, 0, 2, 3], [1, 4, 3, 2, 0], [2, 1, 0, 4, 3], [2, 1, 3, 4, 0], [0, 1], [1, 0]]
['Infinite family:', [1, 4, 0, 3, 2], [1, 4, 3, 0, 2], [2, 1, 0, 3, 4], [2, 1, 3, 0, 4], [0, 1], [1, 0]]
['Infinite family:', [1, 4, 2, 0, 3], [1, 4, 2, 3, 0], [2, 1, 4, 0, 3], [2, 1, 4, 3, 0], [0, 1], [1, 0]]
['Infinite family:', [1, 4, 0, 2, 3], [1, 4, 2, 0, 3], [3, 1, 0, 2, 4], [3, 1, 2, 0, 4], [0, 1], [1, 0]]
['Infinite family:', [1, 4, 0, 3, 2], [1, 4, 2, 3, 0], [3, 1, 0, 4, 2], [3, 1, 2, 4, 0], [0, 1], [1, 0]]
['Infinite family:', [1, 4, 3, 0, 2], [1, 4, 3, 2, 0], [3, 1, 4, 0, 2], [3, 1, 4, 2, 0], [0, 1], [1, 0]]
['Infinite family:', [1, 4, 0, 2, 3], [1, 4, 0, 3, 2], [4, 1, 0, 2, 3], [4, 1, 0, 3, 2], [0, 1], [1, 0]]
['Infinite family:', [1, 4, 0, 2, 3], [1, 4, 2, 0, 3], [4, 1, 0, 2, 3], [4, 1, 2, 0, 3], [0, 1], [1, 0]]
['Infinite family:', [1, 4, 0, 2, 3], [1, 4, 2, 3, 0], [4, 1, 0, 2, 3], [4, 1, 2, 3, 0], [0, 1], [1, 0]]
['Infinite family:', [1, 4, 0, 3, 2], [1, 4, 2, 0, 3], [4, 1, 0, 3, 2], [4, 1, 2, 0, 3], [0, 1], [1, 0]]
['Infinite family:', [1, 4, 0, 3, 2], [1, 4, 2, 3, 0], [4, 1, 0, 3, 2], [4, 1, 2, 3, 0], [0, 1], [1, 0]]
['Infinite family:', [1, 4, 0, 2, 3], [1, 4, 3, 0, 2], [4, 1, 0, 2, 3], [4, 1, 3, 0, 2], [0, 1], [1, 0]]
['Infinite family:', [1, 4, 0, 2, 3], [1, 4, 3, 2, 0], [4, 1, 0, 2, 3], [4, 1, 3, 2, 0], [0, 1], [1, 0]]
['Infinite family:', [1, 4, 0, 3, 2], [1, 4, 3, 0, 2], [4, 1, 0, 3, 2], [4, 1, 3, 0, 2], [0, 1], [1, 0]]
['Infinite family:', [1, 4, 0, 3, 2], [1, 4, 3, 2, 0], [4, 1, 0, 3, 2], [4, 1, 3, 2, 0], [0, 1], [1, 0]]
['Infinite family:', [1, 4, 2, 0, 3], [1, 4, 2, 3, 0], [4, 1, 2, 0, 3], [4, 1, 2, 3, 0], [0, 1], [1, 0]]
['Infinite family:', [1, 4, 2, 0, 3], [1, 4, 3, 0, 2], [4, 1, 2, 0, 3], [4, 1, 3, 0, 2], [0, 1], [1, 0]]
['Infinite family:', [1, 4, 2, 0, 3], [1, 4, 3, 2, 0], [4, 1, 2, 0, 3], [4, 1, 3, 2, 0], [0, 1], [1, 0]]
['Infinite family:', [1, 4, 2, 3, 0], [1, 4, 3, 0, 2], [4, 1, 2, 3, 0], [4, 1, 3, 0, 2], [0, 1], [1, 0]]
['Infinite family:', [1, 4, 2, 3, 0], [1, 4, 3, 2, 0], [4, 1, 2, 3, 0], [4, 1, 3, 2, 0], [0, 1], [1, 0]]
['Infinite family:', [1, 4, 3, 0, 2], [1, 4, 3, 2, 0], [4, 1, 3, 0, 2], [4, 1, 3, 2, 0], [0, 1], [1, 0]]
['Infinite family:', [1, 4, 0, 2, 3], [1, 4, 3, 2, 0], [2, 4, 0, 1, 3], [2, 4, 3, 1, 0], [0, 1], [1, 0]]
['Infinite family:', [1, 4, 0, 3, 2], [1, 4, 3, 0, 2], [2, 4, 0, 3, 1], [2, 4, 3, 0, 1], [0, 1], [1, 0]]
['Infinite family:', [1, 4, 2, 0, 3], [1, 4, 2, 3, 0], [2, 4, 1, 0, 3], [2, 4, 1, 3, 0], [0, 1], [1, 0]]
['Infinite family:', [1, 4, 0, 2, 3], [1, 4, 3, 2, 0], [4, 2, 0, 1, 3], [4, 2, 3, 1, 0], [0, 1], [1, 0]]
['Infinite family:', [1, 4, 0, 3, 2], [1, 4, 3, 0, 2], [4, 2, 0, 3, 1], [4, 2, 3, 0, 1], [0, 1], [1, 0]]
['Infinite family:', [1, 4, 2, 0, 3], [1, 4, 2, 3, 0], [4, 2, 1, 0, 3], [4, 2, 1, 3, 0], [0, 1], [1, 0]]
['Infinite family:', [1, 4, 0, 2, 3], [1, 4, 2, 0, 3], [3, 4, 0, 2, 1], [3, 4, 2, 0, 1], [0, 1], [1, 0]]
['Infinite family:', [1, 4, 0, 3, 2], [1, 4, 2, 3, 0], [3, 4, 0, 1, 2], [3, 4, 2, 1, 0], [0, 1], [1, 0]]
['Infinite family:', [1, 4, 3, 0, 2], [1, 4, 3, 2, 0], [3, 4, 1, 0, 2], [3, 4, 1, 2, 0], [0, 1], [1, 0]]
['Infinite family:', [1, 4, 0, 2, 3], [1, 4, 2, 0, 3], [4, 3, 0, 2, 1], [4, 3, 2, 0, 1], [0, 1], [1, 0]]
['Infinite family:', [1, 4, 0, 3, 2], [1, 4, 2, 3, 0], [4, 3, 0, 1, 2], [4, 3, 2, 1, 0], [0, 1], [1, 0]]
['Infinite family:', [1, 4, 3, 0, 2], [1, 4, 3, 2, 0], [4, 3, 1, 0, 2], [4, 3, 1, 2, 0], [0, 1], [1, 0]]
['Infinite family:', [4, 1, 0, 2, 3], [4, 1, 3, 2, 0], [4, 2, 0, 1, 3], [4, 2, 3, 1, 0], [0, 1], [1, 0]]
['Infinite family:', [4, 1, 0, 3, 2], [4, 1, 3, 0, 2], [4, 2, 0, 3, 1], [4, 2, 3, 0, 1], [0, 1], [1, 0]]
['Infinite family:', [4, 1, 2, 0, 3], [4, 1, 2, 3, 0], [4, 2, 1, 0, 3], [4, 2, 1, 3, 0], [0, 1], [1, 0]]
['Infinite family:', [4, 1, 0, 2, 3], [4, 1, 2, 0, 3], [4, 3, 0, 2, 1], [4, 3, 2, 0, 1], [0, 1], [1, 0]]
['Infinite family:', [4, 1, 0, 3, 2], [4, 1, 2, 3, 0], [4, 3, 0, 1, 2], [4, 3, 2, 1, 0], [0, 1], [1, 0]]
['Infinite family:', [4, 1, 3, 0, 2], [4, 1, 3, 2, 0], [4, 3, 1, 0, 2], [4, 3, 1, 2, 0], [0, 1], [1, 0]]
['Infinite family:', [2, 3, 0, 1, 4], [2, 3, 0, 4, 1], [3, 0, 2, 1, 4], [3, 0, 2, 4, 1], [0, 1], [1, 0]]
['Infinite family:', [2, 3, 1, 0, 4], [2, 3, 4, 0, 1], [3, 0, 1, 2, 4], [3, 0, 4, 2, 1], [0, 1], [1, 0]]
['Infinite family:', [2, 3, 1, 4, 0], [2, 3, 4, 1, 0], [3, 0, 1, 4, 2], [3, 0, 4, 1, 2], [0, 1], [1, 0]]
['Infinite family:', [2, 3, 0, 1, 4], [2, 3, 4, 1, 0], [3, 1, 0, 2, 4], [3, 1, 4, 2, 0], [0, 1], [1, 0]]
['Infinite family:', [2, 3, 0, 4, 1], [2, 3, 4, 0, 1], [3, 1, 0, 4, 2], [3, 1, 4, 0, 2], [0, 1], [1, 0]]
['Infinite family:', [2, 3, 1, 0, 4], [2, 3, 1, 4, 0], [3, 1, 2, 0, 4], [3, 1, 2, 4, 0], [0, 1], [1, 0]]
['Infinite family:', [2, 3, 0, 1, 4], [2, 3, 0, 4, 1], [3, 2, 0, 1, 4], [3, 2, 0, 4, 1], [0, 1], [1, 0]]
['Infinite family:', [2, 3, 0, 1, 4], [2, 3, 1, 0, 4], [3, 2, 0, 1, 4], [3, 2, 1, 0, 4], [0, 1], [1, 0]]
['Infinite family:', [2, 3, 0, 1, 4], [2, 3, 1, 4, 0], [3, 2, 0, 1, 4], [3, 2, 1, 4, 0], [0, 1], [1, 0]]
['Infinite family:', [2, 3, 0, 4, 1], [2, 3, 1, 0, 4], [3, 2, 0, 4, 1], [3, 2, 1, 0, 4], [0, 1], [1, 0]]
['Infinite family:', [2, 3, 0, 4, 1], [2, 3, 1, 4, 0], [3, 2, 0, 4, 1], [3, 2, 1, 4, 0], [0, 1], [1, 0]]
['Infinite family:', [2, 3, 0, 1, 4], [2, 3, 4, 0, 1], [3, 2, 0, 1, 4], [3, 2, 4, 0, 1], [0, 1], [1, 0]]
['Infinite family:', [2, 3, 0, 1, 4], [2, 3, 4, 1, 0], [3, 2, 0, 1, 4], [3, 2, 4, 1, 0], [0, 1], [1, 0]]
['Infinite family:', [2, 3, 0, 4, 1], [2, 3, 4, 0, 1], [3, 2, 0, 4, 1], [3, 2, 4, 0, 1], [0, 1], [1, 0]]
['Infinite family:', [2, 3, 0, 4, 1], [2, 3, 4, 1, 0], [3, 2, 0, 4, 1], [3, 2, 4, 1, 0], [0, 1], [1, 0]]
['Infinite family:', [2, 3, 1, 0, 4], [2, 3, 1, 4, 0], [3, 2, 1, 0, 4], [3, 2, 1, 4, 0], [0, 1], [1, 0]]
['Infinite family:', [2, 3, 1, 0, 4], [2, 3, 4, 0, 1], [3, 2, 1, 0, 4], [3, 2, 4, 0, 1], [0, 1], [1, 0]]
['Infinite family:', [2, 3, 1, 0, 4], [2, 3, 4, 1, 0], [3, 2, 1, 0, 4], [3, 2, 4, 1, 0], [0, 1], [1, 0]]
['Infinite family:', [2, 3, 1, 4, 0], [2, 3, 4, 0, 1], [3, 2, 1, 4, 0], [3, 2, 4, 0, 1], [0, 1], [1, 0]]
['Infinite family:', [2, 3, 1, 4, 0], [2, 3, 4, 1, 0], [3, 2, 1, 4, 0], [3, 2, 4, 1, 0], [0, 1], [1, 0]]
['Infinite family:', [2, 3, 4, 0, 1], [2, 3, 4, 1, 0], [3, 2, 4, 0, 1], [3, 2, 4, 1, 0], [0, 1], [1, 0]]
['Infinite family:', [2, 3, 0, 1, 4], [2, 3, 1, 0, 4], [2, 4, 0, 1, 3], [2, 4, 1, 0, 3], [0, 1], [1, 0]]
['Infinite family:', [2, 3, 0, 4, 1], [2, 3, 1, 4, 0], [2, 4, 0, 3, 1], [2, 4, 1, 3, 0], [0, 1], [1, 0]]
['Infinite family:', [2, 3, 4, 0, 1], [2, 3, 4, 1, 0], [2, 4, 3, 0, 1], [2, 4, 3, 1, 0], [0, 1], [1, 0]]
['Infinite family:', [2, 3, 0, 1, 4], [2, 3, 1, 0, 4], [4, 2, 0, 1, 3], [4, 2, 1, 0, 3], [0, 1], [1, 0]]
['Infinite family:', [2, 3, 0, 4, 1], [2, 3, 1, 4, 0], [4, 2, 0, 3, 1], [4, 2, 1, 3, 0], [0, 1], [1, 0]]
['Infinite family:', [2, 3, 4, 0, 1], [2, 3, 4, 1, 0], [4, 2, 3, 0, 1], [4, 2, 3, 1, 0], [0, 1], [1, 0]]
['Infinite family:', [2, 3, 0, 1, 4], [2, 3, 1, 0, 4], [3, 4, 0, 1, 2], [3, 4, 1, 0, 2], [0, 1], [1, 0]]
['Infinite family:', [2, 3, 0, 4, 1], [2, 3, 1, 4, 0], [3, 4, 0, 2, 1], [3, 4, 1, 2, 0], [0, 1], [1, 0]]
['Infinite family:', [2, 3, 4, 0, 1], [2, 3, 4, 1, 0], [3, 4, 2, 0, 1], [3, 4, 2, 1, 0], [0, 1], [1, 0]]
['Infinite family:', [2, 3, 0, 1, 4], [2, 3, 1, 0, 4], [4, 3, 0, 1, 2], [4, 3, 1, 0, 2], [0, 1], [1, 0]]
['Infinite family:', [2, 3, 0, 4, 1], [2, 3, 1, 4, 0], [4, 3, 0, 2, 1], [4, 3, 1, 2, 0], [0, 1], [1, 0]]
['Infinite family:', [2, 3, 4, 0, 1], [2, 3, 4, 1, 0], [4, 3, 2, 0, 1], [4, 3, 2, 1, 0], [0, 1], [1, 0]]
['Infinite family:', [3, 2, 0, 1, 4], [3, 2, 1, 0, 4], [4, 2, 0, 1, 3], [4, 2, 1, 0, 3], [0, 1], [1, 0]]
['Infinite family:', [3, 2, 0, 4, 1], [3, 2, 1, 4, 0], [4, 2, 0, 3, 1], [4, 2, 1, 3, 0], [0, 1], [1, 0]]
['Infinite family:', [3, 2, 4, 0, 1], [3, 2, 4, 1, 0], [4, 2, 3, 0, 1], [4, 2, 3, 1, 0], [0, 1], [1, 0]]
['Infinite family:', [3, 2, 0, 1, 4], [3, 2, 1, 0, 4], [3, 4, 0, 1, 2], [3, 4, 1, 0, 2], [0, 1], [1, 0]]
['Infinite family:', [3, 2, 0, 4, 1], [3, 2, 1, 4, 0], [3, 4, 0, 2, 1], [3, 4, 1, 2, 0], [0, 1], [1, 0]]
['Infinite family:', [3, 2, 4, 0, 1], [3, 2, 4, 1, 0], [3, 4, 2, 0, 1], [3, 4, 2, 1, 0], [0, 1], [1, 0]]
['Infinite family:', [3, 2, 0, 1, 4], [3, 2, 1, 0, 4], [4, 3, 0, 1, 2], [4, 3, 1, 0, 2], [0, 1], [1, 0]]
['Infinite family:', [3, 2, 0, 4, 1], [3, 2, 1, 4, 0], [4, 3, 0, 2, 1], [4, 3, 1, 2, 0], [0, 1], [1, 0]]
['Infinite family:', [3, 2, 4, 0, 1], [3, 2, 4, 1, 0], [4, 3, 2, 0, 1], [4, 3, 2, 1, 0], [0, 1], [1, 0]]
['Infinite family:', [2, 4, 0, 1, 3], [2, 4, 0, 3, 1], [4, 0, 2, 1, 3], [4, 0, 2, 3, 1], [0, 1], [1, 0]]
['Infinite family:', [2, 4, 1, 0, 3], [2, 4, 3, 0, 1], [4, 0, 1, 2, 3], [4, 0, 3, 2, 1], [0, 1], [1, 0]]
['Infinite family:', [2, 4, 1, 3, 0], [2, 4, 3, 1, 0], [4, 0, 1, 3, 2], [4, 0, 3, 1, 2], [0, 1], [1, 0]]
['Infinite family:', [2, 4, 0, 1, 3], [2, 4, 3, 1, 0], [4, 1, 0, 2, 3], [4, 1, 3, 2, 0], [0, 1], [1, 0]]
['Infinite family:', [2, 4, 0, 3, 1], [2, 4, 3, 0, 1], [4, 1, 0, 3, 2], [4, 1, 3, 0, 2], [0, 1], [1, 0]]
['Infinite family:', [2, 4, 1, 0, 3], [2, 4, 1, 3, 0], [4, 1, 2, 0, 3], [4, 1, 2, 3, 0], [0, 1], [1, 0]]
['Infinite family:', [2, 4, 0, 1, 3], [2, 4, 1, 0, 3], [3, 2, 0, 1, 4], [3, 2, 1, 0, 4], [0, 1], [1, 0]]
['Infinite family:', [2, 4, 0, 3, 1], [2, 4, 1, 3, 0], [3, 2, 0, 4, 1], [3, 2, 1, 4, 0], [0, 1], [1, 0]]
['Infinite family:', [2, 4, 3, 0, 1], [2, 4, 3, 1, 0], [3, 2, 4, 0, 1], [3, 2, 4, 1, 0], [0, 1], [1, 0]]
['Infinite family:', [2, 4, 0, 1, 3], [2, 4, 0, 3, 1], [4, 2, 0, 1, 3], [4, 2, 0, 3, 1], [0, 1], [1, 0]]
['Infinite family:', [2, 4, 0, 1, 3], [2, 4, 1, 0, 3], [4, 2, 0, 1, 3], [4, 2, 1, 0, 3], [0, 1], [1, 0]]
['Infinite family:', [2, 4, 0, 1, 3], [2, 4, 1, 3, 0], [4, 2, 0, 1, 3], [4, 2, 1, 3, 0], [0, 1], [1, 0]]
['Infinite family:', [2, 4, 0, 3, 1], [2, 4, 1, 0, 3], [4, 2, 0, 3, 1], [4, 2, 1, 0, 3], [0, 1], [1, 0]]
['Infinite family:', [2, 4, 0, 3, 1], [2, 4, 1, 3, 0], [4, 2, 0, 3, 1], [4, 2, 1, 3, 0], [0, 1], [1, 0]]
['Infinite family:', [2, 4, 0, 1, 3], [2, 4, 3, 0, 1], [4, 2, 0, 1, 3], [4, 2, 3, 0, 1], [0, 1], [1, 0]]
['Infinite family:', [2, 4, 0, 1, 3], [2, 4, 3, 1, 0], [4, 2, 0, 1, 3], [4, 2, 3, 1, 0], [0, 1], [1, 0]]
['Infinite family:', [2, 4, 0, 3, 1], [2, 4, 3, 0, 1], [4, 2, 0, 3, 1], [4, 2, 3, 0, 1], [0, 1], [1, 0]]
['Infinite family:', [2, 4, 0, 3, 1], [2, 4, 3, 1, 0], [4, 2, 0, 3, 1], [4, 2, 3, 1, 0], [0, 1], [1, 0]]
['Infinite family:', [2, 4, 1, 0, 3], [2, 4, 1, 3, 0], [4, 2, 1, 0, 3], [4, 2, 1, 3, 0], [0, 1], [1, 0]]
['Infinite family:', [2, 4, 1, 0, 3], [2, 4, 3, 0, 1], [4, 2, 1, 0, 3], [4, 2, 3, 0, 1], [0, 1], [1, 0]]
['Infinite family:', [2, 4, 1, 0, 3], [2, 4, 3, 1, 0], [4, 2, 1, 0, 3], [4, 2, 3, 1, 0], [0, 1], [1, 0]]
['Infinite family:', [2, 4, 1, 3, 0], [2, 4, 3, 0, 1], [4, 2, 1, 3, 0], [4, 2, 3, 0, 1], [0, 1], [1, 0]]
['Infinite family:', [2, 4, 1, 3, 0], [2, 4, 3, 1, 0], [4, 2, 1, 3, 0], [4, 2, 3, 1, 0], [0, 1], [1, 0]]
['Infinite family:', [2, 4, 3, 0, 1], [2, 4, 3, 1, 0], [4, 2, 3, 0, 1], [4, 2, 3, 1, 0], [0, 1], [1, 0]]
['Infinite family:', [2, 4, 0, 1, 3], [2, 4, 1, 0, 3], [3, 4, 0, 1, 2], [3, 4, 1, 0, 2], [0, 1], [1, 0]]
['Infinite family:', [2, 4, 0, 3, 1], [2, 4, 1, 3, 0], [3, 4, 0, 2, 1], [3, 4, 1, 2, 0], [0, 1], [1, 0]]
['Infinite family:', [2, 4, 3, 0, 1], [2, 4, 3, 1, 0], [3, 4, 2, 0, 1], [3, 4, 2, 1, 0], [0, 1], [1, 0]]
['Infinite family:', [2, 4, 0, 1, 3], [2, 4, 1, 0, 3], [4, 3, 0, 1, 2], [4, 3, 1, 0, 2], [0, 1], [1, 0]]
['Infinite family:', [2, 4, 0, 3, 1], [2, 4, 1, 3, 0], [4, 3, 0, 2, 1], [4, 3, 1, 2, 0], [0, 1], [1, 0]]
['Infinite family:', [2, 4, 3, 0, 1], [2, 4, 3, 1, 0], [4, 3, 2, 0, 1], [4, 3, 2, 1, 0], [0, 1], [1, 0]]
['Infinite family:', [4, 2, 0, 1, 3], [4, 2, 1, 0, 3], [4, 3, 0, 1, 2], [4, 3, 1, 0, 2], [0, 1], [1, 0]]
['Infinite family:', [4, 2, 0, 3, 1], [4, 2, 1, 3, 0], [4, 3, 0, 2, 1], [4, 3, 1, 2, 0], [0, 1], [1, 0]]
['Infinite family:', [4, 2, 3, 0, 1], [4, 2, 3, 1, 0], [4, 3, 2, 0, 1], [4, 3, 2, 1, 0], [0, 1], [1, 0]]
['Infinite family:', [3, 4, 0, 1, 2], [3, 4, 0, 2, 1], [4, 0, 3, 1, 2], [4, 0, 3, 2, 1], [0, 1], [1, 0]]
['Infinite family:', [3, 4, 1, 0, 2], [3, 4, 2, 0, 1], [4, 0, 1, 3, 2], [4, 0, 2, 3, 1], [0, 1], [1, 0]]
['Infinite family:', [3, 4, 1, 2, 0], [3, 4, 2, 1, 0], [4, 0, 1, 2, 3], [4, 0, 2, 1, 3], [0, 1], [1, 0]]
['Infinite family:', [3, 4, 0, 1, 2], [3, 4, 2, 1, 0], [4, 1, 0, 3, 2], [4, 1, 2, 3, 0], [0, 1], [1, 0]]
['Infinite family:', [3, 4, 0, 2, 1], [3, 4, 2, 0, 1], [4, 1, 0, 2, 3], [4, 1, 2, 0, 3], [0, 1], [1, 0]]
['Infinite family:', [3, 4, 1, 0, 2], [3, 4, 1, 2, 0], [4, 1, 3, 0, 2], [4, 1, 3, 2, 0], [0, 1], [1, 0]]
['Infinite family:', [3, 4, 0, 1, 2], [3, 4, 1, 0, 2], [4, 2, 0, 1, 3], [4, 2, 1, 0, 3], [0, 1], [1, 0]]
['Infinite family:', [3, 4, 0, 2, 1], [3, 4, 1, 2, 0], [4, 2, 0, 3, 1], [4, 2, 1, 3, 0], [0, 1], [1, 0]]
['Infinite family:', [3, 4, 2, 0, 1], [3, 4, 2, 1, 0], [4, 2, 3, 0, 1], [4, 2, 3, 1, 0], [0, 1], [1, 0]]
['Infinite family:', [3, 4, 0, 1, 2], [3, 4, 0, 2, 1], [4, 3, 0, 1, 2], [4, 3, 0, 2, 1], [0, 1], [1, 0]]
['Infinite family:', [3, 4, 0, 1, 2], [3, 4, 1, 0, 2], [4, 3, 0, 1, 2], [4, 3, 1, 0, 2], [0, 1], [1, 0]]
['Infinite family:', [3, 4, 0, 1, 2], [3, 4, 1, 2, 0], [4, 3, 0, 1, 2], [4, 3, 1, 2, 0], [0, 1], [1, 0]]
['Infinite family:', [3, 4, 0, 2, 1], [3, 4, 1, 0, 2], [4, 3, 0, 2, 1], [4, 3, 1, 0, 2], [0, 1], [1, 0]]
['Infinite family:', [3, 4, 0, 2, 1], [3, 4, 1, 2, 0], [4, 3, 0, 2, 1], [4, 3, 1, 2, 0], [0, 1], [1, 0]]
['Infinite family:', [3, 4, 0, 1, 2], [3, 4, 2, 0, 1], [4, 3, 0, 1, 2], [4, 3, 2, 0, 1], [0, 1], [1, 0]]
['Infinite family:', [3, 4, 0, 1, 2], [3, 4, 2, 1, 0], [4, 3, 0, 1, 2], [4, 3, 2, 1, 0], [0, 1], [1, 0]]
['Infinite family:', [3, 4, 0, 2, 1], [3, 4, 2, 0, 1], [4, 3, 0, 2, 1], [4, 3, 2, 0, 1], [0, 1], [1, 0]]
['Infinite family:', [3, 4, 0, 2, 1], [3, 4, 2, 1, 0], [4, 3, 0, 2, 1], [4, 3, 2, 1, 0], [0, 1], [1, 0]]
['Infinite family:', [3, 4, 1, 0, 2], [3, 4, 1, 2, 0], [4, 3, 1, 0, 2], [4, 3, 1, 2, 0], [0, 1], [1, 0]]
['Infinite family:', [3, 4, 1, 0, 2], [3, 4, 2, 0, 1], [4, 3, 1, 0, 2], [4, 3, 2, 0, 1], [0, 1], [1, 0]]
['Infinite family:', [3, 4, 1, 0, 2], [3, 4, 2, 1, 0], [4, 3, 1, 0, 2], [4, 3, 2, 1, 0], [0, 1], [1, 0]]
['Infinite family:', [3, 4, 1, 2, 0], [3, 4, 2, 0, 1], [4, 3, 1, 2, 0], [4, 3, 2, 0, 1], [0, 1], [1, 0]]
['Infinite family:', [3, 4, 1, 2, 0], [3, 4, 2, 1, 0], [4, 3, 1, 2, 0], [4, 3, 2, 1, 0], [0, 1], [1, 0]]
['Infinite family:', [3, 4, 2, 0, 1], [3, 4, 2, 1, 0], [4, 3, 2, 0, 1], [4, 3, 2, 1, 0], [0, 1], [1, 0]]
[5, 5, 5, 4, 4, 4]
18*(12345) + 6*(14325) -24*(52341) -5*(1234) + 5*(2143) + 10*(4231) 
-36*(12345) + 12*(14325) + 24*(52341) + 15*(1234) + 5*(2143) + 10*(3412) 
36*(12345) -12*(14325) -24*(52341) -5*(1234) + 5*(2143) + 10*(4321) 
-27*(12345) + 3*(14325) + 24*(52341) + 10*(1234) + 5*(3412) -5*(4231) 
-36*(12345) + 12*(14325) + 24*(52341) + 10*(1234) + 5*(3412) -5*(4321) 
9*(12345) + 15*(14325) -24*(52341) + 10*(2143) + 5*(3412) + 15*(4231) 
36*(12345) -12*(14325) -24*(52341) + 10*(2143) + 5*(3412) + 15*(4321) 
9*(12345) + 15*(14325) -24*(52341) -5*(1324) + 5*(2143) + 10*(4231) 
-9*(12345) -15*(14325) + 24*(52341) + 15*(1324) + 5*(2143) + 10*(3412) 
27*(12345) -3*(14325) -24*(52341) -5*(1324) + 5*(2143) + 10*(4321) 
-9*(12345) -15*(14325) + 24*(52341) + 10*(1324) + 5*(3412) -5*(4231) 
-18*(12345) -6*(14325) + 24*(52341) + 10*(1324) + 5*(3412) -5*(4321) 
-6*(12345) + 30*(14325) -24*(54321) -5*(1234) + 5*(2143) + 10*(4231) 
-12*(12345) -12*(14325) + 24*(54321) + 15*(1234) + 5*(2143) + 10*(3412) 
12*(12345) + 12*(14325) -24*(54321) -5*(1234) + 5*(2143) + 10*(4321) 
-3*(12345) -21*(14325) + 24*(54321) + 10*(1234) + 5*(3412) -5*(4231) 
-12*(12345) -12*(14325) + 24*(54321) + 10*(1234) + 5*(3412) -5*(4321) 
-15*(12345) + 39*(14325) -24*(54321) + 10*(2143) + 5*(3412) + 15*(4231) 
12*(12345) + 12*(14325) -24*(54321) + 10*(2143) + 5*(3412) + 15*(4321) 
-15*(12345) + 39*(14325) -24*(54321) -5*(1324) + 5*(2143) + 10*(4231) 
15*(12345) -39*(14325) + 24*(54321) + 15*(1324) + 5*(2143) + 10*(3412) 
3*(12345) + 21*(14325) -24*(54321) -5*(1324) + 5*(2143) + 10*(4321) 
15*(12345) -39*(14325) + 24*(54321) + 10*(1324) + 5*(3412) -5*(4231) 
6*(12345) -30*(14325) + 24*(54321) + 10*(1324) + 5*(3412) -5*(4321) 
12*(21354) -24*(41352) + 12*(45312) + 5*(1234) + 10*(3142) + 5*(4321) 
-12*(21354) + 24*(41352) -12*(45312) + 5*(1234) + 10*(2413) + 5*(4321) 
12*(21354) -24*(41352) + 12*(45312) + 5*(1324) + 10*(3142) + 5*(4231) 
-12*(21354) + 24*(41352) -12*(45312) + 5*(1324) + 10*(2413) + 5*(4231) 
[5, 5, 5, 4, 4, 3]
45*(12345) -9*(14325) -36*(52341) -30*(1234) + 15*(4231) + 10*(123) 
-18*(12345) -18*(14325) + 36*(52341) + 15*(1234) -30*(4231) + 10*(321) 
-144*(12345) + 36*(14325) + 108*(52341) + 45*(1234) + 30*(3412) -10*(321) 
72*(12345) -36*(14325) -36*(52341) -30*(1234) + 15*(4321) + 10*(123) 
-72*(12345) + 36*(14325) + 36*(52341) + 15*(1234) -30*(4321) + 10*(321) 
63*(12345) + 45*(14325) -108*(52341) + 30*(2143) + 45*(4231) -10*(123) 
144*(12345) -36*(14325) -108*(52341) + 30*(2143) + 45*(4321) -10*(123) 
-9*(12345) + 45*(14325) -36*(52341) -30*(1324) + 15*(4231) + 10*(123) 
9*(12345) -45*(14325) + 36*(52341) + 15*(1324) -30*(4231) + 10*(321) 
-63*(12345) -45*(14325) + 108*(52341) + 45*(1324) + 30*(3412) -10*(321) 
18*(12345) + 18*(14325) -36*(52341) -30*(1324) + 15*(4321) + 10*(123) 
-45*(12345) + 9*(14325) + 36*(52341) + 15*(1324) -30*(4321) + 10*(321) 
9*(12345) + 27*(14325) -36*(54321) -30*(1234) + 15*(4231) + 10*(123) 
18*(12345) -54*(14325) + 36*(54321) + 15*(1234) -30*(4231) + 10*(321) 
-36*(12345) -72*(14325) + 108*(54321) + 45*(1234) + 30*(3412) -10*(321) 
-45*(12345) + 153*(14325) -108*(54321) + 30*(2143) + 45*(4231) -10*(123) 
36*(12345) + 72*(14325) -108*(54321) + 30*(2143) + 45*(4321) -10*(123) 
-45*(12345) + 81*(14325) -36*(54321) -30*(1324) + 15*(4231) + 10*(123) 
45*(12345) -81*(14325) + 36*(54321) + 15*(1324) -30*(4231) + 10*(321) 
45*(12345) -153*(14325) + 108*(54321) + 45*(1324) + 30*(3412) -10*(321) 
-18*(12345) + 54*(14325) -36*(54321) -30*(1324) + 15*(4321) + 10*(123) 
-9*(12345) -27*(14325) + 36*(54321) + 15*(1324) -30*(4321) + 10*(321) 
[5, 5, 5, 4, 4, 2]
-12*(12345) -12*(14325) + 24*(52341) -15*(1234) -15*(2143) + 10*(12) 
-12*(12345) -12*(14325) + 24*(52341) -15*(1243) -15*(2134) + 10*(12) 
12*(12345) + 12*(14325) -24*(52341) + 15*(1234) + 15*(2143) + 10*(21) 
12*(12345) + 12*(14325) -24*(52341) + 15*(1243) + 15*(2134) + 10*(21) 
21*(12345) + 3*(14325) -24*(52341) -15*(1234) + 15*(4231) + 5*(12) 
-21*(12345) -3*(14325) + 24*(52341) + 15*(1234) -15*(4231) + 5*(21) 
-60*(12345) + 12*(14325) + 48*(52341) + 15*(1234) + 15*(3412) + 5*(12) 
48*(12345) -24*(14325) -24*(52341) -15*(1234) + 15*(4321) + 5*(12) 
-48*(12345) + 24*(14325) + 24*(52341) + 15*(1234) -15*(4321) + 5*(21) 
33*(12345) + 15*(14325) -48*(52341) + 15*(2143) + 15*(4231) + 5*(21) 
60*(12345) -12*(14325) -48*(52341) + 15*(2143) + 15*(4321) + 5*(21) 
-39*(12345) + 15*(14325) + 24*(52341) -15*(1324) -15*(2143) + 10*(12) 
39*(12345) -15*(14325) -24*(52341) + 15*(1324) + 15*(2143) + 10*(21) 
-6*(12345) + 30*(14325) -24*(52341) -15*(1324) + 15*(4231) + 5*(12) 
6*(12345) -30*(14325) + 24*(52341) + 15*(1324) -15*(4231) + 5*(21) 
-33*(12345) -15*(14325) + 48*(52341) + 15*(1324) + 15*(3412) + 5*(12) 
21*(12345) + 3*(14325) -24*(52341) -15*(1324) + 15*(4321) + 5*(12) 
-21*(12345) -3*(14325) + 24*(52341) + 15*(1324) -15*(4321) + 5*(21) 
-60*(12345) + 12*(14325) + 48*(52341) + 15*(1432) + 15*(3214) + 5*(12) 
60*(12345) -12*(14325) -48*(52341) + 15*(2341) + 15*(4123) + 5*(21) 
-39*(12345) + 15*(14325) + 24*(52341) + 15*(3412) + 15*(4231) + 10*(12) 
39*(12345) -15*(14325) -24*(52341) -15*(3412) -15*(4231) + 10*(21) 
-12*(12345) -12*(14325) + 24*(52341) + 15*(3412) + 15*(4321) + 10*(12) 
-12*(12345) -12*(14325) + 24*(52341) + 15*(3421) + 15*(4312) + 10*(12) 
12*(12345) + 12*(14325) -24*(52341) -15*(3412) -15*(4321) + 10*(21) 
12*(12345) + 12*(14325) -24*(52341) -15*(3421) -15*(4312) + 10*(21) 
12*(12345) -36*(14325) + 24*(54321) -15*(1234) -15*(2143) + 10*(12) 
12*(12345) -36*(14325) + 24*(54321) -15*(1243) -15*(2134) + 10*(12) 
-12*(12345) + 36*(14325) -24*(54321) + 15*(1234) + 15*(2143) + 10*(21) 
-12*(12345) + 36*(14325) -24*(54321) + 15*(1243) + 15*(2134) + 10*(21) 
-3*(12345) + 27*(14325) -24*(54321) -15*(1234) + 15*(4231) + 5*(12) 
3*(12345) -27*(14325) + 24*(54321) + 15*(1234) -15*(4231) + 5*(21) 
-12*(12345) -36*(14325) + 48*(54321) + 15*(1234) + 15*(3412) + 5*(12) 
-15*(12345) + 63*(14325) -48*(54321) + 15*(2143) + 15*(4231) + 5*(21) 
12*(12345) + 36*(14325) -48*(54321) + 15*(2143) + 15*(4321) + 5*(21) 
-15*(12345) -9*(14325) + 24*(54321) -15*(1324) -15*(2143) + 10*(12) 
15*(12345) + 9*(14325) -24*(54321) + 15*(1324) + 15*(2143) + 10*(21) 
-30*(12345) + 54*(14325) -24*(54321) -15*(1324) + 15*(4231) + 5*(12) 
30*(12345) -54*(14325) + 24*(54321) + 15*(1324) -15*(4231) + 5*(21) 
15*(12345) -63*(14325) + 48*(54321) + 15*(1324) + 15*(3412) + 5*(12) 
-3*(12345) + 27*(14325) -24*(54321) -15*(1324) + 15*(4321) + 5*(12) 
3*(12345) -27*(14325) + 24*(54321) + 15*(1324) -15*(4321) + 5*(21) 
-12*(12345) -36*(14325) + 48*(54321) + 15*(1432) + 15*(3214) + 5*(12) 
12*(12345) + 36*(14325) -48*(54321) + 15*(2341) + 15*(4123) + 5*(21) 
-15*(12345) -9*(14325) + 24*(54321) + 15*(3412) + 15*(4231) + 10*(12) 
15*(12345) + 9*(14325) -24*(54321) -15*(3412) -15*(4231) + 10*(21) 
12*(12345) -36*(14325) + 24*(54321) + 15*(3412) + 15*(4321) + 10*(12) 
12*(12345) -36*(14325) + 24*(54321) + 15*(3421) + 15*(4312) + 10*(12) 
-12*(12345) + 36*(14325) -24*(54321) -15*(3412) -15*(4321) + 10*(21) 
-12*(12345) + 36*(14325) -24*(54321) -15*(3421) -15*(4312) + 10*(21) 
48*(21354) -24*(25314) -24*(41352) + 15*(1234) + 15*(3412) + 5*(21) 
-48*(21354) + 24*(25314) + 24*(41352) + 15*(2143) + 15*(4321) + 5*(12) 
48*(21354) -24*(25314) -24*(41352) + 15*(1432) + 15*(3214) + 5*(21) 
-48*(21354) + 24*(25314) + 24*(41352) + 15*(2341) + 15*(4123) + 5*(12) 
[5, 5, 5, 4, 3, 3]
72*(12345) -36*(14325) -36*(52341) -45*(1234) + 20*(123) + 10*(321) 
-9*(12345) + 45*(14325) -36*(52341) -45*(1324) + 20*(123) + 10*(321) 
9*(12345) -45*(14325) + 36*(52341) -45*(4231) + 10*(123) + 20*(321) 
-72*(12345) + 36*(14325) + 36*(52341) -45*(4321) + 10*(123) + 20*(321) 
-45*(12345) + 81*(14325) -36*(54321) -45*(1324) + 20*(123) + 10*(321) 
45*(12345) -81*(14325) + 36*(54321) -45*(4231) + 10*(123) + 20*(321) 
18*(21354) -36*(41352) + 18*(45312) + 15*(3142) + 5*(123) + 5*(321) 
-18*(21354) + 36*(41352) -18*(45312) + 15*(2413) + 5*(123) + 5*(321) 
[5, 5, 5, 4, 3, 2]
-24*(12345) + 12*(14325) + 12*(52341) + 15*(1234) -10*(123) + 5*(12) 
24*(12345) -12*(14325) -12*(52341) -15*(1234) + 10*(123) + 5*(21) 
24*(12345) -12*(14325) -12*(52341) -15*(1234) + 10*(321) + 10*(12) 
-24*(12345) + 12*(14325) + 12*(52341) + 15*(1234) -10*(321) + 10*(21) 
3*(12345) -15*(14325) + 12*(52341) + 15*(1324) -10*(123) + 5*(12) 
-3*(12345) + 15*(14325) -12*(52341) -15*(1324) + 10*(123) + 5*(21) 
-3*(12345) + 15*(14325) -12*(52341) -15*(1324) + 10*(321) + 10*(12) 
3*(12345) -15*(14325) + 12*(52341) + 15*(1324) -10*(321) + 10*(21) 
-3*(12345) + 15*(14325) -12*(52341) + 15*(4231) -10*(123) + 10*(12) 
3*(12345) -15*(14325) + 12*(52341) -15*(4231) + 10*(123) + 10*(21) 
3*(12345) -15*(14325) + 12*(52341) -15*(4231) + 10*(321) + 5*(12) 
-3*(12345) + 15*(14325) -12*(52341) + 15*(4231) -10*(321) + 5*(21) 
24*(12345) -12*(14325) -12*(52341) + 15*(4321) -10*(123) + 10*(12) 
-24*(12345) + 12*(14325) + 12*(52341) -15*(4321) + 10*(123) + 10*(21) 
-24*(12345) + 12*(14325) + 12*(52341) -15*(4321) + 10*(321) + 5*(12) 
24*(12345) -12*(14325) -12*(52341) + 15*(4321) -10*(321) + 5*(21) 
15*(12345) -27*(14325) + 12*(54321) + 15*(1324) -10*(123) + 5*(12) 
-15*(12345) + 27*(14325) -12*(54321) -15*(1324) + 10*(123) + 5*(21) 
-15*(12345) + 27*(14325) -12*(54321) -15*(1324) + 10*(321) + 10*(12) 
15*(12345) -27*(14325) + 12*(54321) + 15*(1324) -10*(321) + 10*(21) 
-15*(12345) + 27*(14325) -12*(54321) + 15*(4231) -10*(123) + 10*(12) 
15*(12345) -27*(14325) + 12*(54321) -15*(4231) + 10*(123) + 10*(21) 
15*(12345) -27*(14325) + 12*(54321) -15*(4231) + 10*(321) + 5*(12) 
-15*(12345) + 27*(14325) -12*(54321) + 15*(4231) -10*(321) + 5*(21) 
36*(21354) -72*(41352) + 36*(45312) + 30*(3142) + 20*(123) + 15*(21) 
-36*(21354) + 72*(41352) -36*(45312) + 30*(2413) + 20*(123) + 15*(21) 
[5, 5, 5, 4, 2, 2]
[5, 5, 5, 4, 2, 2]: No covers found on full search.
[5, 5, 5, 3, 3, 3]
[5, 5, 5, 3, 3, 3]: No covers found on full search.
[5, 5, 5, 3, 3, 2]
[5, 5, 5, 3, 3, 2]: No covers found on full search.
[5, 5, 5, 3, 2, 2]
[5, 5, 5, 3, 2, 2]: No covers found on full search.
[5, 5, 4, 4, 4, 4]
-9*(12345) + 9*(14325) + 5*(1234) + 5*(2143) + 5*(3412) + 5*(4231) 
-9*(12345) + 9*(14325) + 5*(1243) + 5*(2134) + 5*(3412) + 5*(4231) 
-9*(12543) + 9*(14523) + 5*(1234) + 5*(2143) + 5*(3412) + 5*(4231) 
-9*(12543) + 9*(14523) + 5*(1243) + 5*(2134) + 5*(3412) + 5*(4231) 
-9*(12345) + 9*(14325) + 5*(1234) + 5*(2413) + 5*(3142) + 5*(4231) 
-9*(12345) + 9*(14325) + 5*(1234) + 5*(2431) + 5*(3142) + 5*(4213) 
-9*(12543) + 9*(14523) + 5*(1234) + 5*(2413) + 5*(3142) + 5*(4231) 
-9*(12543) + 9*(14523) + 5*(1234) + 5*(2431) + 5*(3142) + 5*(4213) 
-9*(12345) + 9*(14325) + 5*(1243) + 5*(2431) + 5*(3214) + 5*(4132) 
-9*(12543) + 9*(14523) + 5*(1243) + 5*(2431) + 5*(3214) + 5*(4132) 
9*(12345) -9*(14325) + 5*(1324) + 5*(2143) + 5*(3412) + 5*(4321) 
9*(12345) -9*(14325) + 5*(1324) + 5*(2143) + 5*(3421) + 5*(4312) 
9*(12543) -9*(14523) + 5*(1324) + 5*(2143) + 5*(3412) + 5*(4321) 
9*(12543) -9*(14523) + 5*(1324) + 5*(2143) + 5*(3421) + 5*(4312) 
9*(12345) -9*(14325) + 5*(1324) + 5*(2341) + 5*(3412) + 5*(4123) 
9*(12345) -9*(14325) + 5*(1342) + 5*(2314) + 5*(3421) + 5*(4123) 
9*(12543) -9*(14523) + 5*(1324) + 5*(2341) + 5*(3412) + 5*(4123) 
9*(12543) -9*(14523) + 5*(1342) + 5*(2314) + 5*(3421) + 5*(4123) 
9*(12345) -9*(14325) + 5*(1324) + 5*(2413) + 5*(3142) + 5*(4321) 
9*(12345) -9*(14325) + 5*(1342) + 5*(2413) + 5*(3124) + 5*(4321) 
9*(12543) -9*(14523) + 5*(1324) + 5*(2413) + 5*(3142) + 5*(4321) 
9*(12543) -9*(14523) + 5*(1342) + 5*(2413) + 5*(3124) + 5*(4321) 
-9*(12345) + 9*(14325) + 5*(1432) + 5*(2143) + 5*(3214) + 5*(4231) 
-9*(12543) + 9*(14523) + 5*(1432) + 5*(2134) + 5*(3241) + 5*(4213) 
-9*(12543) + 9*(14523) + 5*(1432) + 5*(2143) + 5*(3214) + 5*(4231) 
72*(12345) -72*(52341) -15*(1234) + 15*(2143) + 20*(4231) + 10*(4321) 
72*(12435) -72*(52431) -15*(1234) + 15*(2143) + 20*(4231) + 10*(4321) 
-72*(12345) + 72*(52341) + 25*(1234) -5*(2143) + 10*(3412) -20*(4231) 
-72*(12435) + 72*(52431) + 25*(1234) -5*(2143) + 10*(3412) -20*(4231) 
72*(12345) -72*(52341) -25*(1234) + 10*(1324) + 15*(2143) + 30*(4231) 
72*(12435) -72*(52431) -25*(1234) + 10*(1324) + 15*(2143) + 30*(4231) 
-72*(12345) + 72*(52341) + 25*(1234) + 20*(1324) + 15*(2143) + 30*(3412) 
-72*(12435) + 72*(52431) + 25*(1234) + 20*(1324) + 15*(2143) + 30*(3412) 
72*(12345) -72*(52341) + 5*(1234) -20*(1324) + 15*(2143) + 30*(4321) 
72*(12435) -72*(52431) + 5*(1234) -20*(1324) + 15*(2143) + 30*(4321) 
-72*(12345) + 72*(52341) + 25*(1234) + 5*(1324) + 15*(3412) -15*(4231) 
-72*(12435) + 72*(52431) + 25*(1234) + 5*(1324) + 15*(3412) -15*(4231) 
-72*(12345) + 72*(52341) + 10*(1234) + 20*(1324) + 15*(3412) -15*(4321) 
-72*(12435) + 72*(52431) + 10*(1234) + 20*(1324) + 15*(3412) -15*(4321) 
-72*(12345) + 72*(52341) + 30*(1234) + 15*(3412) -20*(4231) + 5*(4321) 
-72*(12435) + 72*(52431) + 30*(1234) + 15*(3412) -20*(4231) + 5*(4321) 
72*(12345) -72*(52341) + 30*(2143) + 15*(3412) + 20*(4231) + 25*(4321) 
72*(12435) -72*(52431) + 30*(2143) + 15*(3412) + 20*(4231) + 25*(4321) 
72*(12345) -72*(52341) -15*(1324) + 15*(2143) + 5*(4231) + 25*(4321) 
72*(12435) -72*(52431) -15*(1324) + 15*(2143) + 5*(4231) + 25*(4321) 
72*(12345) -72*(52341) -20*(1324) + 10*(2143) -5*(3412) + 25*(4321) 
72*(12435) -72*(52431) -20*(1324) + 10*(2143) -5*(3412) + 25*(4321) 
-72*(12345) + 72*(52341) + 30*(1324) + 15*(3412) + 10*(4231) -25*(4321) 
-72*(12435) + 72*(52431) + 30*(1324) + 15*(3412) + 10*(4231) -25*(4321) 
72*(12345) -72*(54321) -15*(1234) + 15*(2143) -20*(4231) + 50*(4321) 
-72*(12345) + 72*(54321) + 65*(1234) + 35*(2143) + 50*(3412) + 20*(4231) 
72*(12345) -72*(54321) -65*(1234) + 50*(1324) + 15*(2143) + 30*(4231) 
-72*(12345) + 72*(54321) + 65*(1234) -20*(1324) + 15*(2143) + 30*(3412) 
72*(12345) -72*(54321) -35*(1234) + 20*(1324) + 15*(2143) + 30*(4321) 
-72*(12345) + 72*(54321) + 65*(1234) -35*(1324) + 15*(3412) -15*(4231) 
-36*(21354) + 36*(45312) + 15*(1234) + 30*(2143) -10*(4231) + 25*(4321) 
36*(21354) -36*(45312) + 10*(1234) -5*(2143) + 25*(3412) + 10*(4231) 
-36*(21354) + 36*(45312) -10*(1234) + 25*(1324) + 30*(2143) + 15*(4231) 
-36*(21354) + 36*(45312) + 5*(1234) + 10*(1324) + 30*(2143) + 15*(4321) 
36*(21354) -36*(45312) + 10*(1234) + 5*(1324) + 30*(3412) + 15*(4231) 
24*(14325) -24*(52341) -5*(1234) + 5*(2143) + 20*(4231) -10*(4321) 
24*(14325) -24*(52341) + 5*(1234) + 15*(2143) + 10*(3412) + 20*(4231) 
24*(14325) -24*(52341) + 5*(1234) -10*(1324) + 5*(2143) + 10*(4231) 
24*(14325) -24*(52341) + 5*(1243) -10*(1324) + 5*(2134) + 10*(4231) 
-24*(14325) + 24*(52341) -5*(1234) + 20*(1324) + 5*(2143) + 10*(3412) 
24*(14325) -24*(52341) + 15*(1234) -20*(1324) + 5*(2143) + 10*(4321) 
-24*(14325) + 24*(52341) -5*(1234) + 15*(1324) + 5*(3412) -5*(4231) 
12*(25314) -12*(41352) -5*(1324) + 10*(1342) + 10*(3124) + 5*(4231) 
12*(25314) -12*(41352) + 5*(1342) + 5*(3124) + 5*(3142) + 5*(4231) 
12*(25314) -12*(41352) + 5*(1342) + 5*(3124) + 5*(3241) + 5*(4132) 
['Infinite family:', [1, 4, 2, 0, 3], [3, 0, 2, 4, 1], [0, 1, 2, 3], [1, 3, 0, 2], [2, 0, 3, 1], [3, 2, 1, 0]]
['Infinite family:', [1, 4, 2, 0, 3], [3, 0, 2, 4, 1], [0, 2, 1, 3], [1, 3, 0, 2], [2, 0, 3, 1], [3, 1, 2, 0]]
[5, 5, 4, 4, 4, 3]
18*(12345) -18*(14325) + 15*(1234) + 15*(2143) -30*(4231) + 20*(321) 
18*(12345) -18*(14325) + 15*(1243) + 15*(2134) -30*(4231) + 20*(321) 
18*(12543) -18*(14523) + 15*(1234) + 15*(2143) -30*(4231) + 20*(321) 
18*(12543) -18*(14523) + 15*(1243) + 15*(2134) -30*(4231) + 20*(321) 
-36*(12345) + 36*(14325) + 45*(1234) + 45*(2143) + 30*(3412) + 20*(321) 
-36*(12345) + 36*(14325) + 45*(1243) + 45*(2134) + 30*(3412) + 20*(321) 
-36*(12543) + 36*(14523) + 45*(1234) + 45*(2143) + 30*(3412) + 20*(321) 
-36*(12543) + 36*(14523) + 45*(1243) + 45*(2134) + 30*(3412) + 20*(321) 
-36*(12345) + 36*(14325) + 15*(1234) + 15*(2143) -30*(4321) + 20*(321) 
-36*(12345) + 36*(14325) + 15*(1243) + 15*(2134) -30*(4321) + 20*(321) 
-36*(12543) + 36*(14523) + 15*(1234) + 15*(2143) -30*(4321) + 20*(321) 
-36*(12543) + 36*(14523) + 15*(1243) + 15*(2134) -30*(4321) + 20*(321) 
9*(12345) -9*(14325) -30*(1234) + 15*(3412) + 15*(4231) + 20*(123) 
9*(12543) -9*(14523) -30*(1234) + 15*(3412) + 15*(4231) + 20*(123) 
36*(12345) -36*(14325) -30*(1234) + 15*(3412) + 15*(4321) + 20*(123) 
36*(12345) -36*(14325) -30*(1234) + 15*(3421) + 15*(4312) + 20*(123) 
36*(12543) -36*(14523) -30*(1234) + 15*(3412) + 15*(4321) + 20*(123) 
36*(12543) -36*(14523) -30*(1234) + 15*(3421) + 15*(4312) + 20*(123) 
-9*(12345) + 9*(14325) + 6*(2143) + 9*(3412) + 9*(4231) + 4*(123) 
-9*(12543) + 9*(14523) + 6*(2143) + 9*(3412) + 9*(4231) + 4*(123) 
36*(12345) -36*(14325) + 30*(2143) + 45*(3412) + 45*(4321) + 20*(123) 
36*(12345) -36*(14325) + 30*(2143) + 45*(3421) + 45*(4312) + 20*(123) 
36*(12543) -36*(14523) + 30*(2143) + 45*(3412) + 45*(4321) + 20*(123) 
36*(12543) -36*(14523) + 30*(2143) + 45*(3421) + 45*(4312) + 20*(123) 
9*(12345) -9*(14325) + 3*(1324) + 3*(2143) -6*(4231) + 4*(321) 
9*(12543) -9*(14523) + 3*(1324) + 3*(2143) -6*(4231) + 4*(321) 
9*(12345) -9*(14325) + 9*(1324) + 9*(2143) + 6*(3412) + 4*(321) 
9*(12543) -9*(14523) + 9*(1324) + 9*(2143) + 6*(3412) + 4*(321) 
-9*(12345) + 9*(14325) + 15*(1324) + 15*(2143) -30*(4321) + 20*(321) 
-9*(12543) + 9*(14523) + 15*(1324) + 15*(2143) -30*(4321) + 20*(321) 
-9*(12345) + 9*(14325) -6*(1324) + 3*(3412) + 3*(4231) + 4*(123) 
-9*(12543) + 9*(14523) -6*(1324) + 3*(3412) + 3*(4231) + 4*(123) 
-18*(12345) + 18*(14325) -30*(1324) + 15*(3412) + 15*(4321) + 20*(123) 
-18*(12345) + 18*(14325) -30*(1324) + 15*(3421) + 15*(4312) + 20*(123) 
-18*(12543) + 18*(14523) -30*(1324) + 15*(3412) + 15*(4321) + 20*(123) 
-18*(12543) + 18*(14523) -30*(1324) + 15*(3421) + 15*(4312) + 20*(123) 
36*(12345) -36*(52341) -15*(1234) + 15*(1243) + 15*(2134) + 10*(321) 
36*(12435) -36*(52431) -15*(1234) + 15*(1243) + 15*(2134) + 10*(321) 
144*(12345) -144*(52341) -75*(1234) + 15*(2143) + 60*(4231) + 20*(123) 
144*(12435) -144*(52431) -75*(1234) + 15*(2143) + 60*(4231) + 20*(123) 
36*(12345) -36*(52341) + 15*(1234) + 15*(2143) + 15*(4321) -10*(123) 
36*(12345) -36*(52341) + 15*(1243) + 15*(2134) + 15*(4321) -10*(123) 
36*(12435) -36*(52431) + 15*(1234) + 15*(2143) + 15*(4321) -10*(123) 
36*(12435) -36*(52431) + 15*(1243) + 15*(2134) + 15*(4321) -10*(123) 
36*(12345) -36*(52341) -25*(1234) -5*(1324) + 15*(4231) + 10*(123) 
36*(12435) -36*(52431) -25*(1234) -5*(1324) + 15*(4231) + 10*(123) 
-36*(12345) + 36*(52341) + 25*(1234) -10*(1324) -30*(4231) + 10*(321) 
-36*(12435) + 36*(52431) + 25*(1234) -10*(1324) -30*(4231) + 10*(321) 
-108*(12345) + 108*(52341) + 25*(1234) + 20*(1324) + 30*(3412) -10*(321) 
-108*(12435) + 108*(52431) + 25*(1234) + 20*(1324) + 30*(3412) -10*(321) 
36*(12345) -36*(52341) -10*(1234) -20*(1324) + 15*(4321) + 10*(123) 
36*(12435) -36*(52431) -10*(1234) -20*(1324) + 15*(4321) + 10*(123) 
-36*(12345) + 36*(52341) -5*(1234) + 20*(1324) -30*(4321) + 10*(321) 
-36*(12435) + 36*(52431) -5*(1234) + 20*(1324) -30*(4321) + 10*(321) 
-36*(12345) + 36*(52341) -15*(1234) + 15*(1432) + 15*(3214) + 10*(123) 
-36*(12435) + 36*(52431) -15*(1234) + 15*(1432) + 15*(3214) + 10*(123) 
36*(12345) -36*(52341) + 15*(1234) + 15*(2341) + 15*(4123) -10*(123) 
36*(12435) -36*(52431) + 15*(1234) + 15*(2341) + 15*(4123) -10*(123) 
36*(12345) -36*(52341) -30*(1234) + 20*(4231) -5*(4321) + 10*(123) 
36*(12435) -36*(52431) -30*(1234) + 20*(4231) -5*(4321) + 10*(123) 
-36*(12345) + 36*(52341) + 15*(1234) -20*(4231) -10*(4321) + 10*(321) 
-36*(12435) + 36*(52431) + 15*(1234) -20*(4231) -10*(4321) + 10*(321) 
-36*(12345) + 36*(52341) + 15*(1234) + 6*(3412) -12*(4231) + 2*(321) 
-36*(12435) + 36*(52431) + 15*(1234) + 6*(3412) -12*(4231) + 2*(321) 
-36*(12345) + 36*(52341) + 15*(1234) + 15*(3412) + 15*(4321) -10*(321) 
-36*(12345) + 36*(52341) + 15*(1234) + 15*(3421) + 15*(4312) -10*(321) 
-36*(12435) + 36*(52431) + 15*(1234) + 15*(3412) + 15*(4321) -10*(321) 
-36*(12435) + 36*(52431) + 15*(1234) + 15*(3421) + 15*(4312) -10*(321) 
-36*(12345) + 36*(52341) -15*(2143) + 15*(2413) + 15*(3142) + 10*(123) 
-36*(12435) + 36*(52431) -15*(2143) + 15*(2413) + 15*(3142) + 10*(123) 
108*(12345) -108*(52341) + 30*(2143) + 20*(4231) + 25*(4321) -10*(123) 
108*(12435) -108*(52431) + 30*(2143) + 20*(4231) + 25*(4321) -10*(123) 
36*(12345) -36*(52341) + 15*(1324) + 15*(2143) + 15*(4231) -10*(123) 
36*(12435) -36*(52431) + 15*(1324) + 15*(2143) + 15*(4231) -10*(123) 
36*(12345) -36*(52341) -12*(1324) + 6*(2143) + 15*(4321) + 2*(123) 
36*(12435) -36*(52431) -12*(1324) + 6*(2143) + 15*(4321) + 2*(123) 
36*(12345) -36*(52341) -30*(1324) -10*(4231) + 25*(4321) + 10*(123) 
36*(12435) -36*(52431) -30*(1324) -10*(4231) + 25*(4321) + 10*(123) 
-36*(12345) + 36*(52341) + 15*(1324) -5*(4231) -25*(4321) + 10*(321) 
-36*(12435) + 36*(52431) + 15*(1324) -5*(4231) -25*(4321) + 10*(321) 
-36*(12345) + 36*(52341) + 15*(1324) + 15*(3412) + 15*(4231) -10*(321) 
-36*(12435) + 36*(52431) + 15*(1324) + 15*(3412) + 15*(4231) -10*(321) 
-144*(12345) + 144*(52341) + 60*(1324) + 15*(3412) -75*(4321) + 20*(321) 
-144*(12435) + 144*(52431) + 60*(1324) + 15*(3412) -75*(4321) + 20*(321) 
-36*(12345) + 36*(52341) + 15*(1432) + 15*(3214) + 15*(4321) -10*(321) 
-36*(12435) + 36*(52431) + 15*(1432) + 15*(3214) + 15*(4321) -10*(321) 
36*(12345) -36*(52341) + 15*(2341) + 15*(4123) -15*(4321) + 10*(321) 
36*(12435) -36*(52431) + 15*(2341) + 15*(4123) -15*(4321) + 10*(321) 
36*(12345) -36*(52341) + 15*(2413) + 15*(3142) -15*(3412) + 10*(321) 
36*(12435) -36*(52431) + 15*(2413) + 15*(3142) -15*(3412) + 10*(321) 
-36*(12345) + 36*(52341) + 15*(3421) + 15*(4312) -15*(4321) + 10*(123) 
-36*(12435) + 36*(52431) + 15*(3421) + 15*(4312) -15*(4321) + 10*(123) 
144*(12345) -144*(54321) -255*(1234) -45*(2143) + 60*(4231) + 100*(123) 
36*(12345) -36*(54321) + 30*(1234) + 45*(2143) -60*(4231) + 50*(321) 
-36*(12345) + 36*(54321) + 45*(1234) + 15*(2143) + 15*(3412) -10*(123) 
-36*(12345) + 36*(54321) + 45*(1234) + 30*(2143) + 30*(3412) + 10*(321) 
36*(12345) -36*(54321) -20*(1234) + 20*(1324) + 15*(2143) + 10*(321) 
36*(12345) -36*(54321) -45*(1234) + 15*(1324) + 15*(4231) + 10*(123) 
-36*(12345) + 36*(54321) + 45*(1234) -30*(1324) -30*(4231) + 10*(321) 
-36*(12345) + 36*(54321) + 20*(1234) -20*(1324) + 15*(3412) + 10*(123) 
-108*(12345) + 108*(54321) + 85*(1234) -40*(1324) + 30*(3412) -10*(321) 
-36*(12345) + 36*(54321) + 45*(1234) + 15*(2413) + 15*(3142) -10*(123) 
-36*(12345) + 36*(54321) + 45*(1234) + 30*(2413) + 30*(3142) + 10*(321) 
36*(12345) -36*(54321) -120*(1234) + 45*(3412) + 60*(4231) + 70*(123) 
-36*(12345) + 36*(54321) + 15*(1234) + 18*(3412) + 24*(4231) -14*(321) 
-36*(12345) + 36*(54321) + 24*(2143) + 51*(3412) + 36*(4231) + 26*(123) 
36*(12345) -36*(54321) + 15*(2143) -12*(3412) -36*(4231) + 26*(321) 
36*(12345) -36*(54321) + 51*(1324) + 27*(2143) + 15*(4231) -26*(123) 
36*(12345) -36*(54321) + 12*(1324) + 27*(2143) -24*(4231) + 26*(321) 
-36*(21354) + 36*(41352) -30*(1234) + 15*(2413) + 15*(4231) + 20*(123) 
-36*(21354) + 36*(41352) -30*(1234) + 15*(2431) + 15*(4213) + 20*(123) 
-36*(21534) + 36*(41532) -30*(1234) + 15*(2413) + 15*(4231) + 20*(123) 
-36*(21534) + 36*(41532) -30*(1234) + 15*(2431) + 15*(4213) + 20*(123) 
36*(21354) -36*(41352) + 15*(1324) + 15*(3142) -30*(4321) + 20*(321) 
36*(21354) -36*(41352) + 15*(1342) + 15*(3124) -30*(4321) + 20*(321) 
36*(21534) -36*(41532) + 15*(1324) + 15*(3142) -30*(4321) + 20*(321) 
36*(21534) -36*(41532) + 15*(1342) + 15*(3124) -30*(4321) + 20*(321) 
-144*(21354) + 144*(45312) -165*(1234) + 45*(2143) + 60*(4231) + 100*(123) 
-72*(21354) + 72*(45312) + 105*(1234) + 135*(2143) -120*(4231) + 100*(321) 
72*(21354) -72*(45312) + 45*(1234) + 15*(2143) + 60*(3412) + 20*(321) 
-72*(21354) + 72*(45312) -15*(1234) + 45*(2143) + 30*(4321) + 20*(123) 
-72*(21354) + 72*(45312) + 15*(1234) + 45*(2143) + 60*(4321) -20*(321) 
-72*(21354) + 72*(45312) + 5*(1234) + 40*(1324) + 75*(2143) + 20*(321) 
-36*(21354) + 36*(45312) -60*(1234) -15*(1324) + 15*(4231) + 40*(123) 
36*(21354) -36*(45312) + 60*(1234) -45*(1324) -75*(4231) + 40*(321) 
108*(21354) -108*(45312) + 55*(1234) -10*(1324) + 75*(3412) + 20*(321) 
-36*(21354) + 36*(45312) -45*(1234) -30*(1324) + 15*(4321) + 40*(123) 
36*(21354) -36*(45312) -15*(1234) + 30*(1324) -75*(4321) + 40*(321) 
36*(21354) -36*(45312) + 15*(1234) -30*(2341) + 15*(4312) + 20*(231) 
36*(21354) -36*(45312) -15*(1234) + 45*(3412) + 30*(4231) + 20*(123) 
36*(21354) -36*(45312) + 15*(1234) + 27*(3412) + 6*(4231) + 4*(321) 
36*(21354) -36*(45312) -3*(2143) + 33*(3412) + 18*(4231) + 8*(123) 
-36*(21354) + 36*(45312) + 33*(1324) + 36*(2143) + 15*(4231) -8*(123) 
-36*(21354) + 36*(45312) + 21*(1324) + 36*(2143) + 3*(4231) + 8*(321) 
48*(14325) -48*(52341) + 35*(1234) + 25*(2143) + 20*(4231) -20*(123) 
-12*(14325) + 12*(52341) + 10*(1234) + 5*(2143) -20*(4231) + 10*(321) 
-12*(14325) + 12*(52341) -15*(1234) -5*(2143) + 5*(3412) + 10*(123) 
12*(14325) -12*(52341) + 15*(1234) + 20*(2143) + 10*(3412) + 10*(321) 
12*(14325) -12*(52341) + 20*(1234) + 10*(2143) + 5*(4321) -10*(123) 
12*(14325) -12*(52341) + 5*(1234) + 10*(2143) -10*(4321) + 10*(321) 
36*(14325) -36*(52341) + 20*(1234) -20*(1324) + 15*(2143) + 10*(321) 
36*(14325) -36*(52341) -5*(1234) -25*(1324) + 15*(4231) + 10*(123) 
-36*(14325) + 36*(52341) + 5*(1234) + 10*(1324) -30*(4231) + 10*(321) 
-36*(14325) + 36*(52341) -20*(1234) + 20*(1324) + 15*(3412) + 10*(123) 
-108*(14325) + 108*(52341) -35*(1234) + 80*(1324) + 30*(3412) -10*(321) 
36*(14325) -36*(52341) + 10*(1234) -40*(1324) + 15*(4321) + 10*(123) 
-36*(14325) + 36*(52341) -25*(1234) + 40*(1324) -30*(4321) + 10*(321) 
-12*(14325) + 12*(52341) -40*(1234) + 25*(3412) + 20*(4231) + 30*(123) 
-12*(14325) + 12*(52341) + 5*(1234) -2*(3412) -16*(4231) + 6*(321) 
12*(14325) -12*(52341) + 8*(2143) + 7*(3412) + 12*(4231) + 2*(123) 
12*(14325) -12*(52341) + 5*(2143) + 4*(3412) + 12*(4231) -2*(321) 
12*(14325) -12*(52341) -7*(1324) + 1*(2143) + 5*(4231) + 2*(123) 
-12*(14325) + 12*(52341) + 4*(1324) -1*(2143) -8*(4231) + 2*(321) 
[5, 5, 4, 4, 4, 2]
3*(12345) -3*(14325) -10*(1234) -5*(2143) + 5*(4231) + 5*(12) 
3*(12543) -3*(14523) -10*(1234) -5*(2143) + 5*(4231) + 5*(12) 
-3*(12345) + 3*(14325) + 10*(1234) + 5*(2143) -5*(4231) + 5*(21) 
-3*(12543) + 3*(14523) + 10*(1234) + 5*(2143) -5*(4231) + 5*(21) 
-12*(12345) + 12*(14325) + 15*(1234) + 10*(2143) + 5*(3412) + 5*(21) 
-12*(12543) + 12*(14523) + 15*(1234) + 10*(2143) + 5*(3412) + 5*(21) 
12*(12345) -12*(14325) -10*(1234) -5*(2143) + 5*(4321) + 5*(12) 
12*(12543) -12*(14523) -10*(1234) -5*(2143) + 5*(4321) + 5*(12) 
-12*(12345) + 12*(14325) + 10*(1234) + 5*(2143) -5*(4321) + 5*(21) 
-12*(12543) + 12*(14523) + 10*(1234) + 5*(2143) -5*(4321) + 5*(21) 
-6*(12345) + 6*(14325) -5*(1234) + 5*(3412) + 10*(4231) + 5*(12) 
-6*(12543) + 6*(14523) -5*(1234) + 5*(3412) + 10*(4231) + 5*(12) 
6*(12345) -6*(14325) + 5*(1234) -5*(3412) -10*(4231) + 5*(21) 
6*(12543) -6*(14523) + 5*(1234) -5*(3412) -10*(4231) + 5*(21) 
12*(12345) -12*(14325) -5*(1234) + 5*(3412) + 10*(4321) + 5*(12) 
12*(12543) -12*(14523) -5*(1234) + 5*(3412) + 10*(4321) + 5*(12) 
-12*(12345) + 12*(14325) + 5*(1234) -5*(3412) -10*(4321) + 5*(21) 
-12*(12543) + 12*(14523) + 5*(1234) -5*(3412) -10*(4321) + 5*(21) 
-3*(12345) + 3*(14325) + 1*(2143) + 2*(3412) + 3*(4231) + 1*(12) 
-3*(12543) + 3*(14523) + 1*(2143) + 2*(3412) + 3*(4231) + 1*(12) 
12*(12345) -12*(14325) + 5*(2143) + 10*(3412) + 15*(4321) + 5*(12) 
12*(12543) -12*(14523) + 5*(2143) + 10*(3412) + 15*(4321) + 5*(12) 
-3*(12345) + 3*(14325) -2*(1324) -1*(2143) + 1*(4231) + 1*(12) 
-3*(12543) + 3*(14523) -2*(1324) -1*(2143) + 1*(4231) + 1*(12) 
3*(12345) -3*(14325) + 2*(1324) + 1*(2143) -1*(4231) + 1*(21) 
3*(12543) -3*(14523) + 2*(1324) + 1*(2143) -1*(4231) + 1*(21) 
3*(12345) -3*(14325) + 3*(1324) + 2*(2143) + 1*(3412) + 1*(21) 
3*(12543) -3*(14523) + 3*(1324) + 2*(2143) + 1*(3412) + 1*(21) 
-6*(12345) + 6*(14325) -10*(1324) -5*(2143) + 5*(4321) + 5*(12) 
-6*(12543) + 6*(14523) -10*(1324) -5*(2143) + 5*(4321) + 5*(12) 
6*(12345) -6*(14325) + 10*(1324) + 5*(2143) -5*(4321) + 5*(21) 
6*(12543) -6*(14523) + 10*(1324) + 5*(2143) -5*(4321) + 5*(21) 
-3*(12345) + 3*(14325) -1*(1324) + 1*(3412) + 2*(4231) + 1*(12) 
-3*(12543) + 3*(14523) -1*(1324) + 1*(3412) + 2*(4231) + 1*(12) 
3*(12345) -3*(14325) + 1*(1324) -1*(3412) -2*(4231) + 1*(21) 
3*(12543) -3*(14523) + 1*(1324) -1*(3412) -2*(4231) + 1*(21) 
3*(12345) -3*(14325) -5*(1324) + 5*(3412) + 10*(4321) + 5*(12) 
3*(12543) -3*(14523) -5*(1324) + 5*(3412) + 10*(4321) + 5*(12) 
-3*(12345) + 3*(14325) + 5*(1324) -5*(3412) -10*(4321) + 5*(21) 
-3*(12543) + 3*(14523) + 5*(1324) -5*(3412) -10*(4321) + 5*(21) 
24*(12345) -24*(52341) -25*(1234) -5*(2143) + 20*(4231) + 10*(12) 
24*(12435) -24*(52431) -25*(1234) -5*(2143) + 20*(4231) + 10*(12) 
-24*(12345) + 24*(52341) + 25*(1234) + 5*(2143) -20*(4231) + 10*(21) 
-24*(12435) + 24*(52431) + 25*(1234) + 5*(2143) -20*(4231) + 10*(21) 
-24*(12345) + 24*(52341) -5*(1234) -10*(2143) -5*(4321) + 5*(12) 
-24*(12435) + 24*(52431) -5*(1234) -10*(2143) -5*(4321) + 5*(12) 
24*(12345) -24*(52341) + 5*(1234) + 10*(2143) + 5*(4321) + 5*(21) 
24*(12435) -24*(52431) + 5*(1234) + 10*(2143) + 5*(4321) + 5*(21) 
-72*(12345) + 72*(52341) -25*(1234) -20*(1324) -45*(2143) + 30*(12) 
-72*(12435) + 72*(52431) -25*(1234) -20*(1324) -45*(2143) + 30*(12) 
72*(12345) -72*(52341) + 25*(1234) + 20*(1324) + 45*(2143) + 30*(21) 
72*(12435) -72*(52431) + 25*(1234) + 20*(1324) + 45*(2143) + 30*(21) 
72*(12345) -72*(52341) -50*(1234) + 5*(1324) + 45*(4231) + 15*(12) 
72*(12435) -72*(52431) -50*(1234) + 5*(1324) + 45*(4231) + 15*(12) 
-72*(12345) + 72*(52341) + 50*(1234) -5*(1324) -45*(4231) + 15*(21) 
-72*(12435) + 72*(52431) + 50*(1234) -5*(1324) -45*(4231) + 15*(21) 
-144*(12345) + 144*(52341) + 25*(1234) + 20*(1324) + 45*(3412) + 15*(12) 
-144*(12435) + 144*(52431) + 25*(1234) + 20*(1324) + 45*(3412) + 15*(12) 
72*(12345) -72*(52341) -5*(1234) -40*(1324) + 45*(4321) + 15*(12) 
72*(12435) -72*(52431) -5*(1234) -40*(1324) + 45*(4321) + 15*(12) 
-72*(12345) + 72*(52341) + 5*(1234) + 40*(1324) -45*(4321) + 15*(21) 
-72*(12435) + 72*(52431) + 5*(1234) + 40*(1324) -45*(4321) + 15*(21) 
72*(12345) -72*(52341) -45*(1234) + 40*(4231) + 5*(4321) + 15*(12) 
72*(12435) -72*(52431) -45*(1234) + 40*(4231) + 5*(4321) + 15*(12) 
-72*(12345) + 72*(52341) + 45*(1234) -40*(4231) -5*(4321) + 15*(21) 
-72*(12435) + 72*(52431) + 45*(1234) -40*(4231) -5*(4321) + 15*(21) 
48*(12345) -48*(52341) -25*(1234) -5*(3412) + 20*(4231) + 5*(12) 
48*(12435) -48*(52431) -25*(1234) -5*(3412) + 20*(4231) + 5*(12) 
-48*(12345) + 48*(52341) + 25*(1234) + 5*(3412) -20*(4231) + 5*(21) 
-48*(12435) + 48*(52431) + 25*(1234) + 5*(3412) -20*(4231) + 5*(21) 
-24*(12345) + 24*(52341) + 5*(1234) + 10*(3412) + 5*(4321) + 5*(12) 
-24*(12435) + 24*(52431) + 5*(1234) + 10*(3412) + 5*(4321) + 5*(12) 
24*(12345) -24*(52341) -5*(1234) -10*(3412) -5*(4321) + 5*(21) 
24*(12435) -24*(52431) -5*(1234) -10*(3412) -5*(4321) + 5*(21) 
-24*(12345) + 24*(52341) -10*(2143) + 5*(2413) + 5*(3142) + 5*(12) 
-24*(12435) + 24*(52431) -10*(2143) + 5*(2413) + 5*(3142) + 5*(12) 
24*(12345) -24*(52341) + 10*(2143) -5*(2413) -5*(3142) + 5*(21) 
24*(12435) -24*(52431) + 10*(2143) -5*(2413) -5*(3142) + 5*(21) 
144*(12345) -144*(52341) + 45*(2143) + 20*(4231) + 25*(4321) + 15*(21) 
144*(12435) -144*(52431) + 45*(2143) + 20*(4231) + 25*(4321) + 15*(21) 
-24*(12345) + 24*(52341) -5*(1324) -10*(2143) -5*(4231) + 5*(12) 
-24*(12435) + 24*(52431) -5*(1324) -10*(2143) -5*(4231) + 5*(12) 
24*(12345) -24*(52341) + 5*(1324) + 10*(2143) + 5*(4231) + 5*(21) 
24*(12435) -24*(52431) + 5*(1324) + 10*(2143) + 5*(4231) + 5*(21) 
48*(12345) -48*(52341) -20*(1324) + 5*(2143) + 25*(4321) + 5*(12) 
48*(12435) -48*(52431) -20*(1324) + 5*(2143) + 25*(4321) + 5*(12) 
-48*(12345) + 48*(52341) + 20*(1324) -5*(2143) -25*(4321) + 5*(21) 
-48*(12435) + 48*(52431) + 20*(1324) -5*(2143) -25*(4321) + 5*(21) 
72*(12345) -72*(52341) -45*(1324) -5*(4231) + 50*(4321) + 15*(12) 
72*(12435) -72*(52431) -45*(1324) -5*(4231) + 50*(4321) + 15*(12) 
-72*(12345) + 72*(52341) + 45*(1324) + 5*(4231) -50*(4321) + 15*(21) 
-72*(12435) + 72*(52431) + 45*(1324) + 5*(4231) -50*(4321) + 15*(21) 
-24*(12345) + 24*(52341) + 5*(1324) + 10*(3412) + 5*(4231) + 5*(12) 
-24*(12435) + 24*(52431) + 5*(1324) + 10*(3412) + 5*(4231) + 5*(12) 
24*(12345) -24*(52341) -5*(1324) -10*(3412) -5*(4231) + 5*(21) 
24*(12435) -24*(52431) -5*(1324) -10*(3412) -5*(4231) + 5*(21) 
24*(12345) -24*(52341) -20*(1324) + 5*(3412) + 25*(4321) + 10*(12) 
24*(12435) -24*(52431) -20*(1324) + 5*(3412) + 25*(4321) + 10*(12) 
-24*(12345) + 24*(52341) + 20*(1324) -5*(3412) -25*(4321) + 10*(21) 
-24*(12435) + 24*(52431) + 20*(1324) -5*(3412) -25*(4321) + 10*(21) 
-24*(12345) + 24*(52341) -5*(2413) -5*(3142) + 10*(3412) + 5*(12) 
-24*(12435) + 24*(52431) -5*(2413) -5*(3142) + 10*(3412) + 5*(12) 
24*(12345) -24*(52341) + 5*(2413) + 5*(3142) -10*(3412) + 5*(21) 
24*(12435) -24*(52431) + 5*(2413) + 5*(3142) -10*(3412) + 5*(21) 
-72*(12345) + 72*(52341) + 45*(3412) + 20*(4231) + 25*(4321) + 30*(12) 
-72*(12435) + 72*(52431) + 45*(3412) + 20*(4231) + 25*(4321) + 30*(12) 
72*(12345) -72*(52341) -45*(3412) -20*(4231) -25*(4321) + 30*(21) 
72*(12435) -72*(52431) -45*(3412) -20*(4231) -25*(4321) + 30*(21) 
24*(12345) -24*(54321) -105*(1234) -45*(2143) + 60*(4231) + 50*(12) 
-24*(12345) + 24*(54321) + 105*(1234) + 45*(2143) -60*(4231) + 50*(21) 
-24*(12345) + 24*(54321) + 30*(1234) + 15*(2143) + 15*(3412) -5*(12) 
-24*(12345) + 24*(54321) + 30*(1234) + 15*(2143) + 15*(3412) + 5*(21) 
-24*(12345) + 24*(54321) + 5*(1234) -20*(1324) -15*(2143) + 10*(12) 
24*(12345) -24*(54321) -5*(1234) + 20*(1324) + 15*(2143) + 10*(21) 
24*(12345) -24*(54321) -30*(1234) + 15*(1324) + 15*(4231) + 5*(12) 
-24*(12345) + 24*(54321) + 30*(1234) -15*(1324) -15*(4231) + 5*(21) 
-48*(12345) + 48*(54321) + 35*(1234) -20*(1324) + 15*(3412) + 5*(12) 
-24*(12345) + 24*(54321) + 30*(1234) + 15*(2413) + 15*(3142) -5*(12) 
-24*(12345) + 24*(54321) + 30*(1234) + 15*(2413) + 15*(3142) + 5*(21) 
-48*(12345) + 48*(54321) -15*(1234) + 45*(3412) + 60*(4231) + 35*(12) 
48*(12345) -48*(54321) + 15*(1234) -45*(3412) -60*(4231) + 35*(21) 
-24*(12345) + 24*(54321) + 3*(2143) + 21*(3412) + 24*(4231) + 13*(12) 
24*(12345) -24*(54321) -3*(2143) -21*(3412) -24*(4231) + 13*(21) 
-24*(12345) + 24*(54321) -21*(1324) -18*(2143) + 3*(4231) + 13*(12) 
24*(12345) -24*(54321) + 21*(1324) + 18*(2143) -3*(4231) + 13*(21) 
-12*(21354) + 12*(41352) -10*(1234) -5*(3142) + 5*(4231) + 5*(12) 
-12*(21534) + 12*(41532) -10*(1234) -5*(3142) + 5*(4231) + 5*(12) 
12*(21354) -12*(41352) + 10*(1234) + 5*(3142) -5*(4231) + 5*(21) 
12*(21534) -12*(41532) + 10*(1234) + 5*(3142) -5*(4231) + 5*(21) 
-12*(21354) + 12*(41352) -5*(1324) + 5*(2413) + 10*(4321) + 5*(12) 
-12*(21534) + 12*(41532) -5*(1324) + 5*(2413) + 10*(4321) + 5*(12) 
12*(21354) -12*(41352) + 5*(1324) -5*(2413) -10*(4321) + 5*(21) 
12*(21534) -12*(41532) + 5*(1324) -5*(2413) -10*(4321) + 5*(21) 
-12*(21354) + 12*(45312) -45*(1234) -15*(2143) + 30*(4231) + 25*(12) 
12*(21354) -12*(45312) + 45*(1234) + 15*(2143) -30*(4231) + 25*(21) 
-12*(21354) + 12*(45312) + 5*(1234) + 10*(1324) + 15*(2143) + 5*(21) 
-12*(21354) + 12*(45312) -20*(1234) + 5*(1324) + 15*(4231) + 10*(12) 
12*(21354) -12*(45312) + 20*(1234) -5*(1324) -15*(4231) + 10*(21) 
-12*(21354) + 12*(45312) -5*(1234) -10*(1324) + 15*(4321) + 10*(12) 
12*(21354) -12*(45312) + 5*(1234) + 10*(1324) -15*(4321) + 10*(21) 
12*(21354) -12*(45312) -3*(2143) + 9*(3412) + 6*(4231) + 2*(12) 
-12*(21354) + 12*(45312) + 9*(1324) + 12*(2143) + 3*(4231) -2*(12) 
-12*(21354) + 12*(45312) + 9*(1324) + 12*(2143) + 3*(4231) + 2*(21) 
-24*(14325) + 24*(52341) -55*(1234) -35*(2143) + 20*(4231) + 30*(12) 
24*(14325) -24*(52341) + 55*(1234) + 35*(2143) -20*(4231) + 30*(21) 
-24*(14325) + 24*(52341) -30*(1234) -25*(2143) -5*(3412) + 15*(12) 
24*(14325) -24*(52341) + 30*(1234) + 25*(2143) + 5*(3412) + 15*(21) 
-24*(14325) + 24*(52341) -25*(1234) -20*(2143) + 5*(4321) + 15*(12) 
24*(14325) -24*(52341) + 25*(1234) + 20*(2143) -5*(4321) + 15*(21) 
-72*(14325) + 72*(52341) -65*(1234) + 20*(1324) -45*(2143) + 30*(12) 
72*(14325) -72*(52341) + 65*(1234) -20*(1324) + 45*(2143) + 30*(21) 
72*(14325) -72*(52341) -10*(1234) -35*(1324) + 45*(4231) + 15*(12) 
-72*(14325) + 72*(52341) + 10*(1234) + 35*(1324) -45*(4231) + 15*(21) 
-144*(14325) + 144*(52341) -55*(1234) + 100*(1324) + 45*(3412) + 15*(12) 
72*(14325) -72*(52341) + 35*(1234) -80*(1324) + 45*(4321) + 15*(12) 
-72*(14325) + 72*(52341) -35*(1234) + 80*(1324) -45*(4321) + 15*(21) 
48*(14325) -48*(52341) -65*(1234) + 35*(3412) + 100*(4231) + 45*(12) 
-48*(14325) + 48*(52341) + 65*(1234) -35*(3412) -100*(4231) + 45*(21) 
24*(14325) -24*(52341) + 13*(2143) + 11*(3412) + 24*(4231) + 3*(12) 
24*(14325) -24*(52341) + 13*(2143) + 11*(3412) + 24*(4231) -3*(21) 
24*(14325) -24*(52341) -11*(1324) + 2*(2143) + 13*(4231) + 3*(12) 
-24*(14325) + 24*(52341) + 11*(1324) -2*(2143) -13*(4231) + 3*(21) 
[5, 5, 4, 4, 3, 3]
-36*(12345) + 36*(14325) + 45*(1234) + 15*(2143) + 20*(231) + 20*(312) 
-36*(12543) + 36*(14523) + 45*(1234) + 15*(2143) + 20*(231) + 20*(312) 
27*(12345) -27*(14325) -15*(1234) -15*(4231) + 10*(123) + 10*(321) 
27*(12543) -27*(14523) -15*(1234) -15*(4231) + 10*(123) + 10*(321) 
36*(12345) -36*(14325) -45*(1234) + 15*(3412) + 30*(123) + 10*(321) 
36*(12543) -36*(14523) -45*(1234) + 15*(3412) + 30*(123) + 10*(321) 
9*(12345) -9*(14325) + 3*(2143) -9*(4231) + 2*(123) + 6*(321) 
9*(12543) -9*(14523) + 3*(2143) -9*(4231) + 2*(123) + 6*(321) 
-36*(12345) + 36*(14325) + 15*(2143) -45*(4321) + 10*(123) + 30*(321) 
-36*(12543) + 36*(14523) + 15*(2143) -45*(4321) + 10*(123) + 30*(321) 
9*(12345) -9*(14325) + 9*(1324) + 3*(2143) + 4*(231) + 4*(312) 
9*(12543) -9*(14523) + 9*(1324) + 3*(2143) + 4*(231) + 4*(312) 
-9*(12345) + 9*(14325) -9*(1324) + 3*(3412) + 6*(123) + 2*(321) 
-9*(12543) + 9*(14523) -9*(1324) + 3*(3412) + 6*(123) + 2*(321) 
-27*(12345) + 27*(14325) -15*(1324) -15*(4321) + 10*(123) + 10*(321) 
-27*(12543) + 27*(14523) -15*(1324) -15*(4321) + 10*(123) + 10*(321) 
-9*(12345) + 9*(14325) + 3*(3412) + 9*(4231) + 4*(132) + 4*(213) 
-9*(12543) + 9*(14523) + 3*(3412) + 9*(4231) + 4*(132) + 4*(213) 
36*(12345) -36*(14325) + 15*(3412) + 45*(4321) + 20*(132) + 20*(213) 
36*(12543) -36*(14523) + 15*(3412) + 45*(4321) + 20*(132) + 20*(213) 
36*(12345) -36*(52341) -25*(1234) -20*(1324) + 20*(123) + 10*(321) 
36*(12435) -36*(52431) -25*(1234) -20*(1324) + 20*(123) + 10*(321) 
108*(12345) -108*(52341) -75*(1234) + 60*(4231) + 20*(123) -10*(321) 
108*(12435) -108*(52431) -75*(1234) + 60*(4231) + 20*(123) -10*(321) 
-108*(12345) + 108*(52341) + 60*(1324) -75*(4321) -10*(123) + 20*(321) 
-108*(12435) + 108*(52431) + 60*(1324) -75*(4321) -10*(123) + 20*(321) 
-36*(12345) + 36*(52341) -20*(4231) -25*(4321) + 10*(123) + 20*(321) 
-36*(12435) + 36*(52431) -20*(4231) -25*(4321) + 10*(123) + 20*(321) 
36*(12345) -36*(54321) -15*(1234) + 30*(4321) + 10*(132) + 10*(213) 
36*(12345) -36*(54321) + 27*(2143) -36*(4231) + 8*(123) + 34*(321) 
36*(12345) -36*(54321) + 36*(1324) + 27*(2143) -16*(123) + 10*(321) 
-72*(21354) + 72*(45312) -45*(1234) + 45*(2143) + 40*(123) + 20*(321) 
-18*(21354) + 18*(45312) -30*(1234) -15*(1324) + 25*(123) + 5*(321) 
-18*(21354) + 18*(45312) -30*(1234) + 15*(4231) + 15*(123) -5*(321) 
72*(21354) -72*(45312) + 45*(1234) + 45*(3412) -10*(123) + 10*(321) 
-18*(21354) + 18*(45312) + 18*(2143) -9*(4231) + 7*(123) + 11*(321) 
-18*(21354) + 18*(45312) + 9*(1324) + 18*(2143) + 1*(123) + 5*(321) 
72*(21354) -72*(45312) + 45*(1432) + 45*(3214) -10*(123) + 10*(321) 
36*(14325) -36*(52341) + 45*(1234) + 30*(2143) -20*(123) + 10*(321) 
36*(14325) -36*(52341) -5*(1234) -40*(1324) + 20*(123) + 10*(321) 
-108*(14325) + 108*(52341) + 15*(1234) -120*(4231) + 20*(123) + 50*(321) 
-36*(14325) + 36*(52341) -45*(1234) + 30*(3412) + 40*(123) + 10*(321) 
-36*(14325) + 36*(52341) -3*(2143) -36*(4231) + 8*(123) + 14*(321) 
36*(14325) -36*(52341) -36*(1324) + 3*(2143) + 16*(123) + 10*(321) 
['Infinite family:', [0, 1, 2, 3, 4], [4, 1, 2, 3, 0], [1, 0, 3, 2], [2, 3, 0, 1], [0, 1, 2], [2, 1, 0]]
['Infinite family:', [0, 1, 3, 2, 4], [4, 1, 3, 2, 0], [1, 0, 3, 2], [2, 3, 0, 1], [0, 1, 2], [2, 1, 0]]
['Infinite family:', [0, 1, 2, 3, 4], [4, 3, 2, 1, 0], [0, 1, 2, 3], [3, 2, 1, 0], [0, 1, 2], [2, 1, 0]]
['Infinite family:', [0, 2, 1, 3, 4], [4, 2, 1, 3, 0], [1, 0, 3, 2], [2, 3, 0, 1], [0, 1, 2], [2, 1, 0]]
['Infinite family:', [0, 2, 3, 1, 4], [4, 2, 3, 1, 0], [1, 0, 3, 2], [2, 3, 0, 1], [0, 1, 2], [2, 1, 0]]
['Infinite family:', [0, 3, 1, 2, 4], [4, 3, 1, 2, 0], [1, 0, 3, 2], [2, 3, 0, 1], [0, 1, 2], [2, 1, 0]]
['Infinite family:', [0, 3, 2, 1, 4], [4, 3, 2, 1, 0], [1, 0, 3, 2], [2, 3, 0, 1], [0, 1, 2], [2, 1, 0]]
['Infinite family:', [1, 4, 2, 0, 3], [3, 0, 2, 4, 1], [1, 3, 0, 2], [2, 0, 3, 1], [0, 1, 2], [2, 1, 0]]
[5, 5, 4, 4, 3, 2]
36*(12345) -36*(14325) -45*(1234) -15*(2143) + 20*(321) + 30*(12) 
36*(12543) -36*(14523) -45*(1234) -15*(2143) + 20*(321) + 30*(12) 
-36*(12345) + 36*(14325) + 45*(1234) + 15*(2143) -20*(321) + 30*(21) 
-36*(12543) + 36*(14523) + 45*(1234) + 15*(2143) -20*(321) + 30*(21) 
-27*(12345) + 27*(14325) + 15*(1234) + 15*(4231) -20*(123) + 15*(12) 
-27*(12543) + 27*(14523) + 15*(1234) + 15*(4231) -20*(123) + 15*(12) 
27*(12345) -27*(14325) -15*(1234) -15*(4231) + 20*(123) + 15*(21) 
27*(12543) -27*(14523) -15*(1234) -15*(4231) + 20*(123) + 15*(21) 
27*(12345) -27*(14325) -15*(1234) -15*(4231) + 20*(321) + 15*(12) 
27*(12543) -27*(14523) -15*(1234) -15*(4231) + 20*(321) + 15*(12) 
-27*(12345) + 27*(14325) + 15*(1234) + 15*(4231) -20*(321) + 15*(21) 
-27*(12543) + 27*(14523) + 15*(1234) + 15*(4231) -20*(321) + 15*(21) 
36*(12345) -36*(14325) -45*(1234) + 15*(3412) + 40*(123) + 15*(21) 
36*(12543) -36*(14523) -45*(1234) + 15*(3412) + 40*(123) + 15*(21) 
36*(12345) -36*(14325) -45*(1234) + 15*(3412) + 40*(321) + 45*(12) 
36*(12543) -36*(14523) -45*(1234) + 15*(3412) + 40*(321) + 45*(12) 
-36*(12345) + 36*(14325) + 45*(1234) -15*(3412) -40*(321) + 45*(21) 
-36*(12543) + 36*(14523) + 45*(1234) -15*(3412) -40*(321) + 45*(21) 
-9*(12345) + 9*(14325) -3*(2143) + 9*(4231) -8*(123) + 9*(12) 
-9*(12543) + 9*(14523) -3*(2143) + 9*(4231) -8*(123) + 9*(12) 
9*(12345) -9*(14325) + 3*(2143) -9*(4231) + 8*(123) + 9*(21) 
9*(12543) -9*(14523) + 3*(2143) -9*(4231) + 8*(123) + 9*(21) 
9*(12345) -9*(14325) + 3*(2143) -9*(4231) + 8*(321) + 3*(12) 
9*(12543) -9*(14523) + 3*(2143) -9*(4231) + 8*(321) + 3*(12) 
36*(12345) -36*(14325) -15*(2143) + 45*(4321) -40*(123) + 45*(12) 
36*(12543) -36*(14523) -15*(2143) + 45*(4321) -40*(123) + 45*(12) 
-36*(12345) + 36*(14325) + 15*(2143) -45*(4321) + 40*(123) + 45*(21) 
-36*(12543) + 36*(14523) + 15*(2143) -45*(4321) + 40*(123) + 45*(21) 
-36*(12345) + 36*(14325) + 15*(2143) -45*(4321) + 40*(321) + 15*(12) 
-36*(12543) + 36*(14523) + 15*(2143) -45*(4321) + 40*(321) + 15*(12) 
-9*(12345) + 9*(14325) -9*(1324) -3*(2143) + 4*(321) + 6*(12) 
-9*(12543) + 9*(14523) -9*(1324) -3*(2143) + 4*(321) + 6*(12) 
9*(12345) -9*(14325) + 9*(1324) + 3*(2143) -4*(321) + 6*(21) 
9*(12543) -9*(14523) + 9*(1324) + 3*(2143) -4*(321) + 6*(21) 
-9*(12345) + 9*(14325) -9*(1324) + 3*(3412) + 8*(123) + 3*(21) 
-9*(12543) + 9*(14523) -9*(1324) + 3*(3412) + 8*(123) + 3*(21) 
-9*(12345) + 9*(14325) -9*(1324) + 3*(3412) + 8*(321) + 9*(12) 
-9*(12543) + 9*(14523) -9*(1324) + 3*(3412) + 8*(321) + 9*(12) 
9*(12345) -9*(14325) + 9*(1324) -3*(3412) -8*(321) + 9*(21) 
9*(12543) -9*(14523) + 9*(1324) -3*(3412) -8*(321) + 9*(21) 
27*(12345) -27*(14325) + 15*(1324) + 15*(4321) -20*(123) + 15*(12) 
27*(12543) -27*(14523) + 15*(1324) + 15*(4321) -20*(123) + 15*(12) 
-27*(12345) + 27*(14325) -15*(1324) -15*(4321) + 20*(123) + 15*(21) 
-27*(12543) + 27*(14523) -15*(1324) -15*(4321) + 20*(123) + 15*(21) 
-27*(12345) + 27*(14325) -15*(1324) -15*(4321) + 20*(321) + 15*(12) 
-27*(12543) + 27*(14523) -15*(1324) -15*(4321) + 20*(321) + 15*(12) 
27*(12345) -27*(14325) + 15*(1324) + 15*(4321) -20*(321) + 15*(21) 
27*(12543) -27*(14523) + 15*(1324) + 15*(4321) -20*(321) + 15*(21) 
-9*(12345) + 9*(14325) + 3*(3412) + 9*(4231) -4*(123) + 6*(12) 
-9*(12543) + 9*(14523) + 3*(3412) + 9*(4231) -4*(123) + 6*(12) 
9*(12345) -9*(14325) -3*(3412) -9*(4231) + 4*(123) + 6*(21) 
9*(12543) -9*(14523) -3*(3412) -9*(4231) + 4*(123) + 6*(21) 
36*(12345) -36*(14325) + 15*(3412) + 45*(4321) -20*(123) + 30*(12) 
36*(12543) -36*(14523) + 15*(3412) + 45*(4321) -20*(123) + 30*(12) 
-36*(12345) + 36*(14325) -15*(3412) -45*(4321) + 20*(123) + 30*(21) 
-36*(12543) + 36*(14523) -15*(3412) -45*(4321) + 20*(123) + 30*(21) 
-36*(12345) + 36*(52341) + 25*(1234) + 20*(1324) -30*(123) + 15*(12) 
-36*(12435) + 36*(52431) + 25*(1234) + 20*(1324) -30*(123) + 15*(12) 
36*(12345) -36*(52341) -25*(1234) -20*(1324) + 30*(123) + 15*(21) 
36*(12435) -36*(52431) -25*(1234) -20*(1324) + 30*(123) + 15*(21) 
36*(12345) -36*(52341) -25*(1234) -20*(1324) + 30*(321) + 30*(12) 
36*(12435) -36*(52431) -25*(1234) -20*(1324) + 30*(321) + 30*(12) 
-36*(12345) + 36*(52341) + 25*(1234) + 20*(1324) -30*(321) + 30*(21) 
-36*(12435) + 36*(52431) + 25*(1234) + 20*(1324) -30*(321) + 30*(21) 
108*(12345) -108*(52341) -75*(1234) + 60*(4231) + 10*(123) + 15*(12) 
108*(12435) -108*(52431) -75*(1234) + 60*(4231) + 10*(123) + 15*(12) 
-108*(12345) + 108*(52341) + 75*(1234) -60*(4231) -10*(123) + 15*(21) 
-108*(12435) + 108*(52431) + 75*(1234) -60*(4231) -10*(123) + 15*(21) 
108*(12345) -108*(52341) -75*(1234) + 60*(4231) + 10*(321) + 30*(12) 
108*(12435) -108*(52431) -75*(1234) + 60*(4231) + 10*(321) + 30*(12) 
-108*(12345) + 108*(52341) + 75*(1234) -60*(4231) -10*(321) + 30*(21) 
-108*(12435) + 108*(52431) + 75*(1234) -60*(4231) -10*(321) + 30*(21) 
108*(12345) -108*(52341) -60*(1324) + 75*(4321) -10*(123) + 30*(12) 
108*(12435) -108*(52431) -60*(1324) + 75*(4321) -10*(123) + 30*(12) 
-108*(12345) + 108*(52341) + 60*(1324) -75*(4321) + 10*(123) + 30*(21) 
-108*(12435) + 108*(52431) + 60*(1324) -75*(4321) + 10*(123) + 30*(21) 
108*(12345) -108*(52341) -60*(1324) + 75*(4321) -10*(321) + 15*(12) 
108*(12435) -108*(52431) -60*(1324) + 75*(4321) -10*(321) + 15*(12) 
-108*(12345) + 108*(52341) + 60*(1324) -75*(4321) + 10*(321) + 15*(21) 
-108*(12435) + 108*(52431) + 60*(1324) -75*(4321) + 10*(321) + 15*(21) 
36*(12345) -36*(52341) + 20*(4231) + 25*(4321) -30*(123) + 30*(12) 
36*(12435) -36*(52431) + 20*(4231) + 25*(4321) -30*(123) + 30*(12) 
-36*(12345) + 36*(52341) -20*(4231) -25*(4321) + 30*(123) + 30*(21) 
-36*(12435) + 36*(52431) -20*(4231) -25*(4321) + 30*(123) + 30*(21) 
-36*(12345) + 36*(52341) -20*(4231) -25*(4321) + 30*(321) + 15*(12) 
-36*(12435) + 36*(52431) -20*(4231) -25*(4321) + 30*(321) + 15*(12) 
36*(12345) -36*(52341) + 20*(4231) + 25*(4321) -30*(321) + 15*(21) 
36*(12435) -36*(52431) + 20*(4231) + 25*(4321) -30*(321) + 15*(21) 
-12*(12345) + 12*(54321) -9*(2143) + 12*(4231) -14*(123) + 17*(12) 
12*(12345) -12*(54321) + 9*(2143) -12*(4231) + 14*(123) + 17*(21) 
12*(12345) -12*(54321) + 9*(2143) -12*(4231) + 14*(321) + 4*(12) 
12*(12345) -12*(54321) + 9*(2143) -12*(4231) + 14*(321) -4*(21) 
-12*(12345) + 12*(54321) -12*(1324) -9*(2143) + 2*(123) + 5*(12) 
12*(12345) -12*(54321) + 12*(1324) + 9*(2143) -2*(123) + 5*(21) 
-12*(12345) + 12*(54321) -12*(1324) -9*(2143) + 2*(321) + 8*(12) 
12*(12345) -12*(54321) + 12*(1324) + 9*(2143) -2*(321) + 8*(21) 
-24*(21354) + 24*(45312) -15*(1234) + 15*(2143) + 20*(123) + 10*(21) 
-24*(21354) + 24*(45312) -15*(1234) + 15*(2143) + 20*(321) + 20*(12) 
24*(21354) -24*(45312) + 15*(1234) -15*(2143) -20*(321) + 20*(21) 
-12*(21354) + 12*(45312) -20*(1234) -10*(1324) + 20*(123) + 5*(21) 
-12*(21354) + 12*(45312) -20*(1234) -10*(1324) + 20*(321) + 25*(12) 
12*(21354) -12*(45312) + 20*(1234) + 10*(1324) -20*(321) + 25*(21) 
-36*(21354) + 36*(45312) -60*(1234) + 30*(4231) + 20*(123) + 15*(12) 
36*(21354) -36*(45312) + 60*(1234) -30*(4231) -20*(123) + 15*(21) 
-36*(21354) + 36*(45312) -60*(1234) + 30*(4231) + 20*(321) + 45*(12) 
36*(21354) -36*(45312) + 60*(1234) -30*(4231) -20*(321) + 45*(21) 
12*(21354) -12*(45312) -12*(2143) + 6*(4231) -12*(123) + 11*(12) 
-12*(21354) + 12*(45312) + 12*(2143) -6*(4231) + 12*(123) + 11*(21) 
-12*(21354) + 12*(45312) + 12*(2143) -6*(4231) + 12*(321) + 7*(12) 
-12*(21354) + 12*(45312) + 6*(1324) + 12*(2143) + 4*(123) + 5*(21) 
-12*(21354) + 12*(45312) + 6*(1324) + 12*(2143) + 4*(321) + 1*(12) 
-12*(21354) + 12*(45312) + 6*(1324) + 12*(2143) + 4*(321) -1*(21) 
-36*(14325) + 36*(52341) -45*(1234) -30*(2143) + 10*(123) + 15*(12) 
36*(14325) -36*(52341) + 45*(1234) + 30*(2143) -10*(123) + 15*(21) 
-36*(14325) + 36*(52341) -45*(1234) -30*(2143) + 10*(321) + 30*(12) 
36*(14325) -36*(52341) + 45*(1234) + 30*(2143) -10*(321) + 30*(21) 
-36*(14325) + 36*(52341) + 5*(1234) + 40*(1324) -30*(123) + 15*(12) 
36*(14325) -36*(52341) -5*(1234) -40*(1324) + 30*(123) + 15*(21) 
36*(14325) -36*(52341) -5*(1234) -40*(1324) + 30*(321) + 30*(12) 
-36*(14325) + 36*(52341) + 5*(1234) + 40*(1324) -30*(321) + 30*(21) 
108*(14325) -108*(52341) -15*(1234) + 120*(4231) -70*(123) + 75*(12) 
-108*(14325) + 108*(52341) + 15*(1234) -120*(4231) + 70*(123) + 75*(21) 
-108*(14325) + 108*(52341) + 15*(1234) -120*(4231) + 70*(321) + 30*(12) 
108*(14325) -108*(52341) -15*(1234) + 120*(4231) -70*(321) + 30*(21) 
-36*(14325) + 36*(52341) -45*(1234) + 30*(3412) + 50*(123) -15*(12) 
-36*(14325) + 36*(52341) -45*(1234) + 30*(3412) + 50*(123) + 15*(21) 
-36*(14325) + 36*(52341) -45*(1234) + 30*(3412) + 50*(321) + 60*(12) 
36*(14325) -36*(52341) + 45*(1234) -30*(3412) -50*(321) + 60*(21) 
36*(14325) -36*(52341) + 3*(2143) + 36*(4231) -22*(123) + 21*(12) 
-36*(14325) + 36*(52341) -3*(2143) -36*(4231) + 22*(123) + 21*(21) 
-36*(14325) + 36*(52341) -3*(2143) -36*(4231) + 22*(321) + 12*(12) 
36*(14325) -36*(52341) + 3*(2143) + 36*(4231) -22*(321) + 12*(21) 
-36*(14325) + 36*(52341) + 36*(1324) -3*(2143) -26*(123) + 15*(12) 
36*(14325) -36*(52341) -36*(1324) + 3*(2143) + 26*(123) + 15*(21) 
36*(14325) -36*(52341) -36*(1324) + 3*(2143) + 26*(321) + 24*(12) 
-36*(14325) + 36*(52341) + 36*(1324) -3*(2143) -26*(321) + 24*(21) 
['Infinite family:', [0, 1, 2, 3, 4], [4, 1, 2, 3, 0], [1, 0, 3, 2], [2, 3, 0, 1], [0, 1, 2], [0, 1]]
['Infinite family:', [0, 1, 3, 2, 4], [4, 1, 3, 2, 0], [1, 0, 3, 2], [2, 3, 0, 1], [0, 1, 2], [0, 1]]
['Infinite family:', [0, 1, 2, 3, 4], [4, 1, 2, 3, 0], [1, 0, 3, 2], [2, 3, 0, 1], [0, 1, 2], [1, 0]]
['Infinite family:', [0, 1, 3, 2, 4], [4, 1, 3, 2, 0], [1, 0, 3, 2], [2, 3, 0, 1], [0, 1, 2], [1, 0]]
['Infinite family:', [0, 1, 2, 3, 4], [4, 1, 2, 3, 0], [1, 0, 3, 2], [2, 3, 0, 1], [2, 1, 0], [0, 1]]
['Infinite family:', [0, 1, 3, 2, 4], [4, 1, 3, 2, 0], [1, 0, 3, 2], [2, 3, 0, 1], [2, 1, 0], [0, 1]]
['Infinite family:', [0, 1, 2, 3, 4], [4, 1, 2, 3, 0], [1, 0, 3, 2], [2, 3, 0, 1], [2, 1, 0], [1, 0]]
['Infinite family:', [0, 1, 3, 2, 4], [4, 1, 3, 2, 0], [1, 0, 3, 2], [2, 3, 0, 1], [2, 1, 0], [1, 0]]
['Infinite family:', [0, 1, 2, 3, 4], [4, 3, 2, 1, 0], [0, 1, 2, 3], [3, 2, 1, 0], [0, 1, 2], [0, 1]]
['Infinite family:', [0, 1, 2, 3, 4], [4, 3, 2, 1, 0], [0, 1, 2, 3], [3, 2, 1, 0], [0, 1, 2], [1, 0]]
['Infinite family:', [0, 1, 2, 3, 4], [4, 3, 2, 1, 0], [0, 1, 2, 3], [3, 2, 1, 0], [2, 1, 0], [0, 1]]
['Infinite family:', [0, 1, 2, 3, 4], [4, 3, 2, 1, 0], [0, 1, 2, 3], [3, 2, 1, 0], [2, 1, 0], [1, 0]]
['Infinite family:', [0, 2, 1, 3, 4], [4, 2, 1, 3, 0], [1, 0, 3, 2], [2, 3, 0, 1], [0, 1, 2], [0, 1]]
['Infinite family:', [0, 2, 3, 1, 4], [4, 2, 3, 1, 0], [1, 0, 3, 2], [2, 3, 0, 1], [0, 1, 2], [0, 1]]
['Infinite family:', [0, 2, 1, 3, 4], [4, 2, 1, 3, 0], [1, 0, 3, 2], [2, 3, 0, 1], [0, 1, 2], [1, 0]]
['Infinite family:', [0, 2, 3, 1, 4], [4, 2, 3, 1, 0], [1, 0, 3, 2], [2, 3, 0, 1], [0, 1, 2], [1, 0]]
['Infinite family:', [0, 2, 1, 3, 4], [4, 2, 1, 3, 0], [1, 0, 3, 2], [2, 3, 0, 1], [2, 1, 0], [0, 1]]
['Infinite family:', [0, 2, 3, 1, 4], [4, 2, 3, 1, 0], [1, 0, 3, 2], [2, 3, 0, 1], [2, 1, 0], [0, 1]]
['Infinite family:', [0, 2, 1, 3, 4], [4, 2, 1, 3, 0], [1, 0, 3, 2], [2, 3, 0, 1], [2, 1, 0], [1, 0]]
['Infinite family:', [0, 2, 3, 1, 4], [4, 2, 3, 1, 0], [1, 0, 3, 2], [2, 3, 0, 1], [2, 1, 0], [1, 0]]
['Infinite family:', [0, 3, 1, 2, 4], [4, 3, 1, 2, 0], [1, 0, 3, 2], [2, 3, 0, 1], [0, 1, 2], [0, 1]]
['Infinite family:', [0, 3, 2, 1, 4], [4, 3, 2, 1, 0], [1, 0, 3, 2], [2, 3, 0, 1], [0, 1, 2], [0, 1]]
['Infinite family:', [0, 3, 1, 2, 4], [4, 3, 1, 2, 0], [1, 0, 3, 2], [2, 3, 0, 1], [0, 1, 2], [1, 0]]
['Infinite family:', [0, 3, 2, 1, 4], [4, 3, 2, 1, 0], [1, 0, 3, 2], [2, 3, 0, 1], [0, 1, 2], [1, 0]]
['Infinite family:', [0, 3, 1, 2, 4], [4, 3, 1, 2, 0], [1, 0, 3, 2], [2, 3, 0, 1], [2, 1, 0], [0, 1]]
['Infinite family:', [0, 3, 2, 1, 4], [4, 3, 2, 1, 0], [1, 0, 3, 2], [2, 3, 0, 1], [2, 1, 0], [0, 1]]
['Infinite family:', [0, 3, 1, 2, 4], [4, 3, 1, 2, 0], [1, 0, 3, 2], [2, 3, 0, 1], [2, 1, 0], [1, 0]]
['Infinite family:', [0, 3, 2, 1, 4], [4, 3, 2, 1, 0], [1, 0, 3, 2], [2, 3, 0, 1], [2, 1, 0], [1, 0]]
['Infinite family:', [1, 4, 2, 0, 3], [3, 0, 2, 4, 1], [1, 3, 0, 2], [2, 0, 3, 1], [0, 1, 2], [1, 0]]
['Infinite family:', [1, 4, 2, 0, 3], [3, 0, 2, 4, 1], [1, 3, 0, 2], [2, 0, 3, 1], [2, 1, 0], [0, 1]]
[5, 5, 4, 4, 2, 2]
['Infinite family:', [0, 1, 2, 3, 4], [0, 3, 2, 1, 4], [0, 1, 2, 3], [0, 2, 1, 3], [0, 1], [1, 0]]
['Infinite family:', [0, 1, 4, 3, 2], [0, 3, 4, 1, 2], [0, 1, 2, 3], [0, 2, 1, 3], [0, 1], [1, 0]]
['Infinite family:', [0, 1, 2, 3, 4], [0, 3, 2, 1, 4], [3, 1, 2, 0], [3, 2, 1, 0], [0, 1], [1, 0]]
['Infinite family:', [0, 1, 4, 3, 2], [0, 3, 4, 1, 2], [3, 1, 2, 0], [3, 2, 1, 0], [0, 1], [1, 0]]
['Infinite family:', [0, 1, 2, 3, 4], [4, 1, 2, 3, 0], [1, 0, 3, 2], [2, 3, 0, 1], [0, 1], [1, 0]]
['Infinite family:', [0, 1, 3, 2, 4], [4, 1, 3, 2, 0], [1, 0, 3, 2], [2, 3, 0, 1], [0, 1], [1, 0]]
['Infinite family:', [0, 1, 2, 3, 4], [4, 3, 2, 1, 0], [0, 1, 2, 3], [3, 2, 1, 0], [0, 1], [1, 0]]
['Infinite family:', [1, 0, 2, 4, 3], [3, 4, 2, 0, 1], [0, 1, 2, 3], [2, 3, 0, 1], [0, 1], [1, 0]]
['Infinite family:', [1, 0, 2, 4, 3], [3, 4, 2, 0, 1], [1, 0, 3, 2], [3, 2, 1, 0], [0, 1], [1, 0]]
['Infinite family:', [1, 0, 2, 4, 3], [3, 4, 2, 0, 1], [0, 3, 2, 1], [2, 1, 0, 3], [0, 1], [1, 0]]
['Infinite family:', [1, 0, 2, 4, 3], [3, 4, 2, 0, 1], [1, 2, 3, 0], [3, 0, 1, 2], [0, 1], [1, 0]]
['Infinite family:', [0, 2, 1, 3, 4], [4, 2, 1, 3, 0], [1, 0, 3, 2], [2, 3, 0, 1], [0, 1], [1, 0]]
['Infinite family:', [0, 2, 3, 1, 4], [4, 2, 3, 1, 0], [1, 0, 3, 2], [2, 3, 0, 1], [0, 1], [1, 0]]
['Infinite family:', [0, 3, 1, 2, 4], [4, 3, 1, 2, 0], [1, 0, 3, 2], [2, 3, 0, 1], [0, 1], [1, 0]]
['Infinite family:', [0, 3, 2, 1, 4], [4, 3, 2, 1, 0], [1, 0, 3, 2], [2, 3, 0, 1], [0, 1], [1, 0]]
['Infinite family:', [2, 1, 0, 3, 4], [2, 3, 0, 1, 4], [0, 1, 2, 3], [0, 2, 1, 3], [0, 1], [1, 0]]
['Infinite family:', [2, 1, 4, 3, 0], [2, 3, 4, 1, 0], [0, 1, 2, 3], [0, 2, 1, 3], [0, 1], [1, 0]]
['Infinite family:', [2, 1, 0, 3, 4], [2, 3, 0, 1, 4], [3, 1, 2, 0], [3, 2, 1, 0], [0, 1], [1, 0]]
['Infinite family:', [2, 1, 4, 3, 0], [2, 3, 4, 1, 0], [3, 1, 2, 0], [3, 2, 1, 0], [0, 1], [1, 0]]
['Infinite family:', [1, 4, 2, 0, 3], [3, 0, 2, 4, 1], [1, 3, 0, 2], [2, 0, 3, 1], [0, 1], [1, 0]]
['Infinite family:', [4, 1, 0, 3, 2], [4, 3, 0, 1, 2], [0, 1, 2, 3], [0, 2, 1, 3], [0, 1], [1, 0]]
['Infinite family:', [4, 1, 2, 3, 0], [4, 3, 2, 1, 0], [0, 1, 2, 3], [0, 2, 1, 3], [0, 1], [1, 0]]
['Infinite family:', [4, 1, 0, 3, 2], [4, 3, 0, 1, 2], [3, 1, 2, 0], [3, 2, 1, 0], [0, 1], [1, 0]]
['Infinite family:', [4, 1, 2, 3, 0], [4, 3, 2, 1, 0], [3, 1, 2, 0], [3, 2, 1, 0], [0, 1], [1, 0]]
[5, 5, 4, 3, 3, 3]
-36*(12345) + 36*(54321) + 45*(1234) -20*(123) + 10*(132) + 10*(213) 
-36*(12345) + 36*(54321) + 45*(1234) + 20*(231) + 20*(312) -10*(321) 
['Infinite family:', [0, 1, 2, 3, 4], [4, 1, 2, 3, 0], [1, 0, 3, 2], [0, 2, 1], [1, 0, 2], [2, 1, 0]]
['Infinite family:', [0, 1, 3, 2, 4], [4, 1, 3, 2, 0], [1, 0, 3, 2], [0, 2, 1], [1, 0, 2], [2, 1, 0]]
['Infinite family:', [0, 1, 2, 3, 4], [4, 1, 2, 3, 0], [2, 3, 0, 1], [0, 1, 2], [1, 2, 0], [2, 0, 1]]
['Infinite family:', [0, 1, 3, 2, 4], [4, 1, 3, 2, 0], [2, 3, 0, 1], [0, 1, 2], [1, 2, 0], [2, 0, 1]]
['Infinite family:', [0, 2, 1, 3, 4], [4, 2, 1, 3, 0], [1, 0, 3, 2], [0, 2, 1], [1, 0, 2], [2, 1, 0]]
['Infinite family:', [0, 2, 3, 1, 4], [4, 2, 3, 1, 0], [1, 0, 3, 2], [0, 2, 1], [1, 0, 2], [2, 1, 0]]
['Infinite family:', [0, 2, 1, 3, 4], [4, 2, 1, 3, 0], [2, 3, 0, 1], [0, 1, 2], [1, 2, 0], [2, 0, 1]]
['Infinite family:', [0, 2, 3, 1, 4], [4, 2, 3, 1, 0], [2, 3, 0, 1], [0, 1, 2], [1, 2, 0], [2, 0, 1]]
['Infinite family:', [0, 3, 1, 2, 4], [4, 3, 1, 2, 0], [1, 0, 3, 2], [0, 2, 1], [1, 0, 2], [2, 1, 0]]
['Infinite family:', [0, 3, 2, 1, 4], [4, 3, 2, 1, 0], [1, 0, 3, 2], [0, 2, 1], [1, 0, 2], [2, 1, 0]]
['Infinite family:', [0, 3, 1, 2, 4], [4, 3, 1, 2, 0], [2, 3, 0, 1], [0, 1, 2], [1, 2, 0], [2, 0, 1]]
['Infinite family:', [0, 3, 2, 1, 4], [4, 3, 2, 1, 0], [2, 3, 0, 1], [0, 1, 2], [1, 2, 0], [2, 0, 1]]
[5, 5, 4, 3, 3, 2]
-36*(12345) + 36*(52341) -15*(2143) + 10*(231) + 10*(312) + 15*(12) 
-36*(12435) + 36*(52431) -15*(2143) + 10*(231) + 10*(312) + 15*(12) 
36*(12345) -36*(52341) + 15*(2143) -10*(231) -10*(312) + 15*(21) 
36*(12435) -36*(52431) + 15*(2143) -10*(231) -10*(312) + 15*(21) 
-36*(12345) + 36*(52341) + 15*(3412) -10*(132) -10*(213) + 15*(12) 
-36*(12435) + 36*(52431) + 15*(3412) -10*(132) -10*(213) + 15*(12) 
36*(12345) -36*(52341) -15*(3412) + 10*(132) + 10*(213) + 15*(21) 
36*(12435) -36*(52431) -15*(3412) + 10*(132) + 10*(213) + 15*(21) 
-12*(12345) + 12*(54321) + 15*(1234) + 10*(132) + 10*(213) -10*(12) 
-12*(12345) + 12*(54321) + 15*(1234) + 10*(132) + 10*(213) + 10*(21) 
-12*(12345) + 12*(54321) + 15*(1234) + 10*(231) + 10*(312) + 5*(12) 
-12*(12345) + 12*(54321) + 15*(1234) + 10*(231) + 10*(312) -5*(21) 
-36*(25314) + 36*(41352) -30*(3142) + 20*(132) + 20*(213) + 15*(21) 
['Infinite family:', [0, 1, 2, 3, 4], [4, 1, 2, 3, 0], [1, 0, 3, 2], [0, 1, 2], [2, 1, 0], [0, 1]]
['Infinite family:', [0, 1, 3, 2, 4], [4, 1, 3, 2, 0], [1, 0, 3, 2], [0, 1, 2], [2, 1, 0], [0, 1]]
['Infinite family:', [0, 1, 2, 3, 4], [4, 1, 2, 3, 0], [1, 0, 3, 2], [0, 1, 2], [2, 1, 0], [1, 0]]
['Infinite family:', [0, 1, 3, 2, 4], [4, 1, 3, 2, 0], [1, 0, 3, 2], [0, 1, 2], [2, 1, 0], [1, 0]]
['Infinite family:', [0, 1, 2, 3, 4], [4, 1, 2, 3, 0], [2, 3, 0, 1], [0, 1, 2], [2, 1, 0], [0, 1]]
['Infinite family:', [0, 1, 3, 2, 4], [4, 1, 3, 2, 0], [2, 3, 0, 1], [0, 1, 2], [2, 1, 0], [0, 1]]
['Infinite family:', [0, 1, 2, 3, 4], [4, 1, 2, 3, 0], [2, 3, 0, 1], [0, 1, 2], [2, 1, 0], [1, 0]]
['Infinite family:', [0, 1, 3, 2, 4], [4, 1, 3, 2, 0], [2, 3, 0, 1], [0, 1, 2], [2, 1, 0], [1, 0]]
['Infinite family:', [0, 1, 2, 3, 4], [4, 3, 2, 1, 0], [0, 1, 2, 3], [0, 1, 2], [2, 1, 0], [0, 1]]
['Infinite family:', [0, 1, 2, 3, 4], [4, 3, 2, 1, 0], [0, 1, 2, 3], [0, 1, 2], [2, 1, 0], [1, 0]]
['Infinite family:', [0, 1, 2, 3, 4], [4, 3, 2, 1, 0], [3, 2, 1, 0], [0, 1, 2], [2, 1, 0], [0, 1]]
['Infinite family:', [0, 1, 2, 3, 4], [4, 3, 2, 1, 0], [3, 2, 1, 0], [0, 1, 2], [2, 1, 0], [1, 0]]
['Infinite family:', [0, 2, 1, 3, 4], [4, 2, 1, 3, 0], [1, 0, 3, 2], [0, 1, 2], [2, 1, 0], [0, 1]]
['Infinite family:', [0, 2, 3, 1, 4], [4, 2, 3, 1, 0], [1, 0, 3, 2], [0, 1, 2], [2, 1, 0], [0, 1]]
['Infinite family:', [0, 2, 1, 3, 4], [4, 2, 1, 3, 0], [1, 0, 3, 2], [0, 1, 2], [2, 1, 0], [1, 0]]
['Infinite family:', [0, 2, 3, 1, 4], [4, 2, 3, 1, 0], [1, 0, 3, 2], [0, 1, 2], [2, 1, 0], [1, 0]]
['Infinite family:', [0, 2, 1, 3, 4], [4, 2, 1, 3, 0], [2, 3, 0, 1], [0, 1, 2], [2, 1, 0], [0, 1]]
['Infinite family:', [0, 2, 3, 1, 4], [4, 2, 3, 1, 0], [2, 3, 0, 1], [0, 1, 2], [2, 1, 0], [0, 1]]
['Infinite family:', [0, 2, 1, 3, 4], [4, 2, 1, 3, 0], [2, 3, 0, 1], [0, 1, 2], [2, 1, 0], [1, 0]]
['Infinite family:', [0, 2, 3, 1, 4], [4, 2, 3, 1, 0], [2, 3, 0, 1], [0, 1, 2], [2, 1, 0], [1, 0]]
['Infinite family:', [0, 3, 1, 2, 4], [4, 3, 1, 2, 0], [1, 0, 3, 2], [0, 1, 2], [2, 1, 0], [0, 1]]
['Infinite family:', [0, 3, 2, 1, 4], [4, 3, 2, 1, 0], [1, 0, 3, 2], [0, 1, 2], [2, 1, 0], [0, 1]]
['Infinite family:', [0, 3, 1, 2, 4], [4, 3, 1, 2, 0], [1, 0, 3, 2], [0, 1, 2], [2, 1, 0], [1, 0]]
['Infinite family:', [0, 3, 2, 1, 4], [4, 3, 2, 1, 0], [1, 0, 3, 2], [0, 1, 2], [2, 1, 0], [1, 0]]
['Infinite family:', [0, 3, 1, 2, 4], [4, 3, 1, 2, 0], [2, 3, 0, 1], [0, 1, 2], [2, 1, 0], [0, 1]]
['Infinite family:', [0, 3, 2, 1, 4], [4, 3, 2, 1, 0], [2, 3, 0, 1], [0, 1, 2], [2, 1, 0], [0, 1]]
['Infinite family:', [0, 3, 1, 2, 4], [4, 3, 1, 2, 0], [2, 3, 0, 1], [0, 1, 2], [2, 1, 0], [1, 0]]
['Infinite family:', [0, 3, 2, 1, 4], [4, 3, 2, 1, 0], [2, 3, 0, 1], [0, 1, 2], [2, 1, 0], [1, 0]]
['Infinite family:', [1, 4, 2, 0, 3], [3, 0, 2, 4, 1], [2, 0, 3, 1], [0, 1, 2], [2, 1, 0], [0, 1]]
['Infinite family:', [1, 4, 2, 0, 3], [3, 0, 2, 4, 1], [2, 0, 3, 1], [0, 1, 2], [2, 1, 0], [1, 0]]
['Infinite family:', [1, 4, 2, 0, 3], [3, 0, 2, 4, 1], [1, 3, 0, 2], [0, 1, 2], [2, 1, 0], [0, 1]]
['Infinite family:', [1, 4, 2, 0, 3], [3, 0, 2, 4, 1], [1, 3, 0, 2], [0, 1, 2], [2, 1, 0], [1, 0]]
[5, 5, 4, 3, 2, 2]
['Infinite family:', [0, 1, 2, 3, 4], [4, 1, 2, 3, 0], [1, 0, 3, 2], [0, 1, 2], [0, 1], [1, 0]]
['Infinite family:', [0, 1, 3, 2, 4], [4, 1, 3, 2, 0], [1, 0, 3, 2], [0, 1, 2], [0, 1], [1, 0]]
['Infinite family:', [0, 1, 2, 3, 4], [4, 1, 2, 3, 0], [1, 0, 3, 2], [2, 1, 0], [0, 1], [1, 0]]
['Infinite family:', [0, 1, 3, 2, 4], [4, 1, 3, 2, 0], [1, 0, 3, 2], [2, 1, 0], [0, 1], [1, 0]]
['Infinite family:', [0, 1, 2, 3, 4], [4, 1, 2, 3, 0], [2, 3, 0, 1], [0, 1, 2], [0, 1], [1, 0]]
['Infinite family:', [0, 1, 3, 2, 4], [4, 1, 3, 2, 0], [2, 3, 0, 1], [0, 1, 2], [0, 1], [1, 0]]
['Infinite family:', [0, 1, 2, 3, 4], [4, 1, 2, 3, 0], [2, 3, 0, 1], [2, 1, 0], [0, 1], [1, 0]]
['Infinite family:', [0, 1, 3, 2, 4], [4, 1, 3, 2, 0], [2, 3, 0, 1], [2, 1, 0], [0, 1], [1, 0]]
['Infinite family:', [0, 1, 2, 3, 4], [4, 3, 2, 1, 0], [0, 1, 2, 3], [0, 1, 2], [0, 1], [1, 0]]
['Infinite family:', [0, 1, 2, 3, 4], [4, 3, 2, 1, 0], [0, 1, 2, 3], [2, 1, 0], [0, 1], [1, 0]]
['Infinite family:', [0, 1, 2, 3, 4], [4, 3, 2, 1, 0], [3, 2, 1, 0], [0, 1, 2], [0, 1], [1, 0]]
['Infinite family:', [0, 1, 2, 3, 4], [4, 3, 2, 1, 0], [3, 2, 1, 0], [2, 1, 0], [0, 1], [1, 0]]
['Infinite family:', [0, 2, 1, 3, 4], [4, 2, 1, 3, 0], [1, 0, 3, 2], [0, 1, 2], [0, 1], [1, 0]]
['Infinite family:', [0, 2, 3, 1, 4], [4, 2, 3, 1, 0], [1, 0, 3, 2], [0, 1, 2], [0, 1], [1, 0]]
['Infinite family:', [0, 2, 1, 3, 4], [4, 2, 1, 3, 0], [1, 0, 3, 2], [2, 1, 0], [0, 1], [1, 0]]
['Infinite family:', [0, 2, 3, 1, 4], [4, 2, 3, 1, 0], [1, 0, 3, 2], [2, 1, 0], [0, 1], [1, 0]]
['Infinite family:', [0, 2, 1, 3, 4], [4, 2, 1, 3, 0], [2, 3, 0, 1], [0, 1, 2], [0, 1], [1, 0]]
['Infinite family:', [0, 2, 3, 1, 4], [4, 2, 3, 1, 0], [2, 3, 0, 1], [0, 1, 2], [0, 1], [1, 0]]
['Infinite family:', [0, 2, 1, 3, 4], [4, 2, 1, 3, 0], [2, 3, 0, 1], [2, 1, 0], [0, 1], [1, 0]]
['Infinite family:', [0, 2, 3, 1, 4], [4, 2, 3, 1, 0], [2, 3, 0, 1], [2, 1, 0], [0, 1], [1, 0]]
['Infinite family:', [0, 3, 1, 2, 4], [4, 3, 1, 2, 0], [1, 0, 3, 2], [0, 1, 2], [0, 1], [1, 0]]
['Infinite family:', [0, 3, 2, 1, 4], [4, 3, 2, 1, 0], [1, 0, 3, 2], [0, 1, 2], [0, 1], [1, 0]]
['Infinite family:', [0, 3, 1, 2, 4], [4, 3, 1, 2, 0], [1, 0, 3, 2], [2, 1, 0], [0, 1], [1, 0]]
['Infinite family:', [0, 3, 2, 1, 4], [4, 3, 2, 1, 0], [1, 0, 3, 2], [2, 1, 0], [0, 1], [1, 0]]
['Infinite family:', [0, 3, 1, 2, 4], [4, 3, 1, 2, 0], [2, 3, 0, 1], [0, 1, 2], [0, 1], [1, 0]]
['Infinite family:', [0, 3, 2, 1, 4], [4, 3, 2, 1, 0], [2, 3, 0, 1], [0, 1, 2], [0, 1], [1, 0]]
['Infinite family:', [0, 3, 1, 2, 4], [4, 3, 1, 2, 0], [2, 3, 0, 1], [2, 1, 0], [0, 1], [1, 0]]
['Infinite family:', [0, 3, 2, 1, 4], [4, 3, 2, 1, 0], [2, 3, 0, 1], [2, 1, 0], [0, 1], [1, 0]]
['Infinite family:', [1, 4, 2, 0, 3], [3, 0, 2, 4, 1], [2, 0, 3, 1], [0, 1, 2], [0, 1], [1, 0]]
['Infinite family:', [1, 4, 2, 0, 3], [3, 0, 2, 4, 1], [2, 0, 3, 1], [2, 1, 0], [0, 1], [1, 0]]
['Infinite family:', [1, 4, 2, 0, 3], [3, 0, 2, 4, 1], [1, 3, 0, 2], [0, 1, 2], [0, 1], [1, 0]]
['Infinite family:', [1, 4, 2, 0, 3], [3, 0, 2, 4, 1], [1, 3, 0, 2], [2, 1, 0], [0, 1], [1, 0]]
[6, 6, 6, 6, 6, 6]
Covers of type [6, 6, 6, 6, 6, 6] are the latin squares of order 6.
[6, 6, 6, 6, 6, 5]
Covers of type [6, 6, 6, 6, 6, 5] are ruled out by repeated entries
[6, 6, 6, 6, 6, 4]
[6, 6, 6, 6, 6, 4]: No covers found on full search.
[6, 6, 6, 6, 6, 3]
[6, 6, 6, 6, 6, 3]: No covers found on full search.
[6, 6, 6, 6, 6, 2]
Covers of type [6, 6, 6, 6, 6, 2] are ruled out by repeated entries
[6, 6, 6, 6, 5, 5]
Covers of type [6, 6, 6, 6, 5, 5] are ruled out by repeated entries
[6, 6, 6, 6, 5, 4]
16*(123456) + 24*(132546) + 24*(645231) + 16*(654321) + 12*(41352) + 5*(2413) 
16*(123456) + 24*(135246) + 24*(642531) + 16*(654321) + 12*(41352) + 5*(2413) 
16*(124356) + 24*(132546) + 24*(645231) + 16*(653421) + 12*(41352) + 5*(2413) 
16*(124356) + 24*(135246) + 24*(642531) + 16*(653421) + 12*(41352) + 5*(2413) 
16*(123456) + 24*(145236) + 24*(632541) + 16*(654321) + 12*(41352) + 5*(2413) 
16*(124356) + 24*(145236) + 24*(632541) + 16*(653421) + 12*(41352) + 5*(2413) 
24*(132546) + 16*(153426) + 16*(624351) + 24*(645231) + 12*(41352) + 5*(2413) 
24*(132546) + 16*(154326) + 16*(623451) + 24*(645231) + 12*(41352) + 5*(2413) 
24*(135246) + 16*(153426) + 16*(624351) + 24*(642531) + 12*(41352) + 5*(2413) 
24*(135246) + 16*(154326) + 16*(623451) + 24*(642531) + 12*(41352) + 5*(2413) 
24*(145236) + 16*(153426) + 16*(624351) + 24*(632541) + 12*(41352) + 5*(2413) 
24*(145236) + 16*(154326) + 16*(623451) + 24*(632541) + 12*(41352) + 5*(2413) 
[6, 6, 6, 6, 5, 3]
[6, 6, 6, 6, 5, 3]: No covers found on full search.
[6, 6, 6, 6, 5, 2]
[6, 6, 6, 6, 5, 2]: No covers found on full search.
[6, 6, 6, 6, 4, 4]
[6, 6, 6, 6, 4, 4]: No covers found on full search.
[6, 6, 6, 6, 4, 3]
[6, 6, 6, 6, 4, 3]: No covers found on full search.
[6, 6, 6, 6, 4, 2]
[6, 6, 6, 6, 4, 2]: No covers found on full search.
[6, 6, 6, 6, 3, 3]
Covers of type [6, 6, 6, 6, 3, 3] are ruled out by repeated entries
[6, 6, 6, 6, 3, 2]
Covers of type [6, 6, 6, 6, 3, 2] are ruled out by repeated entries
[6, 6, 6, 5, 5, 5]
[6, 6, 6, 5, 5, 5]: No covers found on full search.
[6, 6, 6, 5, 5, 4]
[6, 6, 6, 5, 5, 4]: No covers found on full search.
[6, 6, 6, 5, 5, 3]
[6, 6, 6, 5, 5, 3]: No covers found on full search.
[6, 6, 6, 5, 5, 2]
[6, 6, 6, 5, 5, 2]: No covers found on full search.
[6, 6, 6, 5, 4, 4]
[6, 6, 6, 5, 4, 4]: No covers found on full search.
[6, 6, 6, 5, 4, 3]
[6, 6, 6, 5, 4, 3]: No covers found on full search.
[6, 6, 6, 5, 4, 2]
[6, 6, 6, 5, 4, 2]: No covers found on full search.
[6, 6, 6, 5, 3, 3]
[6, 6, 6, 5, 3, 3]: No covers found on full search.
[6, 6, 6, 5, 3, 2]
[6, 6, 6, 5, 3, 2]: No covers found on full search.
[10, 10, 10, 10, 10, 10]
Covers of type [10, 10, 10, 10, 10, 10] cannot fill the first row with enough non-zero entries.
[10, 10, 10, 10, 10, 9]
Covers of type [10, 10, 10, 10, 10, 9] cannot fill the first row with enough non-zero entries.
[10, 10, 10, 10, 10, 8]
Covers of type [10, 10, 10, 10, 10, 8] cannot fill the first row with enough non-zero entries.
[10, 10, 10, 10, 10, 7]
Covers of type [10, 10, 10, 10, 10, 7] cannot fill the first row with enough non-zero entries.
[10, 10, 10, 10, 10, 6]
[10, 10, 10, 10, 10, 6]: No covers found on full search.
[10, 10, 10, 10, 9, 9]
Covers of type [10, 10, 10, 10, 9, 9] cannot fill the first row with enough non-zero entries.
[10, 10, 10, 10, 9, 8]
Covers of type [10, 10, 10, 10, 9, 8] cannot fill the first row with enough non-zero entries.
[10, 10, 10, 10, 9, 7]
[10, 10, 10, 10, 9, 7]: No covers found on full search.
[10, 10, 10, 10, 9, 6]
[10, 10, 10, 10, 9, 6]: No covers found on full search.
[10, 10, 10, 10, 9, 5]
[10, 10, 10, 10, 9, 5]: No covers found on full search.
[10, 10, 10, 10, 8, 8]
[10, 10, 10, 10, 8, 8]: No covers found on full search.
[10, 10, 10, 10, 8, 7]
[10, 10, 10, 10, 8, 7]: No covers found on full search.
[10, 10, 10, 10, 8, 6]
[10, 10, 10, 10, 8, 6]: No covers found on full search.
[10, 10, 10, 10, 8, 5]
[10, 10, 10, 10, 8, 5]: No covers found on full search.
[10, 10, 10, 10, 8, 4]
[10, 10, 10, 10, 8, 4]: No covers found on full search.
[10, 10, 10, 10, 7, 7]
[10, 10, 10, 10, 7, 7]: No covers found on full search.
[10, 10, 10, 10, 7, 6]
[10, 10, 10, 10, 7, 6]: No covers found on full search.
[10, 10, 10, 10, 7, 5]
[10, 10, 10, 10, 7, 5]: No covers found on full search.
[10, 10, 10, 10, 7, 4]
[10, 10, 10, 10, 7, 4]: No covers found on full search.
[10, 10, 10, 10, 7, 3]
[10, 10, 10, 10, 7, 3]: No covers found on full search.
[10, 10, 10, 9, 9, 9]
Covers of type [10, 10, 10, 9, 9, 9] cannot fill the first row with enough non-zero entries.
[10, 10, 10, 9, 9, 8]
[10, 10, 10, 9, 9, 8]: No covers found on full search.
[10, 10, 10, 9, 9, 7]
[10, 10, 10, 9, 9, 7]: No covers found on full search.
[10, 10, 10, 9, 9, 6]
[10, 10, 10, 9, 9, 6]: No covers found on full search.
[10, 10, 10, 9, 9, 5]
[10, 10, 10, 9, 9, 5]: No covers found on full search.
[10, 10, 10, 9, 9, 4]
[10, 10, 10, 9, 9, 4]: No covers found on full search.
[10, 10, 10, 9, 8, 8]
[10, 10, 10, 9, 8, 8]: No covers found on full search.
[10, 10, 10, 9, 8, 7]
[10, 10, 10, 9, 8, 7]: No covers found on full search.
[10, 10, 10, 9, 8, 6]
[10, 10, 10, 9, 8, 6]: No covers found on full search.
[10, 10, 10, 9, 8, 5]
[10, 10, 10, 9, 8, 5]: No covers found on full search.
[10, 10, 10, 9, 8, 4]
[10, 10, 10, 9, 8, 4]: No covers found on full search.
[10, 10, 10, 9, 8, 3]
[10, 10, 10, 9, 8, 3]: No covers found on full search.
[10, 10, 10, 9, 7, 7]
[10, 10, 10, 9, 7, 7]: No covers found on full search.
[10, 10, 10, 9, 7, 6]
[10, 10, 10, 9, 7, 6]: No covers found on full search.
[10, 10, 10, 9, 7, 5]
[10, 10, 10, 9, 7, 5]: No covers found on full search.
[10, 10, 10, 9, 7, 4]
[10, 10, 10, 9, 7, 4]: No covers found on full search.
[10, 10, 10, 9, 7, 3]
[10, 10, 10, 9, 7, 3]: No covers found on full search.
[10, 10, 10, 9, 7, 2]
[10, 10, 10, 9, 7, 2]: No covers found on full search.
[10, 10, 10, 9, 6, 6]
[10, 10, 10, 9, 6, 6]: No covers found on full search.
[10, 10, 10, 9, 6, 5]
[10, 10, 10, 9, 6, 5]: No covers found on full search.
[10, 10, 10, 9, 6, 4]
[10, 10, 10, 9, 6, 4]: No covers found on full search.
[10, 10, 10, 9, 6, 3]
[10, 10, 10, 9, 6, 3]: No covers found on full search.
[10, 10, 10, 9, 6, 2]
[10, 10, 10, 9, 6, 2]: No covers found on full search.
[10, 10, 10, 8, 8, 8]
[10, 10, 10, 8, 8, 8]: No covers found on full search.
[10, 10, 10, 8, 8, 7]
[10, 10, 10, 8, 8, 7]: No covers found on full search.
[10, 10, 10, 8, 8, 6]
[10, 10, 10, 8, 8, 6]: No covers found on full search.
[10, 10, 10, 8, 8, 5]
[10, 10, 10, 8, 8, 5]: No covers found on full search.
[10, 10, 10, 8, 8, 4]
[10, 10, 10, 8, 8, 4]: No covers found on full search.
[10, 10, 10, 8, 8, 3]
[10, 10, 10, 8, 8, 3]: No covers found on full search.
[10, 10, 10, 8, 8, 2]
[10, 10, 10, 8, 8, 2]: No covers found on full search.
[10, 10, 10, 8, 7, 7]
[10, 10, 10, 8, 7, 7]: No covers found on full search.
[10, 10, 10, 8, 7, 6]
[10, 10, 10, 8, 7, 6]: No covers found on full search.
[10, 10, 10, 8, 7, 5]
[10, 10, 10, 8, 7, 5]: No covers found on full search.
[10, 10, 10, 8, 7, 4]
[10, 10, 10, 8, 7, 4]: No covers found on full search.
[10, 10, 10, 8, 7, 3]
[10, 10, 10, 8, 7, 3]: No covers found on full search.
[10, 10, 10, 8, 7, 2]
[10, 10, 10, 8, 7, 2]: No covers found on full search.
[10, 10, 10, 8, 6, 6]
[10, 10, 10, 8, 6, 6]: No covers found on full search.
[10, 10, 10, 8, 6, 5]
[10, 10, 10, 8, 6, 5]: No covers found on full search.
[10, 10, 10, 8, 6, 4]
[10, 10, 10, 8, 6, 4]: No covers found on full search.
[18, 18, 18, 18, 18, 18]
Covers of type [18, 18, 18, 18, 18, 18] cannot fill the first row with enough non-zero entries.
[18, 18, 18, 18, 18, 17]
Covers of type [18, 18, 18, 18, 18, 17] cannot fill the first row with enough non-zero entries.
[18, 18, 18, 18, 18, 16]
Covers of type [18, 18, 18, 18, 18, 16] cannot fill the first row with enough non-zero entries.
[18, 18, 18, 18, 18, 15]
Covers of type [18, 18, 18, 18, 18, 15] cannot fill the first row with enough non-zero entries.
[18, 18, 18, 18, 18, 14]
Covers of type [18, 18, 18, 18, 18, 14] cannot fill the first row with enough non-zero entries.
[18, 18, 18, 18, 17, 17]
Covers of type [18, 18, 18, 18, 17, 17] cannot fill the first row with enough non-zero entries.
[18, 18, 18, 18, 17, 16]
Covers of type [18, 18, 18, 18, 17, 16] cannot fill the first row with enough non-zero entries.
[18, 18, 18, 18, 17, 15]
Covers of type [18, 18, 18, 18, 17, 15] cannot fill the first row with enough non-zero entries.
[18, 18, 18, 18, 17, 14]
Covers of type [18, 18, 18, 18, 17, 14] cannot fill the first row with enough non-zero entries.
[18, 18, 18, 18, 17, 13]
Covers of type [18, 18, 18, 18, 17, 13] cannot fill the first row with enough non-zero entries.
[18, 18, 18, 18, 16, 16]
Covers of type [18, 18, 18, 18, 16, 16] cannot fill the first row with enough non-zero entries.
[18, 18, 18, 18, 16, 15]
Covers of type [18, 18, 18, 18, 16, 15] cannot fill the first row with enough non-zero entries.
[18, 18, 18, 18, 16, 14]
Covers of type [18, 18, 18, 18, 16, 14] cannot fill the first row with enough non-zero entries.
[18, 18, 18, 18, 16, 13]
Covers of type [18, 18, 18, 18, 16, 13] cannot fill the first row with enough non-zero entries.
[18, 18, 18, 18, 16, 12]
Covers of type [18, 18, 18, 18, 16, 12] cannot fill the first row with enough non-zero entries.
[18, 18, 18, 18, 15, 15]
Covers of type [18, 18, 18, 18, 15, 15] cannot fill the first row with enough non-zero entries.
[18, 18, 18, 18, 15, 14]
Covers of type [18, 18, 18, 18, 15, 14] cannot fill the first row with enough non-zero entries.
[18, 18, 18, 18, 15, 13]
Covers of type [18, 18, 18, 18, 15, 13] cannot fill the first row with enough non-zero entries.
[18, 18, 18, 18, 15, 12]
Covers of type [18, 18, 18, 18, 15, 12] cannot fill the first row with enough non-zero entries.
[18, 18, 18, 18, 15, 11]
Covers of type [18, 18, 18, 18, 15, 11] cannot fill the first row with enough non-zero entries.
[18, 18, 18, 17, 17, 17]
Covers of type [18, 18, 18, 17, 17, 17] cannot fill the first row with enough non-zero entries.
[18, 18, 18, 17, 17, 16]
Covers of type [18, 18, 18, 17, 17, 16] cannot fill the first row with enough non-zero entries.
[18, 18, 18, 17, 17, 15]
Covers of type [18, 18, 18, 17, 17, 15] cannot fill the first row with enough non-zero entries.
[18, 18, 18, 17, 17, 14]
Covers of type [18, 18, 18, 17, 17, 14] cannot fill the first row with enough non-zero entries.
[18, 18, 18, 17, 17, 13]
Covers of type [18, 18, 18, 17, 17, 13] cannot fill the first row with enough non-zero entries.
[18, 18, 18, 17, 17, 12]
Covers of type [18, 18, 18, 17, 17, 12] cannot fill the first row with enough non-zero entries.
[18, 18, 18, 17, 16, 16]
Covers of type [18, 18, 18, 17, 16, 16] cannot fill the first row with enough non-zero entries.
[18, 18, 18, 17, 16, 15]
Covers of type [18, 18, 18, 17, 16, 15] cannot fill the first row with enough non-zero entries.
[18, 18, 18, 17, 16, 14]
Covers of type [18, 18, 18, 17, 16, 14] cannot fill the first row with enough non-zero entries.
[18, 18, 18, 17, 16, 13]
Covers of type [18, 18, 18, 17, 16, 13] cannot fill the first row with enough non-zero entries.
[18, 18, 18, 17, 16, 12]
Covers of type [18, 18, 18, 17, 16, 12] cannot fill the first row with enough non-zero entries.
[18, 18, 18, 17, 16, 11]
Covers of type [18, 18, 18, 17, 16, 11] cannot fill the first row with enough non-zero entries.
[18, 18, 18, 17, 15, 15]
Covers of type [18, 18, 18, 17, 15, 15] cannot fill the first row with enough non-zero entries.
[18, 18, 18, 17, 15, 14]
Covers of type [18, 18, 18, 17, 15, 14] cannot fill the first row with enough non-zero entries.
[18, 18, 18, 17, 15, 13]
Covers of type [18, 18, 18, 17, 15, 13] cannot fill the first row with enough non-zero entries.
[18, 18, 18, 17, 15, 12]
Covers of type [18, 18, 18, 17, 15, 12] cannot fill the first row with enough non-zero entries.
[18, 18, 18, 17, 15, 11]
Covers of type [18, 18, 18, 17, 15, 11] cannot fill the first row with enough non-zero entries.
[18, 18, 18, 17, 15, 10]
[18, 18, 18, 17, 15, 10]: No covers found on full search.
[18, 18, 18, 17, 14, 14]
Covers of type [18, 18, 18, 17, 14, 14] cannot fill the first row with enough non-zero entries.
[18, 18, 18, 17, 14, 13]
Covers of type [18, 18, 18, 17, 14, 13] cannot fill the first row with enough non-zero entries.
[18, 18, 18, 17, 14, 12]
Covers of type [18, 18, 18, 17, 14, 12] cannot fill the first row with enough non-zero entries.
[7, 7, 7, 7, 7, 7]
Covers of type [7, 7, 7, 7, 7, 7] cannot fill the first row with enough non-zero entries.
[7, 7, 7, 7, 7, 6]
[7, 7, 7, 7, 7, 6]: No covers found on full search.
[7, 7, 7, 7, 7, 5]
[7, 7, 7, 7, 7, 5]: No covers found on full search.
[7, 7, 7, 7, 7, 4]
[7, 7, 7, 7, 7, 4]: No covers found on full search.
[7, 7, 7, 7, 7, 3]
[7, 7, 7, 7, 7, 3]: No covers found on full search.
[7, 7, 7, 7, 6, 6]
[7, 7, 7, 7, 6, 6]: No covers found on full search.
[7, 7, 7, 7, 6, 5]
[7, 7, 7, 7, 6, 5]: No covers found on full search.
[7, 7, 7, 7, 6, 4]
[7, 7, 7, 7, 6, 4]: No covers found on full search.
[6, 6, 6, 4, 4, 4]
[6, 6, 6, 4, 4, 4]: No covers found on full search.
[6, 6, 6, 4, 4, 3]
[6, 6, 6, 4, 4, 3]: No covers found on full search.
[6, 6, 6, 4, 4, 2]
[6, 6, 6, 4, 4, 2]: No covers found on full search.
[6, 6, 6, 4, 3, 3]
[6, 6, 6, 4, 3, 3]: No covers found on full search.
[6, 6, 6, 4, 3, 2]
[6, 6, 6, 4, 3, 2]: No covers found on full search.

[10, 10, 10, 8, 6, 3]
[10, 10, 10, 8, 6, 3]: No covers found on full search.
[10, 10, 10, 8, 6, 2]
[10, 10, 10, 8, 6, 2]: No covers found on full search.
[10, 10, 10, 8, 5, 5]
[10, 10, 10, 8, 5, 5]: No covers found on full search.
[10, 10, 10, 8, 5, 4]
[10, 10, 10, 8, 5, 4]: No covers found on full search.
[10, 10, 10, 8, 5, 3]
[10, 10, 10, 8, 5, 3]: No covers found on full search.
[10, 10, 10, 8, 5, 2]
[10, 10, 10, 8, 5, 2]: No covers found on full search.
[10, 10, 9, 9, 9, 9]
[10, 10, 9, 9, 9, 9]: No covers found on full search.
[10, 10, 9, 9, 9, 8]
[10, 10, 9, 9, 9, 8]: No covers found on full search.
[10, 10, 9, 9, 9, 7]
[10, 10, 9, 9, 9, 7]: No covers found on full search.
[10, 10, 9, 9, 9, 6]
[10, 10, 9, 9, 9, 6]: No covers found on full search.
[10, 10, 9, 9, 9, 5]
[10, 10, 9, 9, 9, 5]: No covers found on full search.
[10, 10, 9, 9, 9, 4]
[10, 10, 9, 9, 9, 4]: No covers found on full search.
[10, 10, 9, 9, 9, 3]
[10, 10, 9, 9, 9, 3]: No covers found on full search.
[10, 10, 9, 9, 8, 8]
[10, 10, 9, 9, 8, 8]: No covers found on full search.
[10, 10, 9, 9, 8, 7]
[10, 10, 9, 9, 8, 7]: No covers found on full search.
[10, 10, 9, 9, 8, 6]
[10, 10, 9, 9, 8, 6]: No covers found on full search.
[10, 10, 9, 9, 8, 5]
[10, 10, 9, 9, 8, 5]: No covers found on full search.
[10, 10, 9, 9, 8, 4]
[10, 10, 9, 9, 8, 4]: No covers found on full search.
[10, 10, 9, 9, 8, 3]
[10, 10, 9, 9, 8, 3]: No covers found on full search.
[10, 10, 9, 9, 8, 2]
[10, 10, 9, 9, 8, 2]: No covers found on full search.
[10, 10, 9, 9, 7, 7]
[10, 10, 9, 9, 7, 7]: No covers found on full search.
[10, 10, 9, 9, 7, 6]
[10, 10, 9, 9, 7, 6]: No covers found on full search.
[10, 10, 9, 9, 7, 5]
[10, 10, 9, 9, 7, 5]: No covers found on full search.
[10, 10, 9, 9, 7, 4]
[10, 10, 9, 9, 7, 4]: No covers found on full search.
[10, 10, 9, 9, 7, 3]
[10, 10, 9, 9, 7, 3]: No covers found on full search.
[10, 10, 9, 9, 7, 2]
[10, 10, 9, 9, 7, 2]: No covers found on full search.
[10, 10, 9, 9, 6, 6]
[10, 10, 9, 9, 6, 6]: No covers found on full search.
[10, 10, 9, 9, 6, 5]
[10, 10, 9, 9, 6, 5]: No covers found on full search.
[10, 10, 9, 9, 6, 4]
[10, 10, 9, 9, 6, 4]: No covers found on full search.
[10, 10, 9, 9, 6, 3]
[10, 10, 9, 9, 6, 3]: No covers found on full search.
[10, 10, 9, 9, 6, 2]
[10, 10, 9, 9, 6, 2]: No covers found on full search.
[10, 10, 9, 9, 5, 5]
[10, 10, 9, 9, 5, 5]: No covers found on full search.
[10, 10, 9, 9, 5, 4]
[10, 10, 9, 9, 5, 4]: No covers found on full search.
[10, 10, 9, 9, 5, 3]
[10, 10, 9, 9, 5, 3]: No covers found on full search.
[10, 10, 9, 9, 5, 2]
[10, 10, 9, 9, 5, 2]: No covers found on full search.
[10, 10, 9, 8, 8, 8]
[10, 10, 9, 8, 8, 8]: No covers found on full search.
[10, 10, 9, 8, 8, 7]
[10, 10, 9, 8, 8, 7]: No covers found on full search.
[10, 10, 9, 8, 8, 6]
[10, 10, 9, 8, 8, 6]: No covers found on full search.
[10, 10, 9, 8, 8, 5]
[10, 10, 9, 8, 8, 5]: No covers found on full search.
[10, 10, 9, 8, 8, 4]
[10, 10, 9, 8, 8, 4]: No covers found on full search.
[10, 10, 9, 8, 8, 3]
[10, 10, 9, 8, 8, 3]: No covers found on full search.
[10, 10, 9, 8, 8, 2]
[10, 10, 9, 8, 8, 2]: No covers found on full search.
[10, 10, 9, 8, 7, 7]
[10, 10, 9, 8, 7, 7]: No covers found on full search.
[10, 10, 9, 8, 7, 6]
[10, 10, 9, 8, 7, 6]: No covers found on full search.
[10, 10, 9, 8, 7, 5]
[10, 10, 9, 8, 7, 5]: No covers found on full search.
[10, 10, 9, 8, 7, 4]
[10, 10, 9, 8, 7, 4]: No covers found on full search.
[10, 10, 9, 8, 7, 3]
[10, 10, 9, 8, 7, 3]: No covers found on full search.
[10, 10, 9, 8, 7, 2]
[10, 10, 9, 8, 7, 2]: No covers found on full search.
[10, 10, 9, 8, 6, 6]
[10, 10, 9, 8, 6, 6]: No covers found on full search.
[10, 10, 9, 8, 6, 5]
[10, 10, 9, 8, 6, 5]: No covers found on full search.
[10, 10, 9, 8, 6, 4]
[10, 10, 9, 8, 6, 4]: No covers found on full search.
[10, 10, 9, 8, 6, 3]
[10, 10, 9, 8, 6, 3]: No covers found on full search.
[10, 10, 9, 8, 6, 2]
[10, 10, 9, 8, 6, 2]: No covers found on full search.
[10, 10, 9, 8, 5, 5]
[10, 10, 9, 8, 5, 5]: No covers found on full search.
[10, 10, 9, 8, 5, 4]
[10, 10, 9, 8, 5, 4]: No covers found on full search.
[10, 10, 9, 8, 5, 3]
[10, 10, 9, 8, 5, 3]: No covers found on full search.
[10, 10, 9, 8, 5, 2]
[10, 10, 9, 8, 5, 2]: No covers found on full search.
[10, 10, 9, 8, 4, 4]
[10, 10, 9, 8, 4, 4]: No covers found on full search.
[10, 10, 9, 8, 4, 3]
[10, 10, 9, 8, 4, 3]: No covers found on full search.
[10, 10, 9, 8, 4, 2]
[10, 10, 9, 8, 4, 2]: No covers found on full search.
[10, 10, 9, 7, 7, 7]
[10, 10, 9, 7, 7, 7]: No covers found on full search.
[10, 10, 9, 7, 7, 6]
[10, 10, 9, 7, 7, 6]: No covers found on full search.
[10, 10, 9, 7, 7, 5]
[10, 10, 9, 7, 7, 5]: No covers found on full search.
[10, 10, 9, 7, 7, 4]
[10, 10, 9, 7, 7, 4]: No covers found on full search.
[10, 10, 9, 7, 7, 3]
[10, 10, 9, 7, 7, 3]: No covers found on full search.
[10, 10, 9, 7, 7, 2]
[10, 10, 9, 7, 7, 2]: No covers found on full search.
[10, 10, 9, 7, 6, 6]
[10, 10, 9, 7, 6, 6]: No covers found on full search.
[10, 10, 9, 7, 6, 5]
[10, 10, 9, 7, 6, 5]: No covers found on full search.
[10, 10, 9, 7, 6, 4]
[10, 10, 9, 7, 6, 4]: No covers found on full search.
[10, 10, 9, 7, 6, 3]
[10, 10, 9, 7, 6, 3]: No covers found on full search.
[10, 10, 9, 7, 6, 2]
[10, 10, 9, 7, 6, 2]: No covers found on full search.
[10, 10, 9, 7, 5, 5]
[10, 10, 9, 7, 5, 5]: No covers found on full search.
[10, 10, 9, 7, 5, 4]
[10, 10, 9, 7, 5, 4]: No covers found on full search.
[10, 10, 9, 7, 5, 3]
[10, 10, 9, 7, 5, 3]: No covers found on full search.
[10, 10, 9, 7, 5, 2]
[10, 10, 9, 7, 5, 2]: No covers found on full search.
[10, 10, 9, 7, 4, 4]
[10, 10, 9, 7, 4, 4]: No covers found on full search.
[10, 10, 9, 7, 4, 3]
[10, 10, 9, 7, 4, 3]: No covers found on full search.
[10, 10, 9, 7, 4, 2]
[10, 10, 9, 7, 4, 2]: No covers found on full search.
[10, 10, 9, 7, 3, 3]
[10, 10, 9, 7, 3, 3]: No covers found on full search.
[10, 10, 9, 7, 3, 2]
[10, 10, 9, 7, 3, 2]: No covers found on full search.
[11, 11, 11, 11, 11, 11]
Covers of type [11, 11, 11, 11, 11, 11] cannot fill the first row with enough non-zero entries.
[11, 11, 11, 11, 11, 10]
Covers of type [11, 11, 11, 11, 11, 10] cannot fill the first row with enough non-zero entries.
[11, 11, 11, 11, 11, 9]
Covers of type [11, 11, 11, 11, 11, 9] cannot fill the first row with enough non-zero entries.
[11, 11, 11, 11, 11, 8]
Covers of type [11, 11, 11, 11, 11, 8] cannot fill the first row with enough non-zero entries.
[11, 11, 11, 11, 11, 7]
Covers of type [11, 11, 11, 11, 11, 7] cannot fill the first row with enough non-zero entries.
[11, 11, 11, 11, 10, 10]
Covers of type [11, 11, 11, 11, 10, 10] cannot fill the first row with enough non-zero entries.
[11, 11, 11, 11, 10, 9]
Covers of type [11, 11, 11, 11, 10, 9] cannot fill the first row with enough non-zero entries.
[11, 11, 11, 11, 10, 8]
Covers of type [11, 11, 11, 11, 10, 8] cannot fill the first row with enough non-zero entries.
[11, 11, 11, 11, 10, 7]
[11, 11, 11, 11, 10, 7]: No covers found on full search.
[11, 11, 11, 11, 10, 6]
[11, 11, 11, 11, 10, 6]: No covers found on full search.
[11, 11, 11, 11, 9, 9]
Covers of type [11, 11, 11, 11, 9, 9] cannot fill the first row with enough non-zero entries.
[11, 11, 11, 11, 9, 8]
[11, 11, 11, 11, 9, 8]: No covers found on full search.
[11, 11, 11, 11, 9, 7]
[11, 11, 11, 11, 9, 7]: No covers found on full search.
[11, 11, 11, 11, 9, 6]
[11, 11, 11, 11, 9, 6]: No covers found on full search.
[11, 11, 11, 11, 9, 5]
[11, 11, 11, 11, 9, 5]: No covers found on full search.
[11, 11, 11, 11, 8, 8]
[11, 11, 11, 11, 8, 8]: No covers found on full search.
[11, 11, 11, 11, 8, 7]
[11, 11, 11, 11, 8, 7]: No covers found on full search.
[11, 11, 11, 11, 8, 6]
[11, 11, 11, 11, 8, 6]: No covers found on full search.
[11, 11, 11, 11, 8, 5]
[11, 11, 11, 11, 8, 5]: No covers found on full search.
[11, 11, 11, 11, 8, 4]
[11, 11, 11, 11, 8, 4]: No covers found on full search.
[11, 11, 11, 10, 10, 10]
Covers of type [11, 11, 11, 10, 10, 10] cannot fill the first row with enough non-zero entries.
[11, 11, 11, 10, 10, 9]
Covers of type [11, 11, 11, 10, 10, 9] cannot fill the first row with enough non-zero entries.
[11, 11, 11, 10, 10, 8]
[11, 11, 11, 10, 10, 8]: No covers found on full search.
[11, 11, 11, 10, 10, 7]
[11, 11, 11, 10, 10, 7]: No covers found on full search.
[11, 11, 11, 10, 10, 6]
[11, 11, 11, 10, 10, 6]: No covers found on full search.
[11, 11, 11, 10, 10, 5]
[11, 11, 11, 10, 10, 5]: No covers found on full search.
[11, 11, 11, 10, 9, 9]
[11, 11, 11, 10, 9, 9]: No covers found on full search.
[11, 11, 11, 10, 9, 8]
[11, 11, 11, 10, 9, 8]: No covers found on full search.
[11, 11, 11, 10, 9, 7]
[11, 11, 11, 10, 9, 7]: No covers found on full search.
[11, 11, 11, 10, 9, 6]
[11, 11, 11, 10, 9, 6]: No covers found on full search.
[11, 11, 11, 10, 9, 5]
[11, 11, 11, 10, 9, 5]: No covers found on full search.
[11, 11, 11, 10, 9, 4]
[11, 11, 11, 10, 9, 4]: No covers found on full search.
[11, 11, 11, 10, 8, 8]
[11, 11, 11, 10, 8, 8]: No covers found on full search.
[11, 11, 11, 10, 8, 7]
[11, 11, 11, 10, 8, 7]: No covers found on full search.
[11, 11, 11, 10, 8, 6]
[11, 11, 11, 10, 8, 6]: No covers found on full search.
[11, 11, 11, 10, 8, 5]
[11, 11, 11, 10, 8, 5]: No covers found on full search.
[11, 11, 11, 10, 8, 4]
[11, 11, 11, 10, 8, 4]: No covers found on full search.
[11, 11, 11, 10, 8, 3]
[11, 11, 11, 10, 8, 3]: No covers found on full search.
[11, 11, 11, 10, 7, 7]
[11, 11, 11, 10, 7, 7]: No covers found on full search.
[11, 11, 11, 10, 7, 6]
[11, 11, 11, 10, 7, 6]: No covers found on full search.
[11, 11, 11, 10, 7, 5]
[11, 11, 11, 10, 7, 5]: No covers found on full search.
[11, 11, 11, 10, 7, 4]
[11, 11, 11, 10, 7, 4]: No covers found on full search.
[11, 11, 11, 10, 7, 3]
[11, 11, 11, 10, 7, 3]: No covers found on full search.
[11, 11, 11, 10, 7, 2]
[11, 11, 11, 10, 7, 2]: No covers found on full search.
[11, 11, 11, 9, 9, 9]
[11, 11, 11, 9, 9, 9]: No covers found on full search.
[11, 11, 11, 9, 9, 8]
[11, 11, 11, 9, 9, 8]: No covers found on full search.
[11, 11, 11, 9, 9, 7]
[11, 11, 11, 9, 9, 7]: No covers found on full search.
[11, 11, 11, 9, 9, 6]
[11, 11, 11, 9, 9, 6]: No covers found on full search.
[11, 11, 11, 9, 9, 5]
[11, 11, 11, 9, 9, 5]: No covers found on full search.
[11, 11, 11, 9, 9, 4]
[11, 11, 11, 9, 9, 4]: No covers found on full search.
[11, 11, 11, 9, 9, 3]
[11, 11, 11, 9, 9, 3]: No covers found on full search.
[11, 11, 11, 9, 8, 8]
[11, 11, 11, 9, 8, 8]: No covers found on full search.
[11, 11, 11, 9, 8, 7]
[11, 11, 11, 9, 8, 7]: No covers found on full search.
[11, 11, 11, 9, 8, 6]
[11, 11, 11, 9, 8, 6]: No covers found on full search.
[11, 11, 11, 9, 8, 5]
[11, 11, 11, 9, 8, 5]: No covers found on full search.
[11, 11, 11, 9, 8, 4]
[11, 11, 11, 9, 8, 4]: No covers found on full search.
[11, 11, 11, 9, 8, 3]
[11, 11, 11, 9, 8, 3]: No covers found on full search.
[11, 11, 11, 9, 8, 2]
[11, 11, 11, 9, 8, 2]: No covers found on full search.
[11, 11, 11, 9, 7, 7]
[11, 11, 11, 9, 7, 7]: No covers found on full search.
[11, 11, 11, 9, 7, 6]
[11, 11, 11, 9, 7, 6]: No covers found on full search.
[11, 11, 11, 9, 7, 5]
[11, 11, 11, 9, 7, 5]: No covers found on full search.
[11, 11, 11, 9, 7, 4]
[11, 11, 11, 9, 7, 4]: No covers found on full search.
[11, 11, 11, 9, 7, 3]
[11, 11, 11, 9, 7, 3]: No covers found on full search.
[11, 11, 11, 9, 7, 2]
[11, 11, 11, 9, 7, 2]: No covers found on full search.
[11, 11, 11, 9, 6, 6]
[11, 11, 11, 9, 6, 6]: No covers found on full search.
[11, 11, 11, 9, 6, 5]
[11, 11, 11, 9, 6, 5]: No covers found on full search.
[11, 11, 11, 9, 6, 4]
[11, 11, 11, 9, 6, 4]: No covers found on full search.
[11, 11, 11, 9, 6, 3]
[11, 11, 11, 9, 6, 3]: No covers found on full search.
[11, 11, 11, 9, 6, 2]
[11, 11, 11, 9, 6, 2]: No covers found on full search.
[11, 11, 10, 10, 10, 10]
Covers of type [11, 11, 10, 10, 10, 10] cannot fill the first row with enough non-zero entries.
[11, 11, 10, 10, 10, 9]
[11, 11, 10, 10, 10, 9]: No covers found on full search.
[11, 11, 10, 10, 10, 8]
[11, 11, 10, 10, 10, 8]: No covers found on full search.
[11, 11, 10, 10, 10, 7]
[11, 11, 10, 10, 10, 7]: No covers found on full search.
[11, 11, 10, 10, 10, 6]
[11, 11, 10, 10, 10, 6]: No covers found on full search.
[11, 11, 10, 10, 10, 5]
[11, 11, 10, 10, 10, 5]: No covers found on full search.
[11, 11, 10, 10, 10, 4]
[11, 11, 10, 10, 10, 4]: No covers found on full search.
[11, 11, 10, 10, 9, 9]
[11, 11, 10, 10, 9, 9]: No covers found on full search.
[11, 11, 10, 10, 9, 8]
[11, 11, 10, 10, 9, 8]: No covers found on full search.
[11, 11, 10, 10, 9, 7]
[11, 11, 10, 10, 9, 7]: No covers found on full search.
[11, 11, 10, 10, 9, 6]
[11, 11, 10, 10, 9, 6]: No covers found on full search.
[11, 11, 10, 10, 9, 5]
[11, 11, 10, 10, 9, 5]: No covers found on full search.
[11, 11, 10, 10, 9, 4]
[11, 11, 10, 10, 9, 4]: No covers found on full search.
[11, 11, 10, 10, 9, 3]
[11, 11, 10, 10, 9, 3]: No covers found on full search.
[11, 11, 10, 10, 8, 8]
[11, 11, 10, 10, 8, 8]: No covers found on full search.
[11, 11, 10, 10, 8, 7]
[11, 11, 10, 10, 8, 7]: No covers found on full search.
[11, 11, 10, 10, 8, 6]
[11, 11, 10, 10, 8, 6]: No covers found on full search.
[11, 11, 10, 10, 8, 5]
[11, 11, 10, 10, 8, 5]: No covers found on full search.
[11, 11, 10, 10, 8, 4]
[11, 11, 10, 10, 8, 4]: No covers found on full search.
[11, 11, 10, 10, 8, 3]
[11, 11, 10, 10, 8, 3]: No covers found on full search.
[11, 11, 10, 10, 8, 2]
[11, 11, 10, 10, 8, 2]: No covers found on full search.
[11, 11, 10, 10, 7, 7]
[11, 11, 10, 10, 7, 7]: No covers found on full search.
[11, 11, 10, 10, 7, 6]
[11, 11, 10, 10, 7, 6]: No covers found on full search.
[11, 11, 10, 10, 7, 5]
[11, 11, 10, 10, 7, 5]: No covers found on full search.
[11, 11, 10, 10, 7, 4]
[11, 11, 10, 10, 7, 4]: No covers found on full search.
[11, 11, 10, 10, 7, 3]
[11, 11, 10, 10, 7, 3]: No covers found on full search.
[11, 11, 10, 10, 7, 2]
[11, 11, 10, 10, 7, 2]: No covers found on full search.
[11, 11, 10, 10, 6, 6]
[11, 11, 10, 10, 6, 6]: No covers found on full search.
[11, 11, 10, 10, 6, 5]
[11, 11, 10, 10, 6, 5]: No covers found on full search.
[11, 11, 10, 10, 6, 4]
[11, 11, 10, 10, 6, 4]: No covers found on full search.
[11, 11, 10, 10, 6, 3]
[11, 11, 10, 10, 6, 3]: No covers found on full search.
[11, 11, 10, 10, 6, 2]
[11, 11, 10, 10, 6, 2]: No covers found on full search.
[11, 11, 10, 9, 9, 9]
[11, 11, 10, 9, 9, 9]: No covers found on full search.
[11, 11, 10, 9, 9, 8]
[11, 11, 10, 9, 9, 8]: No covers found on full search.
[11, 11, 10, 9, 9, 7]
[11, 11, 10, 9, 9, 7]: No covers found on full search.
[11, 11, 10, 9, 9, 6]
[11, 11, 10, 9, 9, 6]: No covers found on full search.
[11, 11, 10, 9, 9, 5]
[11, 11, 10, 9, 9, 5]: No covers found on full search.
[11, 11, 10, 9, 9, 4]
[11, 11, 10, 9, 9, 4]: No covers found on full search.
[11, 11, 10, 9, 9, 3]
[11, 11, 10, 9, 9, 3]: No covers found on full search.
[6, 6, 5, 5, 5, 5]
[6, 6, 5, 5, 5, 5]: No covers found on full search.
[6, 6, 5, 5, 5, 4]
[6, 6, 5, 5, 5, 4]: No covers found on full search.
[8, 8, 8, 8, 8, 8, 8, 8, 8, 8]
Covers of type [8, 8, 8, 8, 8, 8, 8, 8, 8, 8] are ruled out by length tuple alone.
[8, 8, 8, 8, 8, 8]
Covers of type [8, 8, 8, 8, 8, 8] cannot fill the first row with enough non-zero entries.
[8, 8, 8, 8, 8, 7]
Covers of type [8, 8, 8, 8, 8, 7] cannot fill the first row with enough non-zero entries.
[8, 8, 8, 8, 8, 6]
[8, 8, 8, 8, 8, 6]: No covers found on full search.
[8, 8, 8, 8, 8, 5]
[8, 8, 8, 8, 8, 5]: No covers found on full search.
[8, 8, 8, 8, 8, 4]
[8, 8, 8, 8, 8, 4]: No covers found on full search.
[8, 8, 8, 8, 7, 7]
[8, 8, 8, 8, 7, 7]: No covers found on full search.
[8, 8, 8, 8, 7, 6]
[8, 8, 8, 8, 7, 6]: No covers found on full search.
[8, 8, 8, 8, 7, 5]
[8, 8, 8, 8, 7, 5]: No covers found on full search.
[8, 8, 8, 8, 7, 4]
[8, 8, 8, 8, 7, 4]: No covers found on full search.
[8, 8, 8, 8, 7, 3]
[8, 8, 8, 8, 7, 3]: No covers found on full search.
[8, 8, 8, 8, 6, 6]
[8, 8, 8, 8, 6, 6]: No covers found on full search.
[8, 8, 8, 8, 6, 5]
[8, 8, 8, 8, 6, 5]: No covers found on full search.
[8, 8, 8, 8, 6, 4]
[8, 8, 8, 8, 6, 4]: No covers found on full search.
[8, 8, 8, 8, 6, 3]
[8, 8, 8, 8, 6, 3]: No covers found on full search.
[8, 8, 8, 8, 6, 2]
[8, 8, 8, 8, 6, 2]: No covers found on full search.
[6, 6, 5, 5, 5, 3]
[6, 6, 5, 5, 5, 3]: No covers found on full search.
[6, 6, 5, 5, 5, 2]
[6, 6, 5, 5, 5, 2]: No covers found on full search.
[5, 5, 5, 5, 5, 4] needs manual rule-out
[5, 5, 5, 5, 5, 3] needs manual rule-out
[5, 5, 5, 5, 5, 2] needs manual rule-out
[6, 6, 6, 5, 2, 2] needs manual rule-out
[6, 6, 6, 4, 2, 2] needs manual rule-out
[6, 6, 5, 5, 4, 4]
40*(123456) + 40*(654321) -36*(12345) -12*(14325) + 15*(1234) + 5*(3412) 
40*(124356) + 40*(653421) -36*(12345) -12*(14325) + 15*(1234) + 5*(3412) 
40*(123456) + 40*(654321) -9*(12345) -39*(14325) + 15*(1324) + 5*(3412) 
40*(124356) + 40*(653421) -9*(12345) -39*(14325) + 15*(1324) + 5*(3412) 
40*(123456) + 40*(654321) -24*(12345) -24*(54321) + 5*(1234) + 5*(4321) 
40*(124356) + 40*(653421) -24*(12345) -24*(54321) + 5*(1234) + 5*(4321) 
-40*(123456) -40*(654321) + 24*(12345) + 24*(54321) + 5*(2143) + 5*(3412) 
-40*(124356) -40*(653421) + 24*(12345) + 24*(54321) + 5*(2143) + 5*(3412) 
40*(123456) + 40*(654321) -24*(12345) -24*(54321) + 5*(1324) + 5*(4231) 
40*(124356) + 40*(653421) -24*(12345) -24*(54321) + 5*(1324) + 5*(4231) 
-40*(123456) -40*(654321) + 24*(12345) + 24*(54321) + 5*(2413) + 5*(3142) 
-40*(124356) -40*(653421) + 24*(12345) + 24*(54321) + 5*(2413) + 5*(3142) 
40*(123456) + 40*(654321) -24*(14325) -24*(52341) + 5*(1234) + 5*(4321) 
40*(124356) + 40*(653421) -24*(14325) -24*(52341) + 5*(1234) + 5*(4321) 
-40*(123456) -40*(654321) + 24*(14325) + 24*(52341) + 5*(2143) + 5*(3412) 
-40*(124356) -40*(653421) + 24*(14325) + 24*(52341) + 5*(2143) + 5*(3412) 
40*(123456) + 40*(654321) -24*(14325) -24*(52341) + 5*(1324) + 5*(4231) 
40*(124356) + 40*(653421) -24*(14325) -24*(52341) + 5*(1324) + 5*(4231) 
-40*(123456) -40*(654321) + 24*(14325) + 24*(52341) + 5*(2413) + 5*(3142) 
-40*(124356) -40*(653421) + 24*(14325) + 24*(52341) + 5*(2413) + 5*(3142) 
40*(153426) + 40*(624351) -36*(12345) -12*(14325) + 15*(1234) + 5*(3412) 
40*(154326) + 40*(623451) -36*(12345) -12*(14325) + 15*(1234) + 5*(3412) 
40*(153426) + 40*(624351) -9*(12345) -39*(14325) + 15*(1324) + 5*(3412) 
40*(154326) + 40*(623451) -9*(12345) -39*(14325) + 15*(1324) + 5*(3412) 
40*(153426) + 40*(624351) -24*(12345) -24*(54321) + 5*(1234) + 5*(4321) 
40*(154326) + 40*(623451) -24*(12345) -24*(54321) + 5*(1234) + 5*(4321) 
-40*(153426) -40*(624351) + 24*(12345) + 24*(54321) + 5*(2143) + 5*(3412) 
-40*(154326) -40*(623451) + 24*(12345) + 24*(54321) + 5*(2143) + 5*(3412) 
40*(153426) + 40*(624351) -24*(12345) -24*(54321) + 5*(1324) + 5*(4231) 
40*(154326) + 40*(623451) -24*(12345) -24*(54321) + 5*(1324) + 5*(4231) 
-40*(153426) -40*(624351) + 24*(12345) + 24*(54321) + 5*(2413) + 5*(3142) 
-40*(154326) -40*(623451) + 24*(12345) + 24*(54321) + 5*(2413) + 5*(3142) 
40*(153426) + 40*(624351) -24*(14325) -24*(52341) + 5*(1234) + 5*(4321) 
40*(154326) + 40*(623451) -24*(14325) -24*(52341) + 5*(1234) + 5*(4321) 
-40*(153426) -40*(624351) + 24*(14325) + 24*(52341) + 5*(2143) + 5*(3412) 
-40*(154326) -40*(623451) + 24*(14325) + 24*(52341) + 5*(2143) + 5*(3412) 
40*(153426) + 40*(624351) -24*(14325) -24*(52341) + 5*(1324) + 5*(4231) 
40*(154326) + 40*(623451) -24*(14325) -24*(52341) + 5*(1324) + 5*(4231) 
-40*(153426) -40*(624351) + 24*(14325) + 24*(52341) + 5*(2413) + 5*(3142) 
-40*(154326) -40*(623451) + 24*(14325) + 24*(52341) + 5*(2413) + 5*(3142) 
40*(321654) + 40*(456123) -48*(12345) + 12*(45312) + 20*(1234) + 5*(4231) 
40*(326154) + 40*(451623) -48*(12345) + 12*(45312) + 20*(1234) + 5*(4231) 
40*(351624) + 40*(426153) -48*(12345) + 12*(45312) + 20*(1234) + 5*(4231) 
[6, 6, 5, 5, 4, 3]
-120*(123456) -120*(654321) + 108*(12345) + 36*(54321) -45*(1234) + 10*(123) 
-120*(124356) -120*(653421) + 108*(12345) + 36*(54321) -45*(1234) + 10*(123) 
240*(123456) + 240*(654321) -180*(12345) -108*(54321) + 45*(1234) + 10*(321) 
240*(124356) + 240*(653421) -180*(12345) -108*(54321) + 45*(1234) + 10*(321) 
-120*(153426) -120*(624351) + 108*(12345) + 36*(54321) -45*(1234) + 10*(123) 
-120*(154326) -120*(623451) + 108*(12345) + 36*(54321) -45*(1234) + 10*(123) 
240*(153426) + 240*(624351) -180*(12345) -108*(54321) + 45*(1234) + 10*(321) 
240*(154326) + 240*(623451) -180*(12345) -108*(54321) + 45*(1234) + 10*(321) 
[6, 6, 5, 5, 4, 2]
40*(123456) + 40*(654321) -24*(12345) -24*(14325) -10*(2143) + 5*(12) 
40*(124356) + 40*(653421) -24*(12345) -24*(14325) -10*(2143) + 5*(12) 
-40*(123456) -40*(654321) + 24*(12345) + 24*(14325) + 10*(2143) + 5*(21) 
-40*(124356) -40*(653421) + 24*(12345) + 24*(14325) + 10*(2143) + 5*(21) 
-120*(123456) -120*(654321) + 96*(12345) + 48*(54321) -30*(1234) + 5*(12) 
-120*(124356) -120*(653421) + 96*(12345) + 48*(54321) -30*(1234) + 5*(12) 
120*(123456) + 120*(654321) -96*(12345) -48*(54321) + 30*(1234) + 5*(21) 
120*(124356) + 120*(653421) -96*(12345) -48*(54321) + 30*(1234) + 5*(21) 
120*(213465) + 120*(564312) + 48*(12345) -96*(45312) + 30*(3412) + 5*(21) 
120*(214365) + 120*(563412) + 48*(12345) -96*(45312) + 30*(3412) + 5*(21) 
40*(153426) + 40*(624351) -24*(12345) -24*(14325) -10*(2143) + 5*(12) 
40*(154326) + 40*(623451) -24*(12345) -24*(14325) -10*(2143) + 5*(12) 
-40*(153426) -40*(624351) + 24*(12345) + 24*(14325) + 10*(2143) + 5*(21) 
-40*(154326) -40*(623451) + 24*(12345) + 24*(14325) + 10*(2143) + 5*(21) 
-120*(153426) -120*(624351) + 96*(12345) + 48*(54321) -30*(1234) + 5*(12) 
-120*(154326) -120*(623451) + 96*(12345) + 48*(54321) -30*(1234) + 5*(12) 
120*(153426) + 120*(624351) -96*(12345) -48*(54321) + 30*(1234) + 5*(21) 
120*(154326) + 120*(623451) -96*(12345) -48*(54321) + 30*(1234) + 5*(21) 
120*(263415) + 120*(514362) + 48*(12345) -96*(45312) + 30*(3412) + 5*(21) 
[6, 6, 5, 5, 3, 3]
60*(123456) + 60*(654321) -36*(12345) -36*(54321) + 5*(123) + 5*(321) 
60*(124356) + 60*(653421) -36*(12345) -36*(54321) + 5*(123) + 5*(321) 
60*(123456) + 60*(654321) -36*(14325) -36*(52341) + 5*(123) + 5*(321) 
60*(124356) + 60*(653421) -36*(14325) -36*(52341) + 5*(123) + 5*(321) 
60*(153426) + 60*(624351) -36*(12345) -36*(54321) + 5*(123) + 5*(321) 
60*(154326) + 60*(623451) -36*(12345) -36*(54321) + 5*(123) + 5*(321) 
60*(153426) + 60*(624351) -36*(14325) -36*(52341) + 5*(123) + 5*(321) 
60*(154326) + 60*(623451) -36*(14325) -36*(52341) + 5*(123) + 5*(321) 
[6, 6, 5, 5, 3, 2]
-120*(123456) -120*(654321) + 72*(12345) + 72*(54321) -20*(123) + 15*(12) 
-120*(124356) -120*(653421) + 72*(12345) + 72*(54321) -20*(123) + 15*(12) 
120*(123456) + 120*(654321) -72*(12345) -72*(54321) + 20*(123) + 15*(21) 
120*(124356) + 120*(653421) -72*(12345) -72*(54321) + 20*(123) + 15*(21) 
-120*(123456) -120*(654321) + 72*(14325) + 72*(52341) -20*(123) + 15*(12) 
-120*(124356) -120*(653421) + 72*(14325) + 72*(52341) -20*(123) + 15*(12) 
120*(123456) + 120*(654321) -72*(14325) -72*(52341) + 20*(123) + 15*(21) 
120*(124356) + 120*(653421) -72*(14325) -72*(52341) + 20*(123) + 15*(21) 
-120*(153426) -120*(624351) + 72*(12345) + 72*(54321) -20*(123) + 15*(12) 
-120*(154326) -120*(623451) + 72*(12345) + 72*(54321) -20*(123) + 15*(12) 
120*(153426) + 120*(624351) -72*(12345) -72*(54321) + 20*(123) + 15*(21) 
120*(154326) + 120*(623451) -72*(12345) -72*(54321) + 20*(123) + 15*(21) 
-120*(153426) -120*(624351) + 72*(14325) + 72*(52341) -20*(123) + 15*(12) 
-120*(154326) -120*(623451) + 72*(14325) + 72*(52341) -20*(123) + 15*(12) 
120*(153426) + 120*(624351) -72*(14325) -72*(52341) + 20*(123) + 15*(21) 
120*(154326) + 120*(623451) -72*(14325) -72*(52341) + 20*(123) + 15*(21) 
[6, 6, 5, 4, 4, 4]
120*(123456) + 120*(654321) -144*(12345) + 65*(1234) -20*(1324) + 15*(3412) 
120*(124356) + 120*(653421) -144*(12345) + 65*(1234) -20*(1324) + 15*(3412) 
40*(123456) + 40*(654321) -48*(14325) -5*(1234) + 20*(1324) + 5*(3412) 
40*(124356) + 40*(653421) -48*(14325) -5*(1234) + 20*(1324) + 5*(3412) 
120*(153426) + 120*(624351) -144*(12345) + 65*(1234) -20*(1324) + 15*(3412) 
120*(154326) + 120*(623451) -144*(12345) + 65*(1234) -20*(1324) + 15*(3412) 
40*(153426) + 40*(624351) -48*(14325) -5*(1234) + 20*(1324) + 5*(3412) 
40*(154326) + 40*(623451) -48*(14325) -5*(1234) + 20*(1324) + 5*(3412) 
[6, 6, 5, 4, 4, 3]
-120*(123456) -120*(654321) + 144*(12345) -75*(1234) + 15*(4321) + 20*(123) 
-120*(124356) -120*(653421) + 144*(12345) -75*(1234) + 15*(4321) + 20*(123) 
120*(123456) + 120*(654321) -144*(12345) + 45*(1234) -45*(4321) + 20*(321) 
120*(124356) + 120*(653421) -144*(12345) + 45*(1234) -45*(4321) + 20*(321) 
-120*(153426) -120*(624351) + 144*(12345) -75*(1234) + 15*(4321) + 20*(123) 
-120*(154326) -120*(623451) + 144*(12345) -75*(1234) + 15*(4321) + 20*(123) 
120*(153426) + 120*(624351) -144*(12345) + 45*(1234) -45*(4321) + 20*(321) 
120*(154326) + 120*(623451) -144*(12345) + 45*(1234) -45*(4321) + 20*(321) 
[6, 6, 5, 4, 4, 2]
-40*(123456) -40*(654321) + 48*(12345) -20*(1234) + 10*(4321) + 5*(12) 
-40*(124356) -40*(653421) + 48*(12345) -20*(1234) + 10*(4321) + 5*(12) 
40*(123456) + 40*(654321) -48*(12345) + 20*(1234) -10*(4321) + 5*(21) 
40*(124356) + 40*(653421) -48*(12345) + 20*(1234) -10*(4321) + 5*(21) 
40*(123456) + 40*(654321) -48*(14325) + 20*(3412) + 30*(4321) + 15*(12) 
40*(124356) + 40*(653421) -48*(14325) + 20*(3412) + 30*(4321) + 15*(12) 
-40*(123456) -40*(654321) + 48*(14325) -20*(3412) -30*(4321) + 15*(21) 
-40*(124356) -40*(653421) + 48*(14325) -20*(3412) -30*(4321) + 15*(21) 
-40*(153426) -40*(624351) + 48*(12345) -20*(1234) + 10*(4321) + 5*(12) 
-40*(154326) -40*(623451) + 48*(12345) -20*(1234) + 10*(4321) + 5*(12) 
40*(153426) + 40*(624351) -48*(12345) + 20*(1234) -10*(4321) + 5*(21) 
40*(154326) + 40*(623451) -48*(12345) + 20*(1234) -10*(4321) + 5*(21) 
40*(153426) + 40*(624351) -48*(14325) + 20*(3412) + 30*(4321) + 15*(12) 
40*(154326) + 40*(623451) -48*(14325) + 20*(3412) + 30*(4321) + 15*(12) 
-40*(153426) -40*(624351) + 48*(14325) -20*(3412) -30*(4321) + 15*(21) 
-40*(154326) -40*(623451) + 48*(14325) -20*(3412) -30*(4321) + 15*(21) 
[6, 6, 5, 4, 3, 3]
-60*(123456) -60*(654321) + 72*(12345) -45*(1234) + 15*(123) + 5*(321) 
-60*(124356) -60*(653421) + 72*(12345) -45*(1234) + 15*(123) + 5*(321) 
60*(123456) + 60*(654321) -72*(12345) -45*(4321) + 15*(123) + 25*(321) 
60*(124356) + 60*(653421) -72*(12345) -45*(4321) + 15*(123) + 25*(321) 
-60*(153426) -60*(624351) + 72*(12345) -45*(1234) + 15*(123) + 5*(321) 
-60*(154326) -60*(623451) + 72*(12345) -45*(1234) + 15*(123) + 5*(321) 
60*(153426) + 60*(624351) -72*(12345) -45*(4321) + 15*(123) + 25*(321) 
60*(154326) + 60*(623451) -72*(12345) -45*(4321) + 15*(123) + 25*(321) 
[6, 6, 5, 4, 3, 2]
120*(123456) + 120*(654321) -144*(12345) + 90*(1234) -40*(123) + 15*(12) 
120*(124356) + 120*(653421) -144*(12345) + 90*(1234) -40*(123) + 15*(12) 
-120*(123456) -120*(654321) + 144*(12345) -90*(1234) + 40*(123) + 15*(21) 
-120*(124356) -120*(653421) + 144*(12345) -90*(1234) + 40*(123) + 15*(21) 
-120*(123456) -120*(654321) + 144*(12345) -90*(1234) + 40*(321) + 45*(12) 
-120*(124356) -120*(653421) + 144*(12345) -90*(1234) + 40*(321) + 45*(12) 
120*(123456) + 120*(654321) -144*(12345) + 90*(1234) -40*(321) + 45*(21) 
120*(124356) + 120*(653421) -144*(12345) + 90*(1234) -40*(321) + 45*(21) 
-120*(123456) -120*(654321) + 144*(12345) + 90*(4321) -80*(123) + 75*(12) 
-120*(124356) -120*(653421) + 144*(12345) + 90*(4321) -80*(123) + 75*(12) 
120*(123456) + 120*(654321) -144*(12345) -90*(4321) + 80*(123) + 75*(21) 
120*(124356) + 120*(653421) -144*(12345) -90*(4321) + 80*(123) + 75*(21) 
120*(123456) + 120*(654321) -144*(12345) -90*(4321) + 80*(321) + 45*(12) 
120*(124356) + 120*(653421) -144*(12345) -90*(4321) + 80*(321) + 45*(12) 
-120*(123456) -120*(654321) + 144*(12345) + 90*(4321) -80*(321) + 45*(21) 
-120*(124356) -120*(653421) + 144*(12345) + 90*(4321) -80*(321) + 45*(21) 
120*(153426) + 120*(624351) -144*(12345) + 90*(1234) -40*(123) + 15*(12) 
120*(154326) + 120*(623451) -144*(12345) + 90*(1234) -40*(123) + 15*(12) 
-120*(153426) -120*(624351) + 144*(12345) -90*(1234) + 40*(123) + 15*(21) 
-120*(154326) -120*(623451) + 144*(12345) -90*(1234) + 40*(123) + 15*(21) 
-120*(153426) -120*(624351) + 144*(12345) -90*(1234) + 40*(321) + 45*(12) 
-120*(154326) -120*(623451) + 144*(12345) -90*(1234) + 40*(321) + 45*(12) 
120*(153426) + 120*(624351) -144*(12345) + 90*(1234) -40*(321) + 45*(21) 
120*(154326) + 120*(623451) -144*(12345) + 90*(1234) -40*(321) + 45*(21) 
-120*(153426) -120*(624351) + 144*(12345) + 90*(4321) -80*(123) + 75*(12) 
-120*(154326) -120*(623451) + 144*(12345) + 90*(4321) -80*(123) + 75*(12) 
120*(153426) + 120*(624351) -144*(12345) -90*(4321) + 80*(123) + 75*(21) 
120*(154326) + 120*(623451) -144*(12345) -90*(4321) + 80*(123) + 75*(21) 
120*(153426) + 120*(624351) -144*(12345) -90*(4321) + 80*(321) + 45*(12) 
120*(154326) + 120*(623451) -144*(12345) -90*(4321) + 80*(321) + 45*(12) 
-120*(153426) -120*(624351) + 144*(12345) + 90*(4321) -80*(321) + 45*(21) 
-120*(154326) -120*(623451) + 144*(12345) + 90*(4321) -80*(321) + 45*(21) 
[6, 6, 5, 3, 3, 3]
[6, 6, 5, 3, 3, 3]: No covers found on full search.
[6, 6, 5, 3, 3, 2]
[6, 6, 5, 3, 3, 2]: No covers found on full search.
[9, 9, 9, 9, 9, 9]
Covers of type [9, 9, 9, 9, 9, 9] cannot fill the first row with enough non-zero entries.
[9, 9, 9, 9, 9, 8]
Covers of type [9, 9, 9, 9, 9, 8] cannot fill the first row with enough non-zero entries.
[9, 9, 9, 9, 9, 7]
Covers of type [9, 9, 9, 9, 9, 7] cannot fill the first row with enough non-zero entries.
[7, 7, 7, 7, 6, 3]
[7, 7, 7, 7, 6, 3]: No covers found on full search.
[7, 7, 7, 7, 6, 2]
[7, 7, 7, 7, 6, 2]: No covers found on full search.
[7, 7, 7, 7, 5, 5]
[7, 7, 7, 7, 5, 5]: No covers found on full search.
[7, 7, 7, 7, 5, 4]
[7, 7, 7, 7, 5, 4]: No covers found on full search.
[7, 7, 7, 7, 5, 3]
[7, 7, 7, 7, 5, 3]: No covers found on full search.
[7, 7, 7, 7, 5, 2]
[7, 7, 7, 7, 5, 2]: No covers found on full search.
[9, 9, 9, 9, 9, 6]
[9, 9, 9, 9, 9, 6]: No covers found on full search.
[9, 9, 9, 9, 9, 5]
[9, 9, 9, 9, 9, 5]: No covers found on full search.
[9, 9, 9, 9, 8, 8]
Covers of type [9, 9, 9, 9, 8, 8] cannot fill the first row with enough non-zero entries.
[9, 9, 9, 9, 8, 7]
[9, 9, 9, 9, 8, 7]: No covers found on full search.
[9, 9, 9, 9, 8, 6]
[9, 9, 9, 9, 8, 6]: No covers found on full search.
[9, 9, 9, 9, 8, 5]
[9, 9, 9, 9, 8, 5]: No covers found on full search.
[9, 9, 9, 9, 8, 4]
[9, 9, 9, 9, 8, 4]: No covers found on full search.
[9, 9, 9, 9, 7, 7]
[9, 9, 9, 9, 7, 7]: No covers found on full search.
[9, 9, 9, 9, 7, 6]
[9, 9, 9, 9, 7, 6]: No covers found on full search.
[9, 9, 9, 9, 7, 5]
[9, 9, 9, 9, 7, 5]: No covers found on full search.
[9, 9, 9, 9, 7, 4]
[9, 9, 9, 9, 7, 4]: No covers found on full search.
[9, 9, 9, 9, 7, 3]
[9, 9, 9, 9, 7, 3]: No covers found on full search.
[9, 9, 9, 9, 6, 6]
[9, 9, 9, 9, 6, 6]: No covers found on full search.
[9, 9, 9, 9, 6, 5]
[9, 9, 9, 9, 6, 5]: No covers found on full search.
[9, 9, 9, 9, 6, 4]
[9, 9, 9, 9, 6, 4]: No covers found on full search.
[9, 9, 9, 9, 6, 3]
[9, 9, 9, 9, 6, 3]: No covers found on full search.
[9, 9, 9, 9, 6, 2]
[9, 9, 9, 9, 6, 2]: No covers found on full search.
[9, 9, 9, 8, 8, 8]
[9, 9, 9, 8, 8, 8]: No covers found on full search.
[9, 9, 9, 8, 8, 7]
[9, 9, 9, 8, 8, 7]: No covers found on full search.
[9, 9, 9, 8, 8, 6]
[9, 9, 9, 8, 8, 6]: No covers found on full search.
[9, 9, 9, 8, 8, 5]
[9, 9, 9, 8, 8, 5]: No covers found on full search.
[9, 9, 9, 8, 8, 4]
[9, 9, 9, 8, 8, 4]: No covers found on full search.
[9, 9, 9, 8, 8, 3]
[9, 9, 9, 8, 8, 3]: No covers found on full search.
[9, 9, 9, 8, 7, 7]
[9, 9, 9, 8, 7, 7]: No covers found on full search.
[9, 9, 9, 8, 7, 6]
[9, 9, 9, 8, 7, 6]: No covers found on full search.
[9, 9, 9, 8, 7, 5]
[9, 9, 9, 8, 7, 5]: No covers found on full search.
[9, 9, 9, 8, 7, 4]
[9, 9, 9, 8, 7, 4]: No covers found on full search.
[9, 9, 9, 8, 7, 3]
[9, 9, 9, 8, 7, 3]: No covers found on full search.
[9, 9, 9, 8, 7, 2]
[9, 9, 9, 8, 7, 2]: No covers found on full search.
[9, 9, 9, 8, 6, 6]
[9, 9, 9, 8, 6, 6]: No covers found on full search.
[9, 9, 9, 8, 6, 5]
[9, 9, 9, 8, 6, 5]: No covers found on full search.
[9, 9, 9, 8, 6, 4]
[9, 9, 9, 8, 6, 4]: No covers found on full search.
[9, 9, 9, 8, 6, 3]
[9, 9, 9, 8, 6, 3]: No covers found on full search.
[9, 9, 9, 8, 6, 2]
[9, 9, 9, 8, 6, 2]: No covers found on full search.
[9, 9, 9, 8, 5, 5]
[9, 9, 9, 8, 5, 5]: No covers found on full search.
[9, 9, 9, 8, 5, 4]
[9, 9, 9, 8, 5, 4]: No covers found on full search.
[9, 9, 9, 8, 5, 3]
[9, 9, 9, 8, 5, 3]: No covers found on full search.
[9, 9, 9, 8, 5, 2]
[9, 9, 9, 8, 5, 2]: No covers found on full search.
[9, 9, 9, 7, 7, 7]
[9, 9, 9, 7, 7, 7]: No covers found on full search.
[9, 9, 9, 7, 7, 6]
[9, 9, 9, 7, 7, 6]: No covers found on full search.
[9, 9, 9, 7, 7, 5]
[9, 9, 9, 7, 7, 5]: No covers found on full search.
[9, 9, 9, 7, 7, 4]
[9, 9, 9, 7, 7, 4]: No covers found on full search.
[9, 9, 9, 7, 7, 3]
[9, 9, 9, 7, 7, 3]: No covers found on full search.
[9, 9, 9, 7, 7, 2]
[9, 9, 9, 7, 7, 2]: No covers found on full search.
[9, 9, 9, 7, 6, 6]
[9, 9, 9, 7, 6, 6]: No covers found on full search.
[9, 9, 9, 7, 6, 5]
[9, 9, 9, 7, 6, 5]: No covers found on full search.
[9, 9, 9, 7, 6, 4]
[9, 9, 9, 7, 6, 4]: No covers found on full search.
[9, 9, 9, 7, 6, 3]
[9, 9, 9, 7, 6, 3]: No covers found on full search.
[9, 9, 9, 7, 6, 2]
[9, 9, 9, 7, 6, 2]: No covers found on full search.
[9, 9, 9, 7, 5, 5]
[9, 9, 9, 7, 5, 5]: No covers found on full search.
[9, 9, 9, 7, 5, 4]
[9, 9, 9, 7, 5, 4]: No covers found on full search.
[9, 9, 9, 7, 5, 3]
[9, 9, 9, 7, 5, 3]: No covers found on full search.
[9, 9, 9, 7, 5, 2]
[9, 9, 9, 7, 5, 2]: No covers found on full search.
[9, 9, 9, 7, 4, 4]
[9, 9, 9, 7, 4, 4]: No covers found on full search.
[9, 9, 9, 7, 4, 3]
[9, 9, 9, 7, 4, 3]: No covers found on full search.
[9, 9, 9, 7, 4, 2]
[9, 9, 9, 7, 4, 2]: No covers found on full search.
[9, 9, 8, 8, 8, 8]
[9, 9, 8, 8, 8, 8]: No covers found on full search.
[9, 9, 8, 8, 8, 7]
[9, 9, 8, 8, 8, 7]: No covers found on full search.
[9, 9, 8, 8, 8, 6]
[9, 9, 8, 8, 8, 6]: No covers found on full search.
[9, 9, 8, 8, 8, 5]
[9, 9, 8, 8, 8, 5]: No covers found on full search.
[9, 9, 8, 8, 8, 4]
[9, 9, 8, 8, 8, 4]: No covers found on full search.
[9, 9, 8, 8, 8, 3]
[9, 9, 8, 8, 8, 3]: No covers found on full search.
[9, 9, 8, 8, 8, 2]
[9, 9, 8, 8, 8, 2]: No covers found on full search.
[9, 9, 8, 8, 7, 7]
[9, 9, 8, 8, 7, 7]: No covers found on full search.
[9, 9, 8, 8, 7, 6]
[9, 9, 8, 8, 7, 6]: No covers found on full search.
[9, 9, 8, 8, 7, 5]
[9, 9, 8, 8, 7, 5]: No covers found on full search.
[9, 9, 8, 8, 7, 4]
[9, 9, 8, 8, 7, 4]: No covers found on full search.
[9, 9, 8, 8, 7, 3]
[9, 9, 8, 8, 7, 3]: No covers found on full search.
[9, 9, 8, 8, 7, 2]
[9, 9, 8, 8, 7, 2]: No covers found on full search.
[9, 9, 8, 8, 6, 6]
[9, 9, 8, 8, 6, 6]: No covers found on full search.
[9, 9, 8, 8, 6, 5]
[9, 9, 8, 8, 6, 5]: No covers found on full search.
[9, 9, 8, 8, 6, 4]
[9, 9, 8, 8, 6, 4]: No covers found on full search.
[9, 9, 8, 8, 6, 3]
[9, 9, 8, 8, 6, 3]: No covers found on full search.
[9, 9, 8, 8, 6, 2]
[9, 9, 8, 8, 6, 2]: No covers found on full search.
[9, 9, 8, 8, 5, 5]
[9, 9, 8, 8, 5, 5]: No covers found on full search.
[9, 9, 8, 8, 5, 4]
[9, 9, 8, 8, 5, 4]: No covers found on full search.
[9, 9, 8, 8, 5, 3]
[9, 9, 8, 8, 5, 3]: No covers found on full search.
[9, 9, 8, 8, 5, 2]
[9, 9, 8, 8, 5, 2]: No covers found on full search.
[9, 9, 8, 8, 4, 4]
[9, 9, 8, 8, 4, 4]: No covers found on full search.
[9, 9, 8, 8, 4, 3]
[9, 9, 8, 8, 4, 3]: No covers found on full search.
[9, 9, 8, 8, 4, 2]
[9, 9, 8, 8, 4, 2]: No covers found on full search.
[9, 9, 8, 7, 7, 7]
[9, 9, 8, 7, 7, 7]: No covers found on full search.
[9, 9, 8, 7, 7, 6]
[9, 9, 8, 7, 7, 6]: No covers found on full search.
[9, 9, 8, 7, 7, 5]
[9, 9, 8, 7, 7, 5]: No covers found on full search.
[9, 9, 8, 7, 7, 4]
[9, 9, 8, 7, 7, 4]: No covers found on full search.
[9, 9, 8, 7, 7, 3]
[9, 9, 8, 7, 7, 3]: No covers found on full search.
[9, 9, 8, 7, 7, 2]
[9, 9, 8, 7, 7, 2]: No covers found on full search.
[9, 9, 8, 7, 6, 6]
[9, 9, 8, 7, 6, 6]: No covers found on full search.
[7, 7, 7, 7, 4, 4]: Manual rule-out
[7, 7, 7, 7, 4, 3]
[7, 7, 7, 7, 4, 3]: No covers found on full search.
[7, 7, 7, 7, 4, 2]
[7, 7, 7, 7, 4, 2]: No covers found on full search.
[7, 7, 7, 6, 6, 6]
[7, 7, 7, 6, 6, 6]: No covers found on full search.
[7, 7, 7, 6, 6, 5]
[7, 7, 7, 6, 6, 5]: No covers found on full search.
[7, 7, 7, 6, 6, 4]
[7, 7, 7, 6, 6, 4]: No covers found on full search.
[7, 7, 7, 6, 6, 3]
[7, 7, 7, 6, 6, 3]: No covers found on full search.
[7, 7, 7, 6, 6, 2]
[7, 7, 7, 6, 6, 2]: No covers found on full search.
[7, 7, 7, 6, 5, 5]
[7, 7, 7, 6, 5, 5]: No covers found on full search.
[7, 7, 7, 6, 5, 4]: Manual rule-out
[7, 7, 7, 6, 5, 3]
[7, 7, 7, 6, 5, 3]: No covers found on full search.
[7, 7, 7, 6, 5, 2]
[7, 7, 7, 6, 5, 2]: No covers found on full search.
[7, 7, 7, 6, 4, 4]
[7, 7, 7, 6, 4, 4]: No covers found on full search.
[7, 7, 7, 6, 4, 3]
[7, 7, 7, 6, 4, 3]: No covers found on full search.
[7, 7, 7, 6, 4, 2]
[7, 7, 7, 6, 4, 2]: No covers found on full search.
[7, 7, 7, 6, 3, 3]
[7, 7, 7, 6, 3, 3]: No covers found on full search.
[7, 7, 7, 6, 3, 2]
[7, 7, 7, 6, 3, 2]: No covers found on full search.
[7, 7, 7, 5, 5, 5]
[7, 7, 7, 5, 5, 5]: No covers found on full search.
[7, 7, 7, 5, 5, 4]
[7, 7, 7, 5, 5, 4]: No covers found on full search.
[7, 7, 7, 5, 5, 3]
[7, 7, 7, 5, 5, 3]: No covers found on full search.
[7, 7, 7, 5, 5, 2]
[7, 7, 7, 5, 5, 2]: No covers found on full search.
[7, 7, 7, 5, 4, 4]
[7, 7, 7, 5, 4, 4]: No covers found on full search.
[7, 7, 7, 5, 4, 3]
[7, 7, 7, 5, 4, 3]: No covers found on full search.
[7, 7, 7, 5, 4, 2]
[7, 7, 7, 5, 4, 2]: No covers found on full search.
[7, 7, 7, 5, 3, 3]
[7, 7, 7, 5, 3, 3]: No covers found on full search.
[7, 7, 7, 5, 3, 2]
[7, 7, 7, 5, 3, 2]: No covers found on full search.
[7, 7, 6, 6, 6, 6]
[7, 7, 6, 6, 6, 6]: No covers found on full search.
[7, 7, 6, 6, 6, 5]
[7, 7, 6, 6, 6, 5]: No covers found on full search.
[7, 7, 6, 6, 6, 4]
[7, 7, 6, 6, 6, 4]: No covers found on full search.
[7, 7, 6, 6, 6, 3]
[7, 7, 6, 6, 6, 3]: No covers found on full search.
[7, 7, 6, 6, 6, 2]
[7, 7, 6, 6, 6, 2]: No covers found on full search.
[7, 7, 6, 6, 5, 5]
[7, 7, 6, 6, 5, 5]: No covers found on full search.
[7, 7, 6, 6, 5, 4] Problem
[7, 7, 6, 6, 5, 3]
[7, 7, 6, 6, 5, 3]: No covers found on full search.
[7, 7, 6, 6, 5, 2]
[7, 7, 6, 6, 5, 2]: No covers found on full search.
[7, 7, 6, 6, 4, 4]
[7, 7, 6, 6, 4, 4]: No covers found on full search.
[7, 7, 6, 6, 4, 3]
[7, 7, 6, 6, 4, 3]: No covers found on full search.
[7, 7, 6, 6, 4, 2]
[7, 7, 6, 6, 4, 2]: No covers found on full search.
[7, 7, 6, 6, 3, 3]
[7, 7, 6, 6, 3, 3]: No covers found on full search.
[7, 7, 6, 6, 3, 2]
[7, 7, 6, 6, 3, 2]: No covers found on full search.
[7, 7, 6, 6, 2, 2]
[7, 7, 6, 6, 2, 2] covers do not exist since [7, 7, 6, 6, 2] covers do not exist.
[7, 7, 6, 5, 5, 5]
[7, 7, 6, 5, 5, 5]: No covers found on full search.
[7, 7, 6, 5, 5, 4]
[7, 7, 6, 5, 5, 4]: No covers found on full search.
[7, 7, 6, 5, 5, 3]
[7, 7, 6, 5, 5, 3]: No covers found on full search.
[7, 7, 6, 5, 5, 2]
[7, 7, 6, 5, 5, 2]: No covers found on full search.
[7, 7, 6, 5, 4, 4]
[7, 7, 6, 5, 4, 4]: No covers found on full search.
[7, 7, 6, 5, 4, 3]
[7, 7, 6, 5, 4, 3]: No covers found on full search.
[7, 7, 6, 5, 4, 2]
[7, 7, 6, 5, 4, 2]: No covers found on full search.
[7, 7, 6, 5, 3, 3]
[7, 7, 6, 5, 3, 3]: No covers found on full search.
[7, 7, 6, 5, 3, 2]
[7, 7, 6, 5, 3, 2]: No covers found on full search.
[7, 7, 6, 5, 2, 2]
[7, 7, 6, 5, 2, 2] covers do not exist since [7, 7, 6, 5, 2] covers do not exist.
[7, 7, 6, 4, 4, 4]
[7, 7, 6, 4, 4, 4]: No covers found on full search.
[7, 7, 6, 4, 4, 3]
[7, 7, 6, 4, 4, 3]: No covers found on full search.
[7, 7, 6, 4, 4, 2]
[7, 7, 6, 4, 4, 2]: No covers found on full search.
[7, 7, 6, 4, 3, 3]
[7, 7, 6, 4, 3, 3]: No covers found on full search.
[7, 7, 6, 4, 3, 2]
[7, 7, 6, 4, 3, 2]: No covers found on full search.
[7, 7, 6, 4, 2, 2]
[7, 7, 6, 4, 2, 2] covers do not exist since [7, 7, 6, 4, 2] covers do not exist.
[8, 8, 8, 8, 5, 5]
[8, 8, 8, 8, 5, 5]: No covers found on full search.
[8, 8, 8, 8, 5, 4]
[8, 8, 8, 8, 5, 4]: No covers found on full search.
[8, 8, 8, 8, 5, 3]
[8, 8, 8, 8, 5, 3]: No covers found on full search.
[8, 8, 8, 8, 5, 2]
[8, 8, 8, 8, 5, 2]: No covers found on full search.
[8, 8, 8, 7, 7, 7]
[8, 8, 8, 7, 7, 7]: No covers found on full search.
[8, 8, 8, 7, 7, 6]
[8, 8, 8, 7, 7, 6]: No covers found on full search.
[8, 8, 8, 7, 7, 5]
[8, 8, 8, 7, 7, 5]: No covers found on full search.
[8, 8, 8, 7, 7, 4]
[8, 8, 8, 7, 7, 4]: No covers found on full search.
[8, 8, 8, 7, 7, 3]
[8, 8, 8, 7, 7, 3]: No covers found on full search.
[8, 8, 8, 7, 7, 2]
[8, 8, 8, 7, 7, 2]: No covers found on full search.
[8, 8, 8, 7, 6, 6]
[8, 8, 8, 7, 6, 6]: No covers found on full search.
[8, 8, 8, 7, 6, 5]
[8, 8, 8, 7, 6, 5]: No covers found on full search.
[5, 5, 5, 5, 5, 2]
-30*(12345) + 6*(14325) -12*(21354) + 12*(45312) + 24*(52341) + 5*(12) 
-6*(12345) -18*(14325) -12*(21354) + 12*(45312) + 24*(54321) + 5*(12) 
30*(12345) -6*(14325) + 12*(21354) -12*(45312) -24*(52341) + 5*(21) 
6*(12345) + 18*(14325) + 12*(21354) -12*(45312) -24*(54321) + 5*(21) 
[5, 5, 5, 5, 5, 3]: No covers found on full search.
[5, 5, 5, 5, 5, 4]:
-10*(12345) + 2*(21354) + 6*(32541) + 6*(45123) + 6*(54312) + 5*(1234) 
-10*(12345) + 2*(21354) + 6*(32541) + 6*(45312) + 6*(54123) + 5*(1234) 
-10*(12345) + 2*(21354) + 6*(34512) + 6*(45123) + 6*(52341) + 5*(1234) 
-10*(12345) + 2*(21354) + 6*(35142) + 6*(42513) + 6*(54321) + 5*(1234) 
[8, 8, 8, 7, 6, 4]
[8, 8, 8, 7, 6, 4]: No covers found on full search.
[8, 8, 8, 7, 6, 3]
[8, 8, 8, 7, 6, 3]: No covers found on full search.
[8, 8, 8, 7, 6, 2]
[8, 8, 8, 7, 6, 2]: No covers found on full search.
[8, 8, 8, 7, 5, 5]
[8, 8, 8, 7, 5, 5]: No covers found on full search.
[8, 8, 8, 7, 5, 4]
[8, 8, 8, 7, 5, 4]: No covers found on full search.
[8, 8, 8, 7, 5, 3]
[8, 8, 8, 7, 5, 3]: No covers found on full search.
[8, 8, 8, 7, 5, 2]
[8, 8, 8, 7, 5, 2]: No covers found on full search.
[8, 8, 8, 7, 4, 4]
[8, 8, 8, 7, 4, 4]: No covers found on full search.
[8, 8, 8, 7, 4, 3]
[8, 8, 8, 7, 4, 3]: No covers found on full search.
[8, 8, 8, 7, 4, 2]
[8, 8, 8, 7, 4, 2]: No covers found on full search.
[8, 8, 8, 6, 6, 6]
[8, 8, 8, 6, 6, 6]: No covers found on full search.
[8, 8, 8, 6, 6, 5]
[8, 8, 8, 6, 6, 5]: No covers found on full search.
[8, 8, 8, 6, 6, 4]
[8, 8, 8, 6, 6, 4]: No covers found on full search.
[8, 8, 8, 6, 6, 3]
[8, 8, 8, 6, 6, 3]: No covers found on full search.
[8, 8, 8, 6, 6, 2]
[8, 8, 8, 6, 6, 2]: No covers found on full search.
[8, 8, 8, 6, 5, 5]
[8, 8, 8, 6, 5, 5]: No covers found on full search.
[8, 8, 8, 6, 5, 4]
[8, 8, 8, 6, 5, 4]: No covers found on full search.
[8, 8, 8, 6, 5, 3]
[8, 8, 8, 6, 5, 3]: No covers found on full search.
[8, 8, 8, 6, 5, 2]
[8, 8, 8, 6, 5, 2]: No covers found on full search.
[8, 8, 8, 6, 4, 4]
[8, 8, 8, 6, 4, 4]: No covers found on full search.
[8, 8, 8, 6, 4, 3]
[8, 8, 8, 6, 4, 3]: No covers found on full search.
[8, 8, 8, 6, 4, 2]
[8, 8, 8, 6, 4, 2]: No covers found on full search.
[8, 8, 8, 6, 3, 3]
[8, 8, 8, 6, 3, 3]: No covers found on full search.
[8, 8, 8, 6, 3, 2]
[8, 8, 8, 6, 3, 2]: No covers found on full search.
[8, 8, 7, 7, 7, 7]
[8, 8, 7, 7, 7, 7]: No covers found on full search.
[8, 8, 7, 7, 7, 6]
[8, 8, 7, 7, 7, 6]: No covers found on full search.
[8, 8, 7, 7, 7, 5]
[8, 8, 7, 7, 7, 5]: No covers found on full search.
[8, 8, 7, 7, 7, 4]
[8, 8, 7, 7, 7, 4]: No covers found on full search.
[8, 8, 7, 7, 7, 3]
[8, 8, 7, 7, 7, 3]: No covers found on full search.
[8, 8, 7, 7, 7, 2]
[8, 8, 7, 7, 7, 2]: No covers found on full search.
[8, 8, 7, 7, 6, 6]
[8, 8, 7, 7, 6, 6]: No covers found on full search.
[8, 8, 7, 7, 6, 5]
[8, 8, 7, 7, 6, 5]: No covers found on full search.
[8, 8, 7, 7, 6, 4]
[8, 8, 7, 7, 6, 4]: No covers found on full search.
[8, 8, 7, 7, 6, 3]
[8, 8, 7, 7, 6, 3]: No covers found on full search.
[8, 8, 7, 7, 6, 2]
[8, 8, 7, 7, 6, 2]: No covers found on full search.
[8, 8, 7, 7, 5, 5]
[8, 8, 7, 7, 5, 5]: No covers found on full search.
[8, 8, 7, 7, 5, 4]
[8, 8, 7, 7, 5, 4]: No covers found on full search.
[8, 8, 7, 7, 5, 3]
[8, 8, 7, 7, 5, 3]: No covers found on full search.
[8, 8, 7, 7, 5, 2]
[8, 8, 7, 7, 5, 2]: No covers found on full search.
[8, 8, 7, 7, 4, 4]
[8, 8, 7, 7, 4, 4]: No covers found on full search.
[8, 8, 7, 7, 4, 3]
[8, 8, 7, 7, 4, 3]: No covers found on full search.
[8, 8, 7, 7, 4, 2]
[8, 8, 7, 7, 4, 2]: No covers found on full search.
[8, 8, 7, 7, 3, 3]
[8, 8, 7, 7, 3, 3]: No covers found on full search.
[8, 8, 7, 7, 3, 2]
[8, 8, 7, 7, 3, 2]: No covers found on full search.
[8, 8, 7, 6, 6, 6]
[8, 8, 7, 6, 6, 6]: No covers found on full search.
[8, 8, 7, 6, 6, 5]
[8, 8, 7, 6, 6, 5]: No covers found on full search.
[8, 8, 7, 6, 6, 4]
[8, 8, 7, 6, 6, 4]: No covers found on full search.
[8, 8, 7, 6, 6, 3]
[8, 8, 7, 6, 6, 3]: No covers found on full search.
[8, 8, 7, 6, 6, 2]
[8, 8, 7, 6, 6, 2]: No covers found on full search.
[8, 8, 7, 6, 5, 5]
[8, 8, 7, 6, 5, 5]: No covers found on full search.
[8, 8, 7, 6, 5, 4]
[8, 8, 7, 6, 5, 4]: No covers found on full search.
[8, 8, 7, 6, 5, 3]
[8, 8, 7, 6, 5, 3]: No covers found on full search.
[8, 8, 7, 6, 5, 2]
[8, 8, 7, 6, 5, 2]: No covers found on full search.
[8, 8, 7, 6, 4, 4]
[8, 8, 7, 6, 4, 4]: No covers found on full search.
[8, 8, 7, 6, 4, 3]
[8, 8, 7, 6, 4, 3]: No covers found on full search.
[8, 8, 7, 6, 4, 2]
[8, 8, 7, 6, 4, 2]: No covers found on full search.
[8, 8, 7, 6, 3, 3]
[8, 8, 7, 6, 3, 3]: No covers found on full search.
[8, 8, 7, 6, 3, 2]
[8, 8, 7, 6, 3, 2]: No covers found on full search.
[8, 8, 7, 6, 2, 2]
[8, 8, 7, 6, 2, 2] covers do not exist since [8, 8, 7, 6, 2] covers do not exist.
[8, 8, 7, 5, 5, 5]
[8, 8, 7, 5, 5, 5]: No covers found on full search.
[8, 8, 7, 5, 5, 4]
[8, 8, 7, 5, 5, 4]: No covers found on full search.
[8, 8, 7, 5, 5, 3]
[8, 8, 7, 5, 5, 3]: No covers found on full search.
[8, 8, 7, 5, 5, 2]
[8, 8, 7, 5, 5, 2]: No covers found on full search.
[8, 8, 7, 5, 4, 4]
[8, 8, 7, 5, 4, 4]: No covers found on full search.
[8, 8, 7, 5, 4, 3]
[8, 8, 7, 5, 4, 3]: No covers found on full search.
[8, 8, 7, 5, 4, 2]
[8, 8, 7, 5, 4, 2]: No covers found on full search.
[8, 8, 7, 5, 3, 3]
[8, 8, 7, 5, 3, 3]: No covers found on full search.
[8, 8, 7, 5, 3, 2]
[8, 8, 7, 5, 3, 2]: No covers found on full search.
[8, 8, 7, 5, 2, 2]
[8, 8, 7, 5, 2, 2] covers do not exist since [8, 8, 7, 5, 2] covers do not exist.
[9, 9, 8, 7, 6, 5]
[9, 9, 8, 7, 6, 5]: No covers found on full search.
[9, 9, 8, 7, 6, 4]
[9, 9, 8, 7, 6, 4]: No covers found on full search.
[9, 9, 8, 7, 6, 3]
[9, 9, 8, 7, 6, 3]: No covers found on full search.
[9, 9, 8, 7, 6, 2]
[9, 9, 8, 7, 6, 2]: No covers found on full search.
[9, 9, 8, 7, 5, 5]
[9, 9, 8, 7, 5, 5]: No covers found on full search.
[9, 9, 8, 7, 5, 4]
[9, 9, 8, 7, 5, 4]: No covers found on full search.
[9, 9, 8, 7, 5, 3]
[9, 9, 8, 7, 5, 3]: No covers found on full search.
[9, 9, 8, 7, 5, 2]
[9, 9, 8, 7, 5, 2]: No covers found on full search.
[9, 9, 8, 7, 4, 4]
[9, 9, 8, 7, 4, 4]: No covers found on full search.
[9, 9, 8, 7, 4, 3]
[9, 9, 8, 7, 4, 3]: No covers found on full search.
[9, 9, 8, 7, 4, 2]
[9, 9, 8, 7, 4, 2]: No covers found on full search.
[9, 9, 8, 7, 3, 3]
[9, 9, 8, 7, 3, 3]: No covers found on full search.
[9, 9, 8, 7, 3, 2]
[9, 9, 8, 7, 3, 2]: No covers found on full search.
[9, 9, 8, 6, 6, 6]
[9, 9, 8, 6, 6, 6]: No covers found on full search.
[9, 9, 8, 6, 6, 5]
[9, 9, 8, 6, 6, 5]: No covers found on full search.
[9, 9, 8, 6, 6, 4]
[9, 9, 8, 6, 6, 4]: No covers found on full search.
[9, 9, 8, 6, 6, 3]
[9, 9, 8, 6, 6, 3]: No covers found on full search.
[9, 9, 8, 6, 6, 2]
[9, 9, 8, 6, 6, 2]: No covers found on full search.
[9, 9, 8, 6, 5, 5]
[9, 9, 8, 6, 5, 5]: No covers found on full search.
[9, 9, 8, 6, 5, 4]
[9, 9, 8, 6, 5, 4]: No covers found on full search.
[9, 9, 8, 6, 5, 3]
[9, 9, 8, 6, 5, 3]: No covers found on full search.
[9, 9, 8, 6, 5, 2]
[9, 9, 8, 6, 5, 2]: No covers found on full search.
[9, 9, 8, 6, 4, 4]
[9, 9, 8, 6, 4, 4]: No covers found on full search.
[9, 9, 8, 6, 4, 3]
[9, 9, 8, 6, 4, 3]: No covers found on full search.
[9, 9, 8, 6, 4, 2]
[9, 9, 8, 6, 4, 2]: No covers found on full search.
[9, 9, 8, 6, 3, 3]
[9, 9, 8, 6, 3, 3]: No covers found on full search.
[9, 9, 8, 6, 3, 2]
[9, 9, 8, 6, 3, 2]: No covers found on full search.
[9, 9, 8, 6, 2, 2]
[9, 9, 8, 6, 2, 2] covers do not exist since [9, 9, 8, 6, 2] covers do not exist.
[11, 11, 10, 9, 9, 2]
[11, 11, 10, 9, 9, 2]: No covers found on full search.
[11, 11, 10, 9, 8, 8]
[11, 11, 10, 9, 8, 8]: No covers found on full search.
[11, 11, 10, 9, 8, 7]
[11, 11, 10, 9, 8, 7]: No covers found on full search.
[11, 11, 10, 9, 8, 6]
[11, 11, 10, 9, 8, 6]: No covers found on full search.
[11, 11, 10, 9, 8, 5]
[11, 11, 10, 9, 8, 5]: No covers found on full search.
[11, 11, 10, 9, 8, 4]
[11, 11, 10, 9, 8, 4]: No covers found on full search.
[11, 11, 10, 9, 8, 3]
[11, 11, 10, 9, 8, 3]: No covers found on full search.
[11, 11, 10, 9, 8, 2]
[11, 11, 10, 9, 8, 2]: No covers found on full search.
[11, 11, 10, 9, 7, 7]
[11, 11, 10, 9, 7, 7]: No covers found on full search.
[11, 11, 10, 9, 7, 6]
[11, 11, 10, 9, 7, 6]: No covers found on full search.
[11, 11, 10, 9, 7, 5]
[11, 11, 10, 9, 7, 5]: No covers found on full search.
[11, 11, 10, 9, 7, 4]
[11, 11, 10, 9, 7, 4]: No covers found on full search.
[11, 11, 10, 9, 7, 3]
[11, 11, 10, 9, 7, 3]: No covers found on full search.
[11, 11, 10, 9, 7, 2]
[11, 11, 10, 9, 7, 2]: No covers found on full search.
[11, 11, 10, 9, 6, 6]
[11, 11, 10, 9, 6, 6]: No covers found on full search.
[11, 11, 10, 9, 6, 5]
[11, 11, 10, 9, 6, 5]: No covers found on full search.
[11, 11, 10, 9, 6, 4]
[11, 11, 10, 9, 6, 4]: No covers found on full search.
[11, 11, 10, 9, 6, 3]
[11, 11, 10, 9, 6, 3]: No covers found on full search.
[11, 11, 10, 9, 6, 2]
[11, 11, 10, 9, 6, 2]: No covers found on full search.
[11, 11, 10, 9, 5, 5]
[11, 11, 10, 9, 5, 5]: No covers found on full search.
[11, 11, 10, 9, 5, 4]
[11, 11, 10, 9, 5, 4]: No covers found on full search.
[11, 11, 10, 9, 5, 3]
[11, 11, 10, 9, 5, 3]: No covers found on full search.
[11, 11, 10, 9, 5, 2]
[11, 11, 10, 9, 5, 2]: No covers found on full search.
[11, 11, 10, 8, 8, 8]
[11, 11, 10, 8, 8, 8]: No covers found on full search.
[11, 11, 10, 8, 8, 7]
[11, 11, 10, 8, 8, 7]: No covers found on full search.
[11, 11, 10, 8, 8, 6]
[11, 11, 10, 8, 8, 6]: No covers found on full search.
[11, 11, 10, 8, 8, 5]
[11, 11, 10, 8, 8, 5]: No covers found on full search.
[11, 11, 10, 8, 8, 4]
[11, 11, 10, 8, 8, 4]: No covers found on full search.
[11, 11, 10, 8, 8, 3]
[11, 11, 10, 8, 8, 3]: No covers found on full search.
[11, 11, 10, 8, 8, 2]
[11, 11, 10, 8, 8, 2]: No covers found on full search.
[11, 11, 10, 8, 7, 7]
[11, 11, 10, 8, 7, 7]: No covers found on full search.
[11, 11, 10, 8, 7, 6]
[11, 11, 10, 8, 7, 6]: No covers found on full search.
[11, 11, 10, 8, 7, 5]
[11, 11, 10, 8, 7, 5]: No covers found on full search.
[11, 11, 10, 8, 7, 4]
[11, 11, 10, 8, 7, 4]: No covers found on full search.
[11, 11, 10, 8, 7, 3]
[11, 11, 10, 8, 7, 3]: No covers found on full search.
[11, 11, 10, 8, 7, 2]
[11, 11, 10, 8, 7, 2]: No covers found on full search.
[11, 11, 10, 8, 6, 6]
[11, 11, 10, 8, 6, 6]: No covers found on full search.
[11, 11, 10, 8, 6, 5]
[11, 11, 10, 8, 6, 5]: No covers found on full search.
[11, 11, 10, 8, 6, 4]
[11, 11, 10, 8, 6, 4]: No covers found on full search.
[11, 11, 10, 8, 6, 3]
[11, 11, 10, 8, 6, 3]: No covers found on full search.
[11, 11, 10, 8, 6, 2]
[11, 11, 10, 8, 6, 2]: No covers found on full search.
[11, 11, 10, 8, 5, 5]
[11, 11, 10, 8, 5, 5]: No covers found on full search.
[11, 11, 10, 8, 5, 4]
[11, 11, 10, 8, 5, 4]: No covers found on full search.
[11, 11, 10, 8, 5, 3]
[11, 11, 10, 8, 5, 3]: No covers found on full search.
[11, 11, 10, 8, 5, 2]
[11, 11, 10, 8, 5, 2]: No covers found on full search.
[11, 11, 10, 8, 4, 4]
[11, 11, 10, 8, 4, 4]: No covers found on full search.
[11, 11, 10, 8, 4, 3]
[11, 11, 10, 8, 4, 3]: No covers found on full search.
[11, 11, 10, 8, 4, 2]
[11, 11, 10, 8, 4, 2]: No covers found on full search.
[12, 12, 12, 12, 12, 12]
Covers of type [12, 12, 12, 12, 12, 12] cannot fill the first row with enough non-zero entries.
[12, 12, 12, 12, 12, 11]
Covers of type [12, 12, 12, 12, 12, 11] cannot fill the first row with enough non-zero entries.
[12, 12, 12, 12, 12, 10]
Covers of type [12, 12, 12, 12, 12, 10] cannot fill the first row with enough non-zero entries.
[12, 12, 12, 12, 12, 9]
Covers of type [12, 12, 12, 12, 12, 9] cannot fill the first row with enough non-zero entries.
[12, 12, 12, 12, 12, 8]
Covers of type [12, 12, 12, 12, 12, 8] cannot fill the first row with enough non-zero entries.
[12, 12, 12, 12, 11, 11]
Covers of type [12, 12, 12, 12, 11, 11] cannot fill the first row with enough non-zero entries.
[12, 12, 12, 12, 11, 10]
Covers of type [12, 12, 12, 12, 11, 10] cannot fill the first row with enough non-zero entries.
[12, 12, 12, 12, 11, 9]
Covers of type [12, 12, 12, 12, 11, 9] cannot fill the first row with enough non-zero entries.
[12, 12, 12, 12, 11, 8]
Covers of type [12, 12, 12, 12, 11, 8] cannot fill the first row with enough non-zero entries.
[12, 12, 12, 12, 11, 7]
[12, 12, 12, 12, 11, 7]: No covers found on full search.
[12, 12, 12, 12, 10, 10]
Covers of type [12, 12, 12, 12, 10, 10] cannot fill the first row with enough non-zero entries.
[12, 12, 12, 12, 10, 9]
Covers of type [12, 12, 12, 12, 10, 9] cannot fill the first row with enough non-zero entries.
[12, 12, 12, 12, 10, 8]
[12, 12, 12, 12, 10, 8]: No covers found on full search.
[12, 12, 12, 12, 10, 7]
[12, 12, 12, 12, 10, 7]: No covers found on full search.
[12, 12, 12, 12, 10, 6]
[12, 12, 12, 12, 10, 6]: No covers found on full search.
[12, 12, 12, 12, 9, 9]
[12, 12, 12, 12, 9, 9]: No covers found on full search.
[12, 12, 12, 12, 9, 8]
[12, 12, 12, 12, 9, 8]: No covers found on full search.
[12, 12, 12, 12, 9, 7]
[12, 12, 12, 12, 9, 7]: No covers found on full search.
[12, 12, 12, 12, 9, 6]
[12, 12, 12, 12, 9, 6]: No covers found on full search.
[12, 12, 12, 12, 9, 5]
[12, 12, 12, 12, 9, 5]: No covers found on full search.
[12, 12, 12, 11, 11, 11]
Covers of type [12, 12, 12, 11, 11, 11] cannot fill the first row with enough non-zero entries.
[12, 12, 12, 11, 11, 10]
Covers of type [12, 12, 12, 11, 11, 10] cannot fill the first row with enough non-zero entries.
[12, 12, 12, 11, 11, 9]
Covers of type [12, 12, 12, 11, 11, 9] cannot fill the first row with enough non-zero entries.
[12, 12, 12, 11, 11, 8]
[12, 12, 12, 11, 11, 8]: No covers found on full search.
[12, 12, 12, 11, 11, 7]
[12, 12, 12, 11, 11, 7]: No covers found on full search.
[12, 12, 12, 11, 11, 6]
[12, 12, 12, 11, 11, 6]: No covers found on full search.
[12, 12, 12, 11, 10, 10]
Covers of type [12, 12, 12, 11, 10, 10] cannot fill the first row with enough non-zero entries.
[12, 12, 12, 11, 10, 9]
[12, 12, 12, 11, 10, 9]: No covers found on full search.
[12, 12, 12, 11, 10, 8]
[12, 12, 12, 11, 10, 8]: No covers found on full search.
[12, 12, 12, 11, 10, 7]
[12, 12, 12, 11, 10, 7]: No covers found on full search.
[12, 12, 12, 11, 10, 6]
[12, 12, 12, 11, 10, 6]: No covers found on full search.
[12, 12, 12, 11, 10, 5]
[12, 12, 12, 11, 10, 5]: No covers found on full search.
[12, 12, 12, 11, 9, 9]
[12, 12, 12, 11, 9, 9]: No covers found on full search.
[12, 12, 12, 11, 9, 8]
[12, 12, 12, 11, 9, 8]: No covers found on full search.
[12, 12, 12, 11, 9, 7]
[12, 12, 12, 11, 9, 7]: No covers found on full search.
[12, 12, 12, 11, 9, 6]
[12, 12, 12, 11, 9, 6]: No covers found on full search.
[12, 12, 12, 11, 9, 5]
[12, 12, 12, 11, 9, 5]: No covers found on full search.
[12, 12, 12, 11, 9, 4]
[12, 12, 12, 11, 9, 4]: No covers found on full search.
[6, 6, 5, 3, 2, 2]
[6, 6, 5, 3, 2, 2] covers do not exist since [6, 6, 5, 3, 2] covers do not exist.
[12, 12, 12, 11, 8, 8]
[12, 12, 12, 11, 8, 8]: No covers found on full search.
[12, 12, 12, 11, 8, 7]
[12, 12, 12, 11, 8, 7]: No covers found on full search.
[12, 12, 12, 11, 8, 6]
[12, 12, 12, 11, 8, 6]: No covers found on full search.
[12, 12, 12, 11, 8, 5]
[12, 12, 12, 11, 8, 5]: No covers found on full search.
[12, 12, 12, 11, 8, 4]
[12, 12, 12, 11, 8, 4]: No covers found on full search.
[12, 12, 12, 11, 8, 3]
[12, 12, 12, 11, 8, 3]: No covers found on full search.
[12, 12, 12, 10, 10, 10]
[12, 12, 12, 10, 10, 10]: No covers found on full search.
[12, 12, 12, 10, 10, 9]
[12, 12, 12, 10, 10, 9]: No covers found on full search.
[12, 12, 12, 10, 10, 8]
[12, 12, 12, 10, 10, 8]: No covers found on full search.
[12, 12, 12, 10, 10, 7]
[12, 12, 12, 10, 10, 7]: No covers found on full search.
[12, 12, 12, 10, 10, 6]
[12, 12, 12, 10, 10, 6]: No covers found on full search.
[12, 12, 12, 10, 10, 5]
[12, 12, 12, 10, 10, 5]: No covers found on full search.
[12, 12, 12, 10, 10, 4]
[12, 12, 12, 10, 10, 4]: No covers found on full search.
[12, 12, 12, 10, 9, 9]
[12, 12, 12, 10, 9, 9]: No covers found on full search.
[12, 12, 12, 10, 9, 8]
[12, 12, 12, 10, 9, 8]: No covers found on full search.
[12, 12, 12, 10, 9, 7]
[12, 12, 12, 10, 9, 7]: No covers found on full search.
[12, 12, 12, 10, 9, 6]
[12, 12, 12, 10, 9, 6]: No covers found on full search.
[12, 12, 12, 10, 9, 5]
[12, 12, 12, 10, 9, 5]: No covers found on full search.
[12, 12, 12, 10, 9, 4]
[12, 12, 12, 10, 9, 4]: No covers found on full search.
[12, 12, 12, 10, 9, 3]
[12, 12, 12, 10, 9, 3]: No covers found on full search.
[12, 12, 12, 10, 8, 8]
[12, 12, 12, 10, 8, 8]: No covers found on full search.
[12, 12, 12, 10, 8, 7]
[12, 12, 12, 10, 8, 7]: No covers found on full search.
[12, 12, 12, 10, 8, 6]
[12, 12, 12, 10, 8, 6]: No covers found on full search.
[12, 12, 12, 10, 8, 5]
[12, 12, 12, 10, 8, 5]: No covers found on full search.
[12, 12, 12, 10, 8, 4]
[12, 12, 12, 10, 8, 4]: No covers found on full search.
[12, 12, 12, 10, 8, 3]
[12, 12, 12, 10, 8, 3]: No covers found on full search.
[12, 12, 12, 10, 8, 2]
[12, 12, 12, 10, 8, 2]: No covers found on full search.
[12, 12, 12, 10, 7, 7]
[12, 12, 12, 10, 7, 7]: No covers found on full search.
[12, 12, 12, 10, 7, 6]
[12, 12, 12, 10, 7, 6]: No covers found on full search.
[12, 12, 12, 10, 7, 5]
[12, 12, 12, 10, 7, 5]: No covers found on full search.
[12, 12, 12, 10, 7, 4]
[12, 12, 12, 10, 7, 4]: No covers found on full search.
[12, 12, 12, 10, 7, 3]
[12, 12, 12, 10, 7, 3]: No covers found on full search.
[12, 12, 12, 10, 7, 2]
[12, 12, 12, 10, 7, 2]: No covers found on full search.
[12, 12, 11, 11, 11, 11]
Covers of type [12, 12, 11, 11, 11, 11] cannot fill the first row with enough non-zero entries.
[12, 12, 11, 11, 11, 10]
Covers of type [12, 12, 11, 11, 11, 10] cannot fill the first row with enough non-zero entries.
[12, 12, 11, 11, 11, 9]
[12, 12, 11, 11, 11, 9]: No covers found on full search.
[12, 12, 11, 11, 11, 8]
[12, 12, 11, 11, 11, 8]: No covers found on full search.
[12, 12, 11, 11, 11, 7]
[12, 12, 11, 11, 11, 7]: No covers found on full search.
[12, 12, 11, 11, 11, 6]
[12, 12, 11, 11, 11, 6]: No covers found on full search.
[12, 12, 11, 11, 11, 5]
[12, 12, 11, 11, 11, 5]: No covers found on full search.
[12, 12, 11, 11, 10, 10]
[12, 12, 11, 11, 10, 10]: No covers found on full search.
[12, 12, 11, 11, 10, 9]
[12, 12, 11, 11, 10, 9]: No covers found on full search.
[12, 12, 11, 11, 10, 8]
[12, 12, 11, 11, 10, 8]: No covers found on full search.
[12, 12, 11, 11, 10, 7]
[12, 12, 11, 11, 10, 7]: No covers found on full search.
[12, 12, 11, 11, 10, 6]
[12, 12, 11, 11, 10, 6]: No covers found on full search.
[12, 12, 11, 11, 10, 5]
[12, 12, 11, 11, 10, 5]: No covers found on full search.
[12, 12, 11, 11, 10, 4]
[12, 12, 11, 11, 10, 4]: No covers found on full search.
[12, 12, 11, 11, 9, 9]
[12, 12, 11, 11, 9, 9]: No covers found on full search.
[12, 12, 11, 11, 9, 8]
[12, 12, 11, 11, 9, 8]: No covers found on full search.
[12, 12, 11, 11, 9, 7]
[12, 12, 11, 11, 9, 7]: No covers found on full search.
[12, 12, 11, 11, 9, 6]
[12, 12, 11, 11, 9, 6]: No covers found on full search.
[12, 12, 11, 11, 9, 5]
[12, 12, 11, 11, 9, 5]: No covers found on full search.
[12, 12, 11, 11, 9, 4]
[12, 12, 11, 11, 9, 4]: No covers found on full search.
[12, 12, 11, 11, 9, 3]
[12, 12, 11, 11, 9, 3]: No covers found on full search.
[12, 12, 11, 11, 8, 8]
[12, 12, 11, 11, 8, 8]: No covers found on full search.
[12, 12, 11, 11, 8, 7]
[12, 12, 11, 11, 8, 7]: No covers found on full search.
[12, 12, 11, 11, 8, 6]
[12, 12, 11, 11, 8, 6]: No covers found on full search.
[12, 12, 11, 11, 8, 5]
[12, 12, 11, 11, 8, 5]: No covers found on full search.
[12, 12, 11, 11, 8, 4]
[12, 12, 11, 11, 8, 4]: No covers found on full search.
[12, 12, 11, 11, 8, 3]
[12, 12, 11, 11, 8, 3]: No covers found on full search.
[12, 12, 11, 11, 8, 2]
[12, 12, 11, 11, 8, 2]: No covers found on full search.
[12, 12, 11, 11, 7, 7]
[12, 12, 11, 11, 7, 7]: No covers found on full search.
[12, 12, 11, 11, 7, 6]
[12, 12, 11, 11, 7, 6]: No covers found on full search.
[12, 12, 11, 11, 7, 5]
[12, 12, 11, 11, 7, 5]: No covers found on full search.
[12, 12, 11, 11, 7, 4]
[12, 12, 11, 11, 7, 4]: No covers found on full search.
[12, 12, 11, 11, 7, 3]
[12, 12, 11, 11, 7, 3]: No covers found on full search.
[12, 12, 11, 11, 7, 2]
[12, 12, 11, 11, 7, 2]: No covers found on full search.
[12, 12, 11, 10, 10, 10]
[12, 12, 11, 10, 10, 10]: No covers found on full search.
[12, 12, 11, 10, 10, 9]
[12, 12, 11, 10, 10, 9]: No covers found on full search.
[12, 12, 11, 10, 10, 8]
[12, 12, 11, 10, 10, 8]: No covers found on full search.
[12, 12, 11, 10, 10, 7]
[12, 12, 11, 10, 10, 7]: No covers found on full search.
[12, 12, 11, 10, 10, 6]
[12, 12, 11, 10, 10, 6]: No covers found on full search.
[12, 12, 11, 10, 10, 5]
[12, 12, 11, 10, 10, 5]: No covers found on full search.
[12, 12, 11, 10, 10, 4]
[12, 12, 11, 10, 10, 4]: No covers found on full search.
[12, 12, 11, 10, 10, 3]
[12, 12, 11, 10, 10, 3]: No covers found on full search.
[12, 12, 11, 10, 9, 9]
[12, 12, 11, 10, 9, 9]: No covers found on full search.
[12, 12, 11, 10, 9, 8]
[12, 12, 11, 10, 9, 8]: No covers found on full search.
[12, 12, 11, 10, 9, 7]
[12, 12, 11, 10, 9, 7]: No covers found on full search.
[12, 12, 11, 10, 9, 6]
[12, 12, 11, 10, 9, 6]: No covers found on full search.
[12, 12, 11, 10, 9, 5]
[12, 12, 11, 10, 9, 5]: No covers found on full search.
[12, 12, 11, 10, 9, 4]
[12, 12, 11, 10, 9, 4]: No covers found on full search.
[12, 12, 11, 10, 9, 3]
[12, 12, 11, 10, 9, 3]: No covers found on full search.
[12, 12, 11, 10, 9, 2]
[12, 12, 11, 10, 9, 2]: No covers found on full search.
[12, 12, 11, 10, 8, 8]
[12, 12, 11, 10, 8, 8]: No covers found on full search.
[12, 12, 11, 10, 8, 7]
[12, 12, 11, 10, 8, 7]: No covers found on full search.
[12, 12, 11, 10, 8, 6]
[12, 12, 11, 10, 8, 6]: No covers found on full search.
[12, 12, 11, 10, 8, 5]
[12, 12, 11, 10, 8, 5]: No covers found on full search.
[12, 12, 11, 10, 8, 4]
[12, 12, 11, 10, 8, 4]: No covers found on full search.
[12, 12, 11, 10, 8, 3]
[12, 12, 11, 10, 8, 3]: No covers found on full search.
[12, 12, 11, 10, 8, 2]
[12, 12, 11, 10, 8, 2]: No covers found on full search.
[12, 12, 11, 10, 7, 7]
[12, 12, 11, 10, 7, 7]: No covers found on full search.
[12, 12, 11, 10, 7, 6]
[12, 12, 11, 10, 7, 6]: No covers found on full search.
[12, 12, 11, 10, 7, 5]
[12, 12, 11, 10, 7, 5]: No covers found on full search.
[12, 12, 11, 10, 7, 4]
[12, 12, 11, 10, 7, 4]: No covers found on full search.
[12, 12, 11, 10, 7, 3]
[12, 12, 11, 10, 7, 3]: No covers found on full search.
[12, 12, 11, 10, 7, 2]
[12, 12, 11, 10, 7, 2]: No covers found on full search.
[12, 12, 11, 10, 6, 6]
[12, 12, 11, 10, 6, 6]: No covers found on full search.
[12, 12, 11, 10, 6, 5]
[12, 12, 11, 10, 6, 5]: No covers found on full search.
[12, 12, 11, 10, 6, 4]
[12, 12, 11, 10, 6, 4]: No covers found on full search.
[12, 12, 11, 10, 6, 3]
[12, 12, 11, 10, 6, 3]: No covers found on full search.
[12, 12, 11, 10, 6, 2]
[12, 12, 11, 10, 6, 2]: No covers found on full search.
[12, 12, 11, 9, 9, 9]
[12, 12, 11, 9, 9, 9]: No covers found on full search.
[12, 12, 11, 9, 9, 8]
[12, 12, 11, 9, 9, 8]: No covers found on full search.
[12, 12, 11, 9, 9, 7]
[12, 12, 11, 9, 9, 7]: No covers found on full search.
[12, 12, 11, 9, 9, 6]
[12, 12, 11, 9, 9, 6]: No covers found on full search.
[12, 12, 11, 9, 9, 5]
[12, 12, 11, 9, 9, 5]: No covers found on full search.
[12, 12, 11, 9, 9, 4]
[12, 12, 11, 9, 9, 4]: No covers found on full search.
[12, 12, 11, 9, 9, 3]
[12, 12, 11, 9, 9, 3]: No covers found on full search.
[12, 12, 11, 9, 9, 2]
[12, 12, 11, 9, 9, 2]: No covers found on full search.
[12, 12, 11, 9, 8, 8]
[12, 12, 11, 9, 8, 8]: No covers found on full search.
[12, 12, 11, 9, 8, 7]
[12, 12, 11, 9, 8, 7]: No covers found on full search.
[12, 12, 11, 9, 8, 6]
[12, 12, 11, 9, 8, 6]: No covers found on full search.
[12, 12, 11, 9, 8, 5]
[12, 12, 11, 9, 8, 5]: No covers found on full search.
[12, 12, 11, 9, 8, 4]
[12, 12, 11, 9, 8, 4]: No covers found on full search.
[12, 12, 11, 9, 8, 3]
[12, 12, 11, 9, 8, 3]: No covers found on full search.
[12, 12, 11, 9, 8, 2]
[12, 12, 11, 9, 8, 2]: No covers found on full search.
[12, 12, 11, 9, 7, 7]
[12, 12, 11, 9, 7, 7]: No covers found on full search.
[12, 12, 11, 9, 7, 6]
[12, 12, 11, 9, 7, 6]: No covers found on full search.
[12, 12, 11, 9, 7, 5]
[12, 12, 11, 9, 7, 5]: No covers found on full search.
[12, 12, 11, 9, 7, 4]
[12, 12, 11, 9, 7, 4]: No covers found on full search.
[12, 12, 11, 9, 7, 3]
[12, 12, 11, 9, 7, 3]: No covers found on full search.
[12, 12, 11, 9, 7, 2]
[12, 12, 11, 9, 7, 2]: No covers found on full search.
[12, 12, 11, 9, 6, 6]
[12, 12, 11, 9, 6, 6]: No covers found on full search.
[12, 12, 11, 9, 6, 5]
[12, 12, 11, 9, 6, 5]: No covers found on full search.
[12, 12, 11, 9, 6, 4]
[12, 12, 11, 9, 6, 4]: No covers found on full search.
[12, 12, 11, 9, 6, 3]
[12, 12, 11, 9, 6, 3]: No covers found on full search.
[12, 12, 11, 9, 6, 2]
[12, 12, 11, 9, 6, 2]: No covers found on full search.
[12, 12, 11, 9, 5, 5]
[12, 12, 11, 9, 5, 5]: No covers found on full search.
[12, 12, 11, 9, 5, 4]
[12, 12, 11, 9, 5, 4]: No covers found on full search.
[12, 12, 11, 9, 5, 3]
[12, 12, 11, 9, 5, 3]: No covers found on full search.
[12, 12, 11, 9, 5, 2]
[12, 12, 11, 9, 5, 2]: No covers found on full search.
[13, 13, 13, 13, 13, 13]
Covers of type [13, 13, 13, 13, 13, 13] cannot fill the first row with enough non-zero entries.
[13, 13, 13, 13, 13, 12]
Covers of type [13, 13, 13, 13, 13, 12] cannot fill the first row with enough non-zero entries.
[13, 13, 13, 13, 13, 11]
Covers of type [13, 13, 13, 13, 13, 11] cannot fill the first row with enough non-zero entries.
[13, 13, 13, 13, 13, 10]
Covers of type [13, 13, 13, 13, 13, 10] cannot fill the first row with enough non-zero entries.
[13, 13, 13, 13, 13, 9]
Covers of type [13, 13, 13, 13, 13, 9] cannot fill the first row with enough non-zero entries.
[13, 13, 13, 13, 12, 12]
Covers of type [13, 13, 13, 13, 12, 12] cannot fill the first row with enough non-zero entries.
[13, 13, 13, 13, 12, 11]
Covers of type [13, 13, 13, 13, 12, 11] cannot fill the first row with enough non-zero entries.
[13, 13, 13, 13, 12, 10]
Covers of type [13, 13, 13, 13, 12, 10] cannot fill the first row with enough non-zero entries.
[13, 13, 13, 13, 12, 9]
Covers of type [13, 13, 13, 13, 12, 9] cannot fill the first row with enough non-zero entries.
[13, 13, 13, 13, 12, 8]
Covers of type [13, 13, 13, 13, 12, 8] cannot fill the first row with enough non-zero entries.
[13, 13, 13, 13, 11, 11]
Covers of type [13, 13, 13, 13, 11, 11] cannot fill the first row with enough non-zero entries.
[13, 13, 13, 13, 11, 10]
Covers of type [13, 13, 13, 13, 11, 10] cannot fill the first row with enough non-zero entries.
[13, 13, 13, 13, 11, 9]
Covers of type [13, 13, 13, 13, 11, 9] cannot fill the first row with enough non-zero entries.
[13, 13, 13, 13, 11, 8]
[13, 13, 13, 13, 11, 8]: No covers found on full search.
[13, 13, 13, 13, 11, 7]
[13, 13, 13, 13, 11, 7]: No covers found on full search.
[13, 13, 13, 13, 10, 10]
Covers of type [13, 13, 13, 13, 10, 10] cannot fill the first row with enough non-zero entries.
[13, 13, 13, 13, 10, 9]
[13, 13, 13, 13, 10, 9]: No covers found on full search.
[13, 13, 13, 13, 10, 8]
[13, 13, 13, 13, 10, 8]: No covers found on full search.
[13, 13, 13, 13, 10, 7]
[13, 13, 13, 13, 10, 7]: No covers found on full search.
[13, 13, 13, 13, 10, 6]
[13, 13, 13, 13, 10, 6]: No covers found on full search.
[13, 13, 13, 12, 12, 12]
Covers of type [13, 13, 13, 12, 12, 12] cannot fill the first row with enough non-zero entries.
[13, 13, 13, 12, 12, 11]
Covers of type [13, 13, 13, 12, 12, 11] cannot fill the first row with enough non-zero entries.
[13, 13, 13, 12, 12, 10]
Covers of type [13, 13, 13, 12, 12, 10] cannot fill the first row with enough non-zero entries.
[13, 13, 13, 12, 12, 9]
Covers of type [13, 13, 13, 12, 12, 9] cannot fill the first row with enough non-zero entries.
[13, 13, 13, 12, 12, 8]
[13, 13, 13, 12, 12, 8]: No covers found on full search.
[13, 13, 13, 12, 12, 7]
[13, 13, 13, 12, 12, 7]: No covers found on full search.
[13, 13, 13, 12, 11, 11]
Covers of type [13, 13, 13, 12, 11, 11] cannot fill the first row with enough non-zero entries.
[13, 13, 13, 12, 11, 10]
Covers of type [13, 13, 13, 12, 11, 10] cannot fill the first row with enough non-zero entries.
[13, 13, 13, 12, 11, 9]
[13, 13, 13, 12, 11, 9]: No covers found on full search.
[13, 13, 13, 12, 11, 8]
[13, 13, 13, 12, 11, 8]: No covers found on full search.
[13, 13, 13, 12, 11, 7]
[13, 13, 13, 12, 11, 7]: No covers found on full search.
[13, 13, 13, 12, 11, 6]
[13, 13, 13, 12, 11, 6]: No covers found on full search.
[13, 13, 13, 12, 10, 10]
[13, 13, 13, 12, 10, 10]: No covers found on full search.
[13, 13, 13, 12, 10, 9]
[13, 13, 13, 12, 10, 9]: No covers found on full search.
[13, 13, 13, 12, 10, 8]
[13, 13, 13, 12, 10, 8]: No covers found on full search.
[13, 13, 13, 12, 10, 7]
[13, 13, 13, 12, 10, 7]: No covers found on full search.
[13, 13, 13, 12, 10, 6]
[13, 13, 13, 12, 10, 6]: No covers found on full search.
[13, 13, 13, 12, 10, 5]
[13, 13, 13, 12, 10, 5]: No covers found on full search.
[13, 13, 13, 12, 9, 9]
[13, 13, 13, 12, 9, 9]: No covers found on full search.
[13, 13, 13, 12, 9, 8]
[13, 13, 13, 12, 9, 8]: No covers found on full search.
[13, 13, 13, 12, 9, 7]
[13, 13, 13, 12, 9, 7]: No covers found on full search.
[13, 13, 13, 12, 9, 6]
[13, 13, 13, 12, 9, 6]: No covers found on full search.
[13, 13, 13, 12, 9, 5]
[13, 13, 13, 12, 9, 5]: No covers found on full search.
[13, 13, 13, 12, 9, 4]
[13, 13, 13, 12, 9, 4]: No covers found on full search.
[13, 13, 13, 11, 11, 11]
Covers of type [13, 13, 13, 11, 11, 11] cannot fill the first row with enough non-zero entries.
[13, 13, 13, 11, 11, 10]
[13, 13, 13, 11, 11, 10]: No covers found on full search.
[13, 13, 13, 11, 11, 9]
[13, 13, 13, 11, 11, 9]: No covers found on full search.
[13, 13, 13, 11, 11, 8]
[13, 13, 13, 11, 11, 8]: No covers found on full search.
[13, 13, 13, 11, 11, 7]
[13, 13, 13, 11, 11, 7]: No covers found on full search.
[13, 13, 13, 11, 11, 6]
[13, 13, 13, 11, 11, 6]: No covers found on full search.
[13, 13, 13, 11, 11, 5]
[13, 13, 13, 11, 11, 5]: No covers found on full search.
[13, 13, 13, 11, 10, 10]
[13, 13, 13, 11, 10, 10]: No covers found on full search.
[13, 13, 13, 11, 10, 9]
[13, 13, 13, 11, 10, 9]: No covers found on full search.
[13, 13, 13, 11, 10, 8]
[13, 13, 13, 11, 10, 8]: No covers found on full search.
[13, 13, 13, 11, 10, 7]
[13, 13, 13, 11, 10, 7]: No covers found on full search.
[13, 13, 13, 11, 10, 6]
[13, 13, 13, 11, 10, 6]: No covers found on full search.
[13, 13, 13, 11, 10, 5]
[13, 13, 13, 11, 10, 5]: No covers found on full search.
[13, 13, 13, 11, 10, 4]
[13, 13, 13, 11, 10, 4]: No covers found on full search.
[13, 13, 13, 11, 9, 9]
[13, 13, 13, 11, 9, 9]: No covers found on full search.
[13, 13, 13, 11, 9, 8]
[13, 13, 13, 11, 9, 8]: No covers found on full search.
[13, 13, 13, 11, 9, 7]
[13, 13, 13, 11, 9, 7]: No covers found on full search.
[13, 13, 13, 11, 9, 6]
[13, 13, 13, 11, 9, 6]: No covers found on full search.
[13, 13, 13, 11, 9, 5]
[13, 13, 13, 11, 9, 5]: No covers found on full search.
[13, 13, 13, 11, 9, 4]
[13, 13, 13, 11, 9, 4]: No covers found on full search.
[13, 13, 13, 11, 9, 3]
[13, 13, 13, 11, 9, 3]: No covers found on full search.
[13, 13, 13, 11, 8, 8]
[13, 13, 13, 11, 8, 8]: No covers found on full search.
[13, 13, 13, 11, 8, 7]
[13, 13, 13, 11, 8, 7]: No covers found on full search.
[13, 13, 13, 11, 8, 6]
[13, 13, 13, 11, 8, 6]: No covers found on full search.
[13, 13, 13, 11, 8, 5]
[13, 13, 13, 11, 8, 5]: No covers found on full search.
[13, 13, 13, 11, 8, 4]
[13, 13, 13, 11, 8, 4]: No covers found on full search.
[13, 13, 13, 11, 8, 3]
[13, 13, 13, 11, 8, 3]: No covers found on full search.
[13, 13, 13, 11, 8, 2]
[13, 13, 13, 11, 8, 2]: No covers found on full search.
[13, 13, 12, 12, 12, 12]
Covers of type [13, 13, 12, 12, 12, 12] cannot fill the first row with enough non-zero entries.
[13, 13, 12, 12, 12, 11]
Covers of type [13, 13, 12, 12, 12, 11] cannot fill the first row with enough non-zero entries.
[13, 13, 12, 12, 12, 10]
Covers of type [13, 13, 12, 12, 12, 10] cannot fill the first row with enough non-zero entries.
[13, 13, 12, 12, 12, 9]
[13, 13, 12, 12, 12, 9]: No covers found on full search.
[13, 13, 12, 12, 12, 8]
[13, 13, 12, 12, 12, 8]: No covers found on full search.
[13, 13, 12, 12, 12, 7]
[13, 13, 12, 12, 12, 7]: No covers found on full search.
[13, 13, 12, 12, 12, 6]
[13, 13, 12, 12, 12, 6]: No covers found on full search.
[13, 13, 12, 12, 11, 11]
Covers of type [13, 13, 12, 12, 11, 11] cannot fill the first row with enough non-zero entries.
[13, 13, 12, 12, 11, 10]
[13, 13, 12, 12, 11, 10]: No covers found on full search.
[13, 13, 12, 12, 11, 9]
[13, 13, 12, 12, 11, 9]: No covers found on full search.
[13, 13, 12, 12, 11, 8]
[13, 13, 12, 12, 11, 8]: No covers found on full search.
[13, 13, 12, 12, 11, 7]
[13, 13, 12, 12, 11, 7]: No covers found on full search.
[13, 13, 12, 12, 11, 6]
[13, 13, 12, 12, 11, 6]: No covers found on full search.
[13, 13, 12, 12, 11, 5]
[13, 13, 12, 12, 11, 5]: No covers found on full search.
[13, 13, 12, 12, 10, 10]
[13, 13, 12, 12, 10, 10]: No covers found on full search.
[13, 13, 12, 12, 10, 9]
[13, 13, 12, 12, 10, 9]: No covers found on full search.
[13, 13, 12, 12, 10, 8]
[13, 13, 12, 12, 10, 8]: No covers found on full search.
[13, 13, 12, 12, 10, 7]
[13, 13, 12, 12, 10, 7]: No covers found on full search.
[13, 13, 12, 12, 10, 6]
[13, 13, 12, 12, 10, 6]: No covers found on full search.
[13, 13, 12, 12, 10, 5]
[13, 13, 12, 12, 10, 5]: No covers found on full search.
[13, 13, 12, 12, 10, 4]
[13, 13, 12, 12, 10, 4]: No covers found on full search.
[13, 13, 12, 12, 9, 9]
[13, 13, 12, 12, 9, 9]: No covers found on full search.
[13, 13, 12, 12, 9, 8]
[13, 13, 12, 12, 9, 8]: No covers found on full search.
[13, 13, 12, 12, 9, 7]
[13, 13, 12, 12, 9, 7]: No covers found on full search.
[13, 13, 12, 12, 9, 6]
[13, 13, 12, 12, 9, 6]: No covers found on full search.
[13, 13, 12, 12, 9, 5]
[13, 13, 12, 12, 9, 5]: No covers found on full search.
[13, 13, 12, 12, 9, 4]
[13, 13, 12, 12, 9, 4]: No covers found on full search.
[13, 13, 12, 12, 9, 3]
[13, 13, 12, 12, 9, 3]: No covers found on full search.
[13, 13, 12, 12, 8, 8]
[13, 13, 12, 12, 8, 8]: No covers found on full search.
[13, 13, 12, 12, 8, 7]
[13, 13, 12, 12, 8, 7]: No covers found on full search.
[13, 13, 12, 12, 8, 6]
[13, 13, 12, 12, 8, 6]: No covers found on full search.
[13, 13, 12, 12, 8, 5]
[13, 13, 12, 12, 8, 5]: No covers found on full search.
[13, 13, 12, 12, 8, 4]
[13, 13, 12, 12, 8, 4]: No covers found on full search.
[13, 13, 12, 12, 8, 3]
[13, 13, 12, 12, 8, 3]: No covers found on full search.
[13, 13, 12, 12, 8, 2]
[13, 13, 12, 12, 8, 2]: No covers found on full search.
[13, 13, 12, 11, 11, 11]
[13, 13, 12, 11, 11, 11]: No covers found on full search.
[13, 13, 12, 11, 11, 10]
[13, 13, 12, 11, 11, 10]: No covers found on full search.
[13, 13, 12, 11, 11, 9]
[13, 13, 12, 11, 11, 9]: No covers found on full search.
[13, 13, 12, 11, 11, 8]
[13, 13, 12, 11, 11, 8]: No covers found on full search.
[13, 13, 12, 11, 11, 7]
[13, 13, 12, 11, 11, 7]: No covers found on full search.
[13, 13, 12, 11, 11, 6]
[13, 13, 12, 11, 11, 6]: No covers found on full search.
[13, 13, 12, 11, 11, 5]
[13, 13, 12, 11, 11, 5]: No covers found on full search.
[13, 13, 12, 11, 11, 4]
[13, 13, 12, 11, 11, 4]: No covers found on full search.
[13, 13, 12, 11, 10, 10]
[13, 13, 12, 11, 10, 10]: No covers found on full search.
[13, 13, 12, 11, 10, 9]
[13, 13, 12, 11, 10, 9]: No covers found on full search.
[13, 13, 12, 11, 10, 8]
[13, 13, 12, 11, 10, 8]: No covers found on full search.
[13, 13, 12, 11, 10, 7]
[13, 13, 12, 11, 10, 7]: No covers found on full search.
[13, 13, 12, 11, 10, 6]
[13, 13, 12, 11, 10, 6]: No covers found on full search.
[13, 13, 12, 11, 10, 5]
[13, 13, 12, 11, 10, 5]: No covers found on full search.
[13, 13, 12, 11, 10, 4]
[13, 13, 12, 11, 10, 4]: No covers found on full search.
[13, 13, 12, 11, 10, 3]
[13, 13, 12, 11, 10, 3]: No covers found on full search.
[13, 13, 12, 11, 9, 9]
[13, 13, 12, 11, 9, 9]: No covers found on full search.
[13, 13, 12, 11, 9, 8]
[13, 13, 12, 11, 9, 8]: No covers found on full search.
[13, 13, 12, 11, 9, 7]
[13, 13, 12, 11, 9, 7]: No covers found on full search.
[13, 13, 12, 11, 9, 6]
[13, 13, 12, 11, 9, 6]: No covers found on full search.
[13, 13, 12, 11, 9, 5]
[13, 13, 12, 11, 9, 5]: No covers found on full search.
[13, 13, 12, 11, 9, 4]
[13, 13, 12, 11, 9, 4]: No covers found on full search.
[13, 13, 12, 11, 9, 3]
[13, 13, 12, 11, 9, 3]: No covers found on full search.
[13, 13, 12, 11, 9, 2]
[13, 13, 12, 11, 9, 2]: No covers found on full search.
[13, 13, 12, 11, 8, 8]
[13, 13, 12, 11, 8, 8]: No covers found on full search.
[13, 13, 12, 11, 8, 7]
[13, 13, 12, 11, 8, 7]: No covers found on full search.
[13, 13, 12, 11, 8, 6]
[13, 13, 12, 11, 8, 6]: No covers found on full search.
[13, 13, 12, 11, 8, 5]
[13, 13, 12, 11, 8, 5]: No covers found on full search.
[13, 13, 12, 11, 8, 4]
[13, 13, 12, 11, 8, 4]: No covers found on full search.
[13, 13, 12, 11, 8, 3]
[13, 13, 12, 11, 8, 3]: No covers found on full search.
[13, 13, 12, 11, 8, 2]
[13, 13, 12, 11, 8, 2]: No covers found on full search.
[13, 13, 12, 11, 7, 7]
[13, 13, 12, 11, 7, 7]: No covers found on full search.
[13, 13, 12, 11, 7, 6]
[13, 13, 12, 11, 7, 6]: No covers found on full search.
[13, 13, 12, 11, 7, 5]
[13, 13, 12, 11, 7, 5]: No covers found on full search.
[13, 13, 12, 11, 7, 4]
[13, 13, 12, 11, 7, 4]: No covers found on full search.
[13, 13, 12, 11, 7, 3]
[13, 13, 12, 11, 7, 3]: No covers found on full search.
[13, 13, 12, 11, 7, 2]
[13, 13, 12, 11, 7, 2]: No covers found on full search.
[13, 13, 12, 10, 10, 10]
[13, 13, 12, 10, 10, 10]: No covers found on full search.
[13, 13, 12, 10, 10, 9]
[13, 13, 12, 10, 10, 9]: No covers found on full search.
[13, 13, 12, 10, 10, 8]
[13, 13, 12, 10, 10, 8]: No covers found on full search.
[13, 13, 12, 10, 10, 7]
[13, 13, 12, 10, 10, 7]: No covers found on full search.
[13, 13, 12, 10, 10, 6]
[13, 13, 12, 10, 10, 6]: No covers found on full search.
[13, 13, 12, 10, 10, 5]
[13, 13, 12, 10, 10, 5]: No covers found on full search.
[13, 13, 12, 10, 10, 4]
[13, 13, 12, 10, 10, 4]: No covers found on full search.
[13, 13, 12, 10, 10, 3]
[13, 13, 12, 10, 10, 3]: No covers found on full search.
[13, 13, 12, 10, 10, 2]
[13, 13, 12, 10, 10, 2]: No covers found on full search.
[13, 13, 12, 10, 9, 9]
[13, 13, 12, 10, 9, 9]: No covers found on full search.
[13, 13, 12, 10, 9, 8]
[13, 13, 12, 10, 9, 8]: No covers found on full search.
[13, 13, 12, 10, 9, 7]
[13, 13, 12, 10, 9, 7]: No covers found on full search.
[13, 13, 12, 10, 9, 6]
[13, 13, 12, 10, 9, 6]: No covers found on full search.
[13, 13, 12, 10, 9, 5]
[13, 13, 12, 10, 9, 5]: No covers found on full search.
[13, 13, 12, 10, 9, 4]
[13, 13, 12, 10, 9, 4]: No covers found on full search.
[13, 13, 12, 10, 9, 3]
[13, 13, 12, 10, 9, 3]: No covers found on full search.
[13, 13, 12, 10, 9, 2]
[13, 13, 12, 10, 9, 2]: No covers found on full search.
[13, 13, 12, 10, 8, 8]
[13, 13, 12, 10, 8, 8]: No covers found on full search.
[13, 13, 12, 10, 8, 7]
[13, 13, 12, 10, 8, 7]: No covers found on full search.
[13, 13, 12, 10, 8, 6]
[13, 13, 12, 10, 8, 6]: No covers found on full search.
[13, 13, 12, 10, 8, 5]
[13, 13, 12, 10, 8, 5]: No covers found on full search.
[13, 13, 12, 10, 8, 4]
[13, 13, 12, 10, 8, 4]: No covers found on full search.
[13, 13, 12, 10, 8, 3]
[13, 13, 12, 10, 8, 3]: No covers found on full search.
[13, 13, 12, 10, 8, 2]
[13, 13, 12, 10, 8, 2]: No covers found on full search.
[13, 13, 12, 10, 7, 7]
[13, 13, 12, 10, 7, 7]: No covers found on full search.
[13, 13, 12, 10, 7, 6]
[13, 13, 12, 10, 7, 6]: No covers found on full search.
[13, 13, 12, 10, 7, 5]
[13, 13, 12, 10, 7, 5]: No covers found on full search.
[13, 13, 12, 10, 7, 4]
[13, 13, 12, 10, 7, 4]: No covers found on full search.
[13, 13, 12, 10, 7, 3]
[13, 13, 12, 10, 7, 3]: No covers found on full search.
[13, 13, 12, 10, 7, 2]
[13, 13, 12, 10, 7, 2]: No covers found on full search.
[13, 13, 12, 10, 6, 6]
[13, 13, 12, 10, 6, 6]: No covers found on full search.
[13, 13, 12, 10, 6, 5]
[13, 13, 12, 10, 6, 5]: No covers found on full search.
[13, 13, 12, 10, 6, 4]
[13, 13, 12, 10, 6, 4]: No covers found on full search.
[13, 13, 12, 10, 6, 3]
[13, 13, 12, 10, 6, 3]: No covers found on full search.
[13, 13, 12, 10, 6, 2]
[13, 13, 12, 10, 6, 2]: No covers found on full search.
[14, 14, 14, 14, 14, 14]
Covers of type [14, 14, 14, 14, 14, 14] cannot fill the first row with enough non-zero entries.
[14, 14, 14, 14, 14, 13]
Covers of type [14, 14, 14, 14, 14, 13] cannot fill the first row with enough non-zero entries.
[14, 14, 14, 14, 14, 12]
Covers of type [14, 14, 14, 14, 14, 12] cannot fill the first row with enough non-zero entries.
[14, 14, 14, 14, 14, 11]
Covers of type [14, 14, 14, 14, 14, 11] cannot fill the first row with enough non-zero entries.
[14, 14, 14, 14, 14, 10]
Covers of type [14, 14, 14, 14, 14, 10] cannot fill the first row with enough non-zero entries.
[14, 14, 14, 14, 13, 13]
Covers of type [14, 14, 14, 14, 13, 13] cannot fill the first row with enough non-zero entries.
[14, 14, 14, 14, 13, 12]
Covers of type [14, 14, 14, 14, 13, 12] cannot fill the first row with enough non-zero entries.
[14, 14, 14, 14, 13, 11]
Covers of type [14, 14, 14, 14, 13, 11] cannot fill the first row with enough non-zero entries.
[14, 14, 14, 14, 13, 10]
Covers of type [14, 14, 14, 14, 13, 10] cannot fill the first row with enough non-zero entries.
[14, 14, 14, 14, 13, 9]
Covers of type [14, 14, 14, 14, 13, 9] cannot fill the first row with enough non-zero entries.
[14, 14, 14, 14, 12, 12]
Covers of type [14, 14, 14, 14, 12, 12] cannot fill the first row with enough non-zero entries.
[14, 14, 14, 14, 12, 11]
Covers of type [14, 14, 14, 14, 12, 11] cannot fill the first row with enough non-zero entries.
[14, 14, 14, 14, 12, 10]
Covers of type [14, 14, 14, 14, 12, 10] cannot fill the first row with enough non-zero entries.
[14, 14, 14, 14, 12, 9]
Covers of type [14, 14, 14, 14, 12, 9] cannot fill the first row with enough non-zero entries.
[14, 14, 14, 14, 12, 8]
[14, 14, 14, 14, 12, 8]: No covers found on full search.
[14, 14, 14, 14, 11, 11]
Covers of type [14, 14, 14, 14, 11, 11] cannot fill the first row with enough non-zero entries.
[14, 14, 14, 14, 11, 10]
Covers of type [14, 14, 14, 14, 11, 10] cannot fill the first row with enough non-zero entries.
[14, 14, 14, 14, 11, 9]
[14, 14, 14, 14, 11, 9]: No covers found on full search.
[14, 14, 14, 14, 11, 8]
[14, 14, 14, 14, 11, 8]: No covers found on full search.
[14, 14, 14, 14, 11, 7]
[14, 14, 14, 14, 11, 7]: No covers found on full search.
[14, 14, 14, 13, 13, 13]
Covers of type [14, 14, 14, 13, 13, 13] cannot fill the first row with enough non-zero entries.
[14, 14, 14, 13, 13, 12]
Covers of type [14, 14, 14, 13, 13, 12] cannot fill the first row with enough non-zero entries.
[14, 14, 14, 13, 13, 11]
Covers of type [14, 14, 14, 13, 13, 11] cannot fill the first row with enough non-zero entries.
[14, 14, 14, 13, 13, 10]
Covers of type [14, 14, 14, 13, 13, 10] cannot fill the first row with enough non-zero entries.
[14, 14, 14, 13, 13, 9]
Covers of type [14, 14, 14, 13, 13, 9] cannot fill the first row with enough non-zero entries.
[14, 14, 14, 13, 13, 8]
[14, 14, 14, 13, 13, 8]: No covers found on full search.
[14, 14, 14, 13, 12, 12]
Covers of type [14, 14, 14, 13, 12, 12] cannot fill the first row with enough non-zero entries.
[14, 14, 14, 13, 12, 11]
Covers of type [14, 14, 14, 13, 12, 11] cannot fill the first row with enough non-zero entries.
[14, 14, 14, 13, 12, 10]
Covers of type [14, 14, 14, 13, 12, 10] cannot fill the first row with enough non-zero entries.
[14, 14, 14, 13, 12, 9]
[14, 14, 14, 13, 12, 9]: No covers found on full search.
[14, 14, 14, 13, 12, 8]
[14, 14, 14, 13, 12, 8]: No covers found on full search.
[14, 14, 14, 13, 12, 7]
[14, 14, 14, 13, 12, 7]: No covers found on full search.
[14, 14, 14, 13, 11, 11]
Covers of type [14, 14, 14, 13, 11, 11] cannot fill the first row with enough non-zero entries.
[14, 14, 14, 13, 11, 10]
[14, 14, 14, 13, 11, 10]: No covers found on full search.
[14, 14, 14, 13, 11, 9]
[14, 14, 14, 13, 11, 9]: No covers found on full search.
[14, 14, 14, 13, 11, 8]
[14, 14, 14, 13, 11, 8]: No covers found on full search.
[14, 14, 14, 13, 11, 7]
[14, 14, 14, 13, 11, 7]: No covers found on full search.
[14, 14, 14, 13, 11, 6]
[14, 14, 14, 13, 11, 6]: No covers found on full search.
[14, 14, 14, 13, 10, 10]
[14, 14, 14, 13, 10, 10]: No covers found on full search.
[14, 14, 14, 13, 10, 9]
[14, 14, 14, 13, 10, 9]: No covers found on full search.
[14, 14, 14, 13, 10, 8]
[14, 14, 14, 13, 10, 8]: No covers found on full search.
[14, 14, 14, 13, 10, 7]
[14, 14, 14, 13, 10, 7]: No covers found on full search.
[14, 14, 14, 13, 10, 6]
[14, 14, 14, 13, 10, 6]: No covers found on full search.
[14, 14, 14, 13, 10, 5]
[14, 14, 14, 13, 10, 5]: No covers found on full search.
[14, 14, 14, 12, 12, 12]
Covers of type [14, 14, 14, 12, 12, 12] cannot fill the first row with enough non-zero entries.
[14, 14, 14, 12, 12, 11]
Covers of type [14, 14, 14, 12, 12, 11] cannot fill the first row with enough non-zero entries.
[14, 14, 14, 12, 12, 10]
[14, 14, 14, 12, 12, 10]: No covers found on full search.
[14, 14, 14, 12, 12, 9]
[14, 14, 14, 12, 12, 9]: No covers found on full search.
[14, 14, 14, 12, 12, 8]
[14, 14, 14, 12, 12, 8]: No covers found on full search.
[14, 14, 14, 12, 12, 7]
[14, 14, 14, 12, 12, 7]: No covers found on full search.
[14, 14, 14, 12, 12, 6]
[14, 14, 14, 12, 12, 6]: No covers found on full search.
[14, 14, 14, 12, 11, 11]
[14, 14, 14, 12, 11, 11]: No covers found on full search.
[14, 14, 14, 12, 11, 10]
[14, 14, 14, 12, 11, 10]: No covers found on full search.
[14, 14, 14, 12, 11, 9]
[14, 14, 14, 12, 11, 9]: No covers found on full search.
[14, 14, 14, 12, 11, 8]
[14, 14, 14, 12, 11, 8]: No covers found on full search.
[14, 14, 14, 12, 11, 7]
[14, 14, 14, 12, 11, 7]: No covers found on full search.
[14, 14, 14, 12, 11, 6]
[14, 14, 14, 12, 11, 6]: No covers found on full search.
[14, 14, 14, 12, 11, 5]
[14, 14, 14, 12, 11, 5]: No covers found on full search.
[14, 14, 14, 12, 10, 10]
[14, 14, 14, 12, 10, 10]: No covers found on full search.
[14, 14, 14, 12, 10, 9]
[14, 14, 14, 12, 10, 9]: No covers found on full search.
[14, 14, 14, 12, 10, 8]
[14, 14, 14, 12, 10, 8]: No covers found on full search.
[14, 14, 14, 12, 10, 7]
[14, 14, 14, 12, 10, 7]: No covers found on full search.
[14, 14, 14, 12, 10, 6]
[14, 14, 14, 12, 10, 6]: No covers found on full search.
[14, 14, 14, 12, 10, 5]
[14, 14, 14, 12, 10, 5]: No covers found on full search.
[14, 14, 14, 12, 10, 4]
[14, 14, 14, 12, 10, 4]: No covers found on full search.
[14, 14, 14, 12, 9, 9]
[14, 14, 14, 12, 9, 9]: No covers found on full search.
[14, 14, 14, 12, 9, 8]
[14, 14, 14, 12, 9, 8]: No covers found on full search.
[14, 14, 14, 12, 9, 7]
[14, 14, 14, 12, 9, 7]: No covers found on full search.
[14, 14, 14, 12, 9, 6]
[14, 14, 14, 12, 9, 6]: No covers found on full search.
[14, 14, 14, 12, 9, 5]
[14, 14, 14, 12, 9, 5]: No covers found on full search.
[14, 14, 14, 12, 9, 4]
[14, 14, 14, 12, 9, 4]: No covers found on full search.
[14, 14, 14, 12, 9, 3]
[14, 14, 14, 12, 9, 3]: No covers found on full search.
[14, 14, 13, 13, 13, 13]
Covers of type [14, 14, 13, 13, 13, 13] cannot fill the first row with enough non-zero entries.
[14, 14, 13, 13, 13, 12]
Covers of type [14, 14, 13, 13, 13, 12] cannot fill the first row with enough non-zero entries.
[14, 14, 13, 13, 13, 11]
Covers of type [14, 14, 13, 13, 13, 11] cannot fill the first row with enough non-zero entries.
[14, 14, 13, 13, 13, 10]
Covers of type [14, 14, 13, 13, 13, 10] cannot fill the first row with enough non-zero entries.
[14, 14, 13, 13, 13, 9]
[14, 14, 13, 13, 13, 9]: No covers found on full search.
[14, 14, 13, 13, 13, 8]
[14, 14, 13, 13, 13, 8]: No covers found on full search.
[14, 14, 13, 13, 13, 7]
[14, 14, 13, 13, 13, 7]: No covers found on full search.
[14, 14, 13, 13, 12, 12]
Covers of type [14, 14, 13, 13, 12, 12] cannot fill the first row with enough non-zero entries.
[14, 14, 13, 13, 12, 11]
Covers of type [14, 14, 13, 13, 12, 11] cannot fill the first row with enough non-zero entries.
[14, 14, 13, 13, 12, 10]
[14, 14, 13, 13, 12, 10]: No covers found on full search.
[14, 14, 13, 13, 12, 9]
[14, 14, 13, 13, 12, 9]: No covers found on full search.
[14, 14, 13, 13, 12, 8]
[14, 14, 13, 13, 12, 8]: No covers found on full search.
[14, 14, 13, 13, 12, 7]
[14, 14, 13, 13, 12, 7]: No covers found on full search.
[14, 14, 13, 13, 12, 6]
[14, 14, 13, 13, 12, 6]: No covers found on full search.
[14, 14, 13, 13, 11, 11]
[14, 14, 13, 13, 11, 11]: No covers found on full search.
[14, 14, 13, 13, 11, 10]
[14, 14, 13, 13, 11, 10]: No covers found on full search.
[14, 14, 13, 13, 11, 9]
[14, 14, 13, 13, 11, 9]: No covers found on full search.
[14, 14, 13, 13, 11, 8]
[14, 14, 13, 13, 11, 8]: No covers found on full search.
[14, 14, 13, 13, 11, 7]
[14, 14, 13, 13, 11, 7]: No covers found on full search.
[14, 14, 13, 13, 11, 6]
[14, 14, 13, 13, 11, 6]: No covers found on full search.
[14, 14, 13, 13, 11, 5]
[14, 14, 13, 13, 11, 5]: No covers found on full search.
[14, 14, 13, 13, 10, 10]
[14, 14, 13, 13, 10, 10]: No covers found on full search.
[14, 14, 13, 13, 10, 9]
[14, 14, 13, 13, 10, 9]: No covers found on full search.
[14, 14, 13, 13, 10, 8]
[14, 14, 13, 13, 10, 8]: No covers found on full search.
[14, 14, 13, 13, 10, 7]
[14, 14, 13, 13, 10, 7]: No covers found on full search.
[14, 14, 13, 13, 10, 6]
[14, 14, 13, 13, 10, 6]: No covers found on full search.
[14, 14, 13, 13, 10, 5]
[14, 14, 13, 13, 10, 5]: No covers found on full search.
[14, 14, 13, 13, 10, 4]
[14, 14, 13, 13, 10, 4]: No covers found on full search.
[14, 14, 13, 13, 9, 9]
[14, 14, 13, 13, 9, 9]: No covers found on full search.
[14, 14, 13, 13, 9, 8]
[14, 14, 13, 13, 9, 8]: No covers found on full search.
[14, 14, 13, 13, 9, 7]
[14, 14, 13, 13, 9, 7]: No covers found on full search.
[14, 14, 13, 13, 9, 6]
[14, 14, 13, 13, 9, 6]: No covers found on full search.
[14, 14, 13, 13, 9, 5]
[14, 14, 13, 13, 9, 5]: No covers found on full search.
[14, 14, 13, 13, 9, 4]
[14, 14, 13, 13, 9, 4]: No covers found on full search.
[14, 14, 13, 13, 9, 3]
[14, 14, 13, 13, 9, 3]: No covers found on full search.
[14, 14, 13, 12, 12, 12]
Covers of type [14, 14, 13, 12, 12, 12] cannot fill the first row with enough non-zero entries.
[14, 14, 13, 12, 12, 11]
[14, 14, 13, 12, 12, 11]: No covers found on full search.
[14, 14, 13, 12, 12, 10]
[14, 14, 13, 12, 12, 10]: No covers found on full search.
[14, 14, 13, 12, 12, 9]
[14, 14, 13, 12, 12, 9]: No covers found on full search.
[14, 14, 13, 12, 12, 8]
[14, 14, 13, 12, 12, 8]: No covers found on full search.
[14, 14, 13, 12, 12, 7]
[14, 14, 13, 12, 12, 7]: No covers found on full search.
[14, 14, 13, 12, 12, 6]
[14, 14, 13, 12, 12, 6]: No covers found on full search.
[14, 14, 13, 12, 12, 5]
[14, 14, 13, 12, 12, 5]: No covers found on full search.
[14, 14, 13, 12, 11, 11]
[14, 14, 13, 12, 11, 11]: No covers found on full search.
[14, 14, 13, 12, 11, 10]
[14, 14, 13, 12, 11, 10]: No covers found on full search.
[14, 14, 13, 12, 11, 9]
[14, 14, 13, 12, 11, 9]: No covers found on full search.
[14, 14, 13, 12, 11, 8]
[14, 14, 13, 12, 11, 8]: No covers found on full search.
[14, 14, 13, 12, 11, 7]
[14, 14, 13, 12, 11, 7]: No covers found on full search.
[14, 14, 13, 12, 11, 6]
[14, 14, 13, 12, 11, 6]: No covers found on full search.
[14, 14, 13, 12, 11, 5]
[14, 14, 13, 12, 11, 5]: No covers found on full search.
[14, 14, 13, 12, 11, 4]
[14, 14, 13, 12, 11, 4]: No covers found on full search.
[14, 14, 13, 12, 10, 10]
[14, 14, 13, 12, 10, 10]: No covers found on full search.
[14, 14, 13, 12, 10, 9]
[14, 14, 13, 12, 10, 9]: No covers found on full search.
[14, 14, 13, 12, 10, 8]
[14, 14, 13, 12, 10, 8]: No covers found on full search.
[14, 14, 13, 12, 10, 7]
[14, 14, 13, 12, 10, 7]: No covers found on full search.
[14, 14, 13, 12, 10, 6]
[14, 14, 13, 12, 10, 6]: No covers found on full search.
[14, 14, 13, 12, 10, 5]
[14, 14, 13, 12, 10, 5]: No covers found on full search.
[14, 14, 13, 12, 10, 4]
[14, 14, 13, 12, 10, 4]: No covers found on full search.
[14, 14, 13, 12, 10, 3]
[14, 14, 13, 12, 10, 3]: No covers found on full search.
[14, 14, 13, 12, 9, 9]
[14, 14, 13, 12, 9, 9]: No covers found on full search.
[14, 14, 13, 12, 9, 8]
[14, 14, 13, 12, 9, 8]: No covers found on full search.
[14, 14, 13, 12, 9, 7]
[14, 14, 13, 12, 9, 7]: No covers found on full search.
[14, 14, 13, 12, 9, 6]
[14, 14, 13, 12, 9, 6]: No covers found on full search.
[14, 14, 13, 12, 9, 5]
[14, 14, 13, 12, 9, 5]: No covers found on full search.
[14, 14, 13, 12, 9, 4]
[14, 14, 13, 12, 9, 4]: No covers found on full search.
[14, 14, 13, 12, 9, 3]
[14, 14, 13, 12, 9, 3]: No covers found on full search.
[14, 14, 13, 12, 9, 2]
[14, 14, 13, 12, 9, 2]: No covers found on full search.
[14, 14, 13, 12, 8, 8]
[14, 14, 13, 12, 8, 8]: No covers found on full search.
[14, 14, 13, 12, 8, 7]
[14, 14, 13, 12, 8, 7]: No covers found on full search.
[14, 14, 13, 12, 8, 6]
[14, 14, 13, 12, 8, 6]: No covers found on full search.
[14, 14, 13, 12, 8, 5]
[14, 14, 13, 12, 8, 5]: No covers found on full search.
[14, 14, 13, 12, 8, 4]
[14, 14, 13, 12, 8, 4]: No covers found on full search.
[14, 14, 13, 12, 8, 3]
[14, 14, 13, 12, 8, 3]: No covers found on full search.
[14, 14, 13, 12, 8, 2]
[14, 14, 13, 12, 8, 2]: No covers found on full search.
[14, 14, 13, 11, 11, 11]
[14, 14, 13, 11, 11, 11]: No covers found on full search.
[14, 14, 13, 11, 11, 10]
[14, 14, 13, 11, 11, 10]: No covers found on full search.
[14, 14, 13, 11, 11, 9]
[14, 14, 13, 11, 11, 9]: No covers found on full search.
[14, 14, 13, 11, 11, 8]
[14, 14, 13, 11, 11, 8]: No covers found on full search.
[14, 14, 13, 11, 11, 7]
[14, 14, 13, 11, 11, 7]: No covers found on full search.
[14, 14, 13, 11, 11, 6]
[14, 14, 13, 11, 11, 6]: No covers found on full search.
[14, 14, 13, 11, 11, 5]
[14, 14, 13, 11, 11, 5]: No covers found on full search.
[14, 14, 13, 11, 11, 4]
[14, 14, 13, 11, 11, 4]: No covers found on full search.
[14, 14, 13, 11, 11, 3]
[14, 14, 13, 11, 11, 3]: No covers found on full search.
[14, 14, 13, 11, 10, 10]
[14, 14, 13, 11, 10, 10]: No covers found on full search.
[14, 14, 13, 11, 10, 9]
[14, 14, 13, 11, 10, 9]: No covers found on full search.
[14, 14, 13, 11, 10, 8]
[14, 14, 13, 11, 10, 8]: No covers found on full search.
[14, 14, 13, 11, 10, 7]
[14, 14, 13, 11, 10, 7]: No covers found on full search.
[14, 14, 13, 11, 10, 6]
[14, 14, 13, 11, 10, 6]: No covers found on full search.
[14, 14, 13, 11, 10, 5]
[14, 14, 13, 11, 10, 5]: No covers found on full search.
[14, 14, 13, 11, 10, 4]
[14, 14, 13, 11, 10, 4]: No covers found on full search.
[14, 14, 13, 11, 10, 3]
[14, 14, 13, 11, 10, 3]: No covers found on full search.
[14, 14, 13, 11, 10, 2]
[14, 14, 13, 11, 10, 2]: No covers found on full search.
[14, 14, 13, 11, 9, 9]
[14, 14, 13, 11, 9, 9]: No covers found on full search.
[14, 14, 13, 11, 9, 8]
[14, 14, 13, 11, 9, 8]: No covers found on full search.
[14, 14, 13, 11, 9, 7]
[14, 14, 13, 11, 9, 7]: No covers found on full search.
[14, 14, 13, 11, 9, 6]
[14, 14, 13, 11, 9, 6]: No covers found on full search.
[14, 14, 13, 11, 9, 5]
[14, 14, 13, 11, 9, 5]: No covers found on full search.
[14, 14, 13, 11, 9, 4]
[14, 14, 13, 11, 9, 4]: No covers found on full search.
[14, 14, 13, 11, 9, 3]
[14, 14, 13, 11, 9, 3]: No covers found on full search.
[14, 14, 13, 11, 9, 2]
[14, 14, 13, 11, 9, 2]: No covers found on full search.
[14, 14, 13, 11, 8, 8]
[14, 14, 13, 11, 8, 8]: No covers found on full search.
[14, 14, 13, 11, 8, 7]
[14, 14, 13, 11, 8, 7]: No covers found on full search.
[14, 14, 13, 11, 8, 6]
[14, 14, 13, 11, 8, 6]: No covers found on full search.
[14, 14, 13, 11, 8, 5]
[14, 14, 13, 11, 8, 5]: No covers found on full search.
[14, 14, 13, 11, 8, 4]
[14, 14, 13, 11, 8, 4]: No covers found on full search.
[14, 14, 13, 11, 8, 3]
[14, 14, 13, 11, 8, 3]: No covers found on full search.
[14, 14, 13, 11, 8, 2]
[14, 14, 13, 11, 8, 2]: No covers found on full search.
[14, 14, 13, 11, 7, 7]
[14, 14, 13, 11, 7, 7]: No covers found on full search.
[14, 14, 13, 11, 7, 6]
[14, 14, 13, 11, 7, 6]: No covers found on full search.
[14, 14, 13, 11, 7, 5]
[14, 14, 13, 11, 7, 5]: No covers found on full search.
[14, 14, 13, 11, 7, 4]
[14, 14, 13, 11, 7, 4]: No covers found on full search.
[14, 14, 13, 11, 7, 3]
[14, 14, 13, 11, 7, 3]: No covers found on full search.
[14, 14, 13, 11, 7, 2]
[14, 14, 13, 11, 7, 2]: No covers found on full search.
[15, 15, 15, 15, 15, 15]
Covers of type [15, 15, 15, 15, 15, 15] cannot fill the first row with enough non-zero entries.
[15, 15, 15, 15, 15, 14]
Covers of type [15, 15, 15, 15, 15, 14] cannot fill the first row with enough non-zero entries.
[15, 15, 15, 15, 15, 13]
Covers of type [15, 15, 15, 15, 15, 13] cannot fill the first row with enough non-zero entries.
[15, 15, 15, 15, 15, 12]
Covers of type [15, 15, 15, 15, 15, 12] cannot fill the first row with enough non-zero entries.
[15, 15, 15, 15, 15, 11]
Covers of type [15, 15, 15, 15, 15, 11] cannot fill the first row with enough non-zero entries.
[15, 15, 15, 15, 14, 14]
Covers of type [15, 15, 15, 15, 14, 14] cannot fill the first row with enough non-zero entries.
[15, 15, 15, 15, 14, 13]
Covers of type [15, 15, 15, 15, 14, 13] cannot fill the first row with enough non-zero entries.
[15, 15, 15, 15, 14, 12]
Covers of type [15, 15, 15, 15, 14, 12] cannot fill the first row with enough non-zero entries.
[15, 15, 15, 15, 14, 11]
Covers of type [15, 15, 15, 15, 14, 11] cannot fill the first row with enough non-zero entries.
[15, 15, 15, 15, 14, 10]
Covers of type [15, 15, 15, 15, 14, 10] cannot fill the first row with enough non-zero entries.
[15, 15, 15, 15, 13, 13]
Covers of type [15, 15, 15, 15, 13, 13] cannot fill the first row with enough non-zero entries.
[15, 15, 15, 15, 13, 12]
Covers of type [15, 15, 15, 15, 13, 12] cannot fill the first row with enough non-zero entries.
[15, 15, 15, 15, 13, 11]
Covers of type [15, 15, 15, 15, 13, 11] cannot fill the first row with enough non-zero entries.
[15, 15, 15, 15, 13, 10]
Covers of type [15, 15, 15, 15, 13, 10] cannot fill the first row with enough non-zero entries.
[15, 15, 15, 15, 13, 9]
Covers of type [15, 15, 15, 15, 13, 9] cannot fill the first row with enough non-zero entries.
[15, 15, 15, 15, 12, 12]
Covers of type [15, 15, 15, 15, 12, 12] cannot fill the first row with enough non-zero entries.
[15, 15, 15, 15, 12, 11]
Covers of type [15, 15, 15, 15, 12, 11] cannot fill the first row with enough non-zero entries.
[15, 15, 15, 15, 12, 10]
Covers of type [15, 15, 15, 15, 12, 10] cannot fill the first row with enough non-zero entries.
[18, 18, 18, 17, 14, 11]
[18, 18, 18, 17, 14, 11]: No covers found on full search.
[18, 18, 18, 17, 14, 10]
[18, 18, 18, 17, 14, 10]: No covers found on full search.
[18, 18, 18, 17, 14, 9]
[18, 18, 18, 17, 14, 9]: No covers found on full search.
[18, 18, 18, 16, 16, 16]
Covers of type [18, 18, 18, 16, 16, 16] cannot fill the first row with enough non-zero entries.
[18, 18, 18, 16, 16, 15]
Covers of type [18, 18, 18, 16, 16, 15] cannot fill the first row with enough non-zero entries.
[18, 18, 18, 16, 16, 14]
Covers of type [18, 18, 18, 16, 16, 14] cannot fill the first row with enough non-zero entries.
[18, 18, 18, 16, 16, 13]
Covers of type [18, 18, 18, 16, 16, 13] cannot fill the first row with enough non-zero entries.
[18, 18, 18, 16, 16, 12]
Covers of type [18, 18, 18, 16, 16, 12] cannot fill the first row with enough non-zero entries.
[18, 18, 18, 16, 16, 11]
Covers of type [18, 18, 18, 16, 16, 11] cannot fill the first row with enough non-zero entries.
[18, 18, 18, 16, 16, 10]
[18, 18, 18, 16, 16, 10]: No covers found on full search.
[18, 18, 18, 16, 15, 15]
Covers of type [18, 18, 18, 16, 15, 15] cannot fill the first row with enough non-zero entries.
[18, 18, 18, 16, 15, 14]
Covers of type [18, 18, 18, 16, 15, 14] cannot fill the first row with enough non-zero entries.
[18, 18, 18, 16, 15, 13]
Covers of type [18, 18, 18, 16, 15, 13] cannot fill the first row with enough non-zero entries.
[18, 18, 18, 16, 15, 12]
Covers of type [18, 18, 18, 16, 15, 12] cannot fill the first row with enough non-zero entries.
[18, 18, 18, 16, 15, 11]
[18, 18, 18, 16, 15, 11]: No covers found on full search.
[18, 18, 18, 16, 15, 10]
[18, 18, 18, 16, 15, 10]: No covers found on full search.
[18, 18, 18, 16, 15, 9]
[18, 18, 18, 16, 15, 9]: No covers found on full search.
[18, 18, 18, 16, 14, 14]
Covers of type [18, 18, 18, 16, 14, 14] cannot fill the first row with enough non-zero entries.
[18, 18, 18, 16, 14, 13]
Covers of type [18, 18, 18, 16, 14, 13] cannot fill the first row with enough non-zero entries.
